tconst,frame,cohort,stratum_pop,N_stratum,n_stratum,design_weight,wikidata_ids,year,genre_main,genres,pop_tier,in_popular_universe,us_only,n_countries,synopsis_source,synopsis_revision_url,synopsis_heading,synopsis_retrieved_at,synopsis_license,synopsis_words,synopsis_status
tt0083190,popular,1980-1989,top,500,6,83.33333333333333,Q1193098,1981,Acción/aventura,"Action,Crime,Drama",3,True,True,1.0,enwiki dump 20260901,https://en.wikipedia.org/w/index.php?oldid=1364120868,Plot,2026-09-29T11:43:44Z,CC BY-SA 4.0,570,ok
tt0093894,popular,1980-1989,top,500,6,83.33333333333333,Q1058512,1987,Acción/aventura,"Action,Sci-Fi,Thriller",3,True,True,1.0,enwiki dump 20260901,https://en.wikipedia.org/w/index.php?oldid=1371107732,Plot,2026-09-29T11:43:58Z,CC BY-SA 4.0,557,ok
tt0084805,popular,1980-1989,top,500,6,83.33333333333333,Q221249,1982,Comedia,"Comedy,Drama,Romance",3,True,True,1.0,enwiki dump 20260901,https://en.wikipedia.org/w/index.php?oldid=1369353323,Plot,2026-09-29T11:43:46Z,CC BY-SA 4.0,589,ok
tt0086637,popular,1980-1989,top,500,6,83.33333333333333,Q187423,1983,Comedia,Comedy,3,True,True,1.0,enwiki dump 20260901,https://en.wikipedia.org/w/index.php?oldid=1371990349,Plot,2026-09-29T11:43:48Z,CC BY-SA 4.0,335,ok
tt0086969,popular,1980-1989,top,500,6,83.33333333333333,Q700725,1984,Drama,"Drama,War",3,True,True,1.0,enwiki dump 20260901,https://en.wikipedia.org/w/index.php?oldid=1372511668,Plot,2026-09-29T11:43:49Z,CC BY-SA 4.0,594,ok
tt0089173,popular,1980-1989,top,500,6,83.33333333333333,Q286830,1985,Terror,"Horror,Mystery,Thriller",3,True,True,1.0,enwiki dump 20260901,https://en.wikipedia.org/w/index.php?oldid=1368885975,Plot,2026-09-29T11:43:52Z,CC BY-SA 4.0,592,ok
tt0107206,popular,1990-1999,top,500,6,83.33333333333333,Q427386,1993,Acción/aventura,"Action,Crime,Drama",3,True,True,1.0,enwiki dump 20260901,https://en.wikipedia.org/w/index.php?oldid=1365934992,Plot,2026-09-29T11:44:10Z,CC BY-SA 4.0,746,ok
tt0113497,popular,1990-1999,top,500,6,83.33333333333333,Q222939,1995,Acción/aventura,"Adventure,Comedy,Family",3,True,True,1.0,enwiki dump 20260901,https://en.wikipedia.org/w/index.php?oldid=1370114676,Plot,2026-09-29T11:44:15Z,CC BY-SA 4.0,679,ok
tt0119137,popular,1990-1999,top,500,6,83.33333333333333,Q1325217,1997,Ciencia ficción/fantasía,"Comedy,Family,Sci-Fi",3,True,True,1.0,enwiki dump 20260901,https://en.wikipedia.org/w/index.php?oldid=1369332328,Plot,2026-09-29T11:44:20Z,CC BY-SA 4.0,533,ok
tt0108160,popular,1990-1999,top,500,6,83.33333333333333,Q107167,1993,Comedia,"Comedy,Drama,Romance",3,True,True,1.0,enwiki dump 20260901,https://en.wikipedia.org/w/index.php?oldid=1372514798,Plot,2026-09-29T11:44:11Z,CC BY-SA 4.0,550,ok
tt0119081,popular,1990-1999,top,500,6,83.33333333333333,Q849162,1997,Terror,"Horror,Sci-Fi,Thriller",3,True,False,2.0,enwiki dump 20260901,https://en.wikipedia.org/w/index.php?oldid=1372797154,Plot,2026-09-29T11:44:20Z,CC BY-SA 4.0,751,ok
tt0116922,popular,1990-1999,top,500,6,83.33333333333333,Q289204,1997,Thriller/crimen,"Drama,Mystery,Thriller",3,True,False,2.0,enwiki dump 20260901,https://en.wikipedia.org/w/index.php?oldid=1371934900,Plot,2026-09-29T11:44:18Z,CC BY-SA 4.0,668,ok
tt0213149,popular,2000-2009,top,500,6,83.33333333333333,Q194413,2001,Acción/aventura,"Action,Drama,Romance",3,True,True,1.0,enwiki dump 20260901,https://en.wikipedia.org/w/index.php?oldid=1363387441,Plot,2026-09-29T11:44:30Z,CC BY-SA 4.0,586,ok
tt0121766,popular,2000-2009,top,500,6,83.33333333333333,Q42051,2005,Acción/aventura,"Action,Adventure,Fantasy",3,True,True,1.0,enwiki dump 20260901,https://en.wikipedia.org/w/index.php?oldid=1372133173,Plot,2026-09-29T11:44:24Z,CC BY-SA 4.0,607,ok
tt0327597,popular,2000-2009,top,500,6,83.33333333333333,Q632668,2009,Animación,"Animation,Drama,Family",3,True,True,1.0,enwiki dump 20260901,https://en.wikipedia.org/w/index.php?oldid=1372501839,Plot,2026-09-29T11:44:37Z,CC BY-SA 4.0,698,ok
tt0427944,popular,2000-2009,top,500,6,83.33333333333333,Q840872,2005,Comedia,"Comedy,Drama",3,True,True,1.0,enwiki dump 20260901,https://en.wikipedia.org/w/index.php?oldid=1360371316,Plot,2026-09-29T11:44:43Z,CC BY-SA 4.0,623,ok
tt1179904,popular,2000-2009,top,500,6,83.33333333333333,Q381028,2007,Terror,"Horror,Mystery",3,True,True,1.0,enwiki dump 20260901,https://en.wikipedia.org/w/index.php?oldid=1368621804,Plot,2026-09-29T11:44:53Z,CC BY-SA 4.0,866,ok
tt0385002,popular,2000-2009,top,500,6,83.33333333333333,Q1133132,2005,Thriller/crimen,"Crime,Drama,Sport",3,True,False,2.0,enwiki dump 20260901,https://en.wikipedia.org/w/index.php?oldid=1366692519,Plot,2026-09-29T11:44:41Z,CC BY-SA 4.0,806,ok
tt1855199,popular,2010-2019,top,500,6,83.33333333333333,Q497262,2012,Acción/aventura,"Action,Crime,Drama",3,True,True,1.0,enwiki dump 20260901,https://en.wikipedia.org/w/index.php?oldid=1370792109,Plot,2026-09-29T11:45:03Z,CC BY-SA 4.0,565,ok
tt2704998,popular,2010-2019,top,500,6,83.33333333333333,Q30011713,2018,Acción/aventura,"Action,Adventure,Comedy",3,True,True,1.0,enwiki dump 20260901,https://en.wikipedia.org/w/index.php?oldid=1371416509,Plot,2026-09-29T11:45:08Z,CC BY-SA 4.0,707,ok
tt3183660,popular,2010-2019,top,500,6,83.33333333333333,Q18199330,2016,Acción/aventura,"Adventure,Family,Fantasy",3,True,False,2.0,enwiki dump 20260901,https://en.wikipedia.org/w/index.php?oldid=1369674914,Plot,2026-09-29T11:45:09Z,CC BY-SA 4.0,769,ok
tt3470600,popular,2010-2019,top,500,6,83.33333333333333,Q20762698,2016,Animación,"Animation,Comedy,Family",3,True,True,1.0,enwiki dump 20260901,https://en.wikipedia.org/w/index.php?oldid=1372672316,Plot,2026-09-29T11:45:10Z,CC BY-SA 4.0,696,ok
tt1065073,popular,2010-2019,top,500,6,83.33333333333333,Q4103201,2014,Comedia,"Comedy,Drama",3,True,True,1.0,enwiki dump 20260901,https://en.wikipedia.org/w/index.php?oldid=1371916445,Plot,2026-09-29T11:44:50Z,CC BY-SA 4.0,732,ok
tt1428538,popular,2010-2019,top,500,6,83.33333333333333,Q498287,2013,Terror,"Action,Fantasy,Horror",3,True,False,2.0,enwiki dump 20260901,https://en.wikipedia.org/w/index.php?oldid=1368974127,Plot,2026-09-29T11:44:57Z,CC BY-SA 4.0,673,ok
tt7097896,popular,2020-2024,top,250,6,41.666666666666664,Q60498064,2021,Acción/aventura,"Action,Adventure,Crime",3,True,True,1.0,enwiki dump 20260901,https://en.wikipedia.org/w/index.php?oldid=1368034147,Plot,2026-09-29T11:45:18Z,CC BY-SA 4.0,477,ok
tt3420504,popular,2020-2024,top,250,6,41.666666666666664,Q55605492,2021,Acción/aventura,"Adventure,Drama,Sci-Fi",3,True,True,1.0,enwiki dump 20260901,https://en.wikipedia.org/w/index.php?oldid=1365741659,Plot,2026-09-29T11:45:10Z,CC BY-SA 4.0,440,ok
tt10838180,popular,2020-2024,top,250,6,41.666666666666664,Q80322391,2021,Acción/aventura,"Action,Sci-Fi",3,True,True,1.0,enwiki dump 20260901,https://en.wikipedia.org/w/index.php?oldid=1372111295,Plot,2026-09-29T11:44:50Z,CC BY-SA 4.0,807,ok
tt14849194,popular,2020-2024,top,250,6,41.666666666666664,Q112114745,2023,Comedia,"Comedy,Drama",3,True,True,1.0,enwiki dump 20260901,https://en.wikipedia.org/w/index.php?oldid=1362380768,Plot,2026-09-29T11:44:59Z,CC BY-SA 4.0,757,ok
tt29268110,popular,2020-2024,top,250,6,41.666666666666664,Q123472063,2024,Terror,"Horror,Mystery,Thriller",3,True,True,1.0,enwiki dump 20260901,https://en.wikipedia.org/w/index.php?oldid=1371616388,Plot,2026-09-29T11:45:08Z,CC BY-SA 4.0,658,ok
tt10016180,popular,2020-2024,top,250,6,41.666666666666664,Q70373108,2021,Thriller/crimen,"Crime,Mystery,Thriller",3,True,True,1.0,enwiki dump 20260901,https://en.wikipedia.org/w/index.php?oldid=1360711154,Plot,2026-09-29T11:44:48Z,CC BY-SA 4.0,690,ok
tt0089271,amplio,1980-1989,T1,601,2,300.5,Q1210829,1985,Acción/aventura,"Adventure,Fantasy",1,False,False,2.0,enwiki dump 20260901,https://en.wikipedia.org/w/index.php?oldid=1362456765,Summary,2026-09-29T11:43:52Z,CC BY-SA 4.0,542,ok
tt0083670,amplio,1980-1989,T1,601,2,300.5,Q4931417,1982,Terror,"Comedy,Horror",1,False,True,1.0,enwiki dump 20260901,https://en.wikipedia.org/w/index.php?oldid=1371402621,Plot,2026-09-29T11:43:44Z,CC BY-SA 4.0,583,ok
tt0086340,amplio,1980-1989,T2,606,1,606.0,Q7563361,1982,Acción/aventura,"Action,Adventure,Fantasy",2,False,False,2.0,enwiki dump 20260901,https://en.wikipedia.org/w/index.php?oldid=1355331415,Plot,2026-09-29T11:43:48Z,CC BY-SA 4.0,595,ok
tt0091557,amplio,1980-1989,T3,610,1,610.0,Q1479291,1986,Acción/aventura,"Adventure,Drama,Thriller",3,True,True,1.0,enwiki dump 20260901,https://en.wikipedia.org/w/index.php?oldid=1367688188,Plot,2026-09-29T11:43:54Z,CC BY-SA 4.0,682,ok
tt0103303,amplio,1990-1999,T1,786,2,393.0,Q2165092,1991,Acción/aventura,"Action,Romance,Thriller",1,False,True,1.0,enwiki dump 20260901,https://en.wikipedia.org/w/index.php?oldid=1357450061,Plot,2026-09-29T11:44:06Z,CC BY-SA 4.0,437,ok
tt0119019,amplio,1990-1999,T1,786,2,393.0,Q5306524,1997,Comedia,"Comedy,Drama",1,False,True,1.0,enwiki dump 20260901,https://en.wikipedia.org/w/index.php?oldid=1368150680,Plot,2026-09-29T11:44:20Z,CC BY-SA 4.0,413,ok
tt0116823,amplio,1990-1999,T2,790,1,790.0,Q1218039,1996,Comedia,"Comedy,Family",2,False,True,1.0,enwiki dump 20260901,https://en.wikipedia.org/w/index.php?oldid=1363552828,Plot,2026-09-29T11:44:18Z,CC BY-SA 4.0,851,ok
tt0116213,amplio,1990-1999,T3,792,1,792.0,Q370326,1996,Acción/aventura,"Action,Crime,Thriller",3,True,True,1.0,enwiki dump 20260901,https://en.wikipedia.org/w/index.php?oldid=1364069952,Plot,2026-09-29T11:44:17Z,CC BY-SA 4.0,512,ok
tt1018830,amplio,2000-2009,T1,1108,2,554.0,Q8055085,2008,Comedia,"Comedy,Crime,Thriller",1,False,True,1.0,enwiki dump 20260901,https://en.wikipedia.org/w/index.php?oldid=1368480697,Plot,2026-09-29T11:44:49Z,CC BY-SA 4.0,575,ok
tt0218067,amplio,2000-2009,T1,1108,2,554.0,Q1915354,2000,Terror,"Horror,Thriller",1,False,False,2.0,enwiki dump 20260901,https://en.wikipedia.org/w/index.php?oldid=1367543335,Plot,2026-09-29T11:44:30Z,CC BY-SA 4.0,202,ok
tt0361620,amplio,2000-2009,T2,1111,1,1111.0,Q997850,2004,Comedia,"Comedy,Drama,Romance",2,False,True,1.0,enwiki dump 20260901,https://en.wikipedia.org/w/index.php?oldid=1361827950,Plot,2026-09-29T11:44:39Z,CC BY-SA 4.0,495,ok
tt1259571,amplio,2000-2009,T3,1113,1,1113.0,Q116928,2009,Acción/aventura,"Adventure,Drama,Fantasy",3,True,True,1.0,enwiki dump 20260901,https://en.wikipedia.org/w/index.php?oldid=1372861560,Plot,2026-09-29T11:44:55Z,CC BY-SA 4.0,570,ok
tt1251743,amplio,2010-2019,T1,1498,2,749.0,Q3544111,2011,Comedia,"Comedy,Crime,Drama",1,False,True,1.0,enwiki dump 20260901,https://en.wikipedia.org/w/index.php?oldid=1367800292,Plot,2026-09-29T11:44:54Z,CC BY-SA 4.0,977,ok
tt4058836,amplio,2010-2019,T1,1498,2,749.0,Q26252685,2019,Terror,"Horror,Thriller",1,False,True,1.0,enwiki dump 20260901,https://en.wikipedia.org/w/index.php?oldid=1360245185,Plot,2026-09-29T11:45:12Z,CC BY-SA 4.0,846,ok
tt9860728,amplio,2010-2019,T2,1501,1,1501.0,Q65924930,2019,Comedia,"Comedy,Romance",2,False,True,1.0,enwiki dump 20260901,https://en.wikipedia.org/w/index.php?oldid=1342001090,Plot,2026-09-29T11:45:26Z,CC BY-SA 4.0,630,ok
tt0970179,amplio,2010-2019,T3,1504,1,1504.0,Q206576,2011,Acción/aventura,"Adventure,Drama,Family",3,True,False,2.0,enwiki dump 20260901,https://en.wikipedia.org/w/index.php?oldid=1371787188,Plot,2026-09-29T11:44:48Z,CC BY-SA 4.0,675,ok
tt11952606,amplio,2020-2024,T1,641,2,320.5,Q106706908,2022,Comedia,Comedy,1,False,True,1.0,enwiki dump 20260901,https://en.wikipedia.org/w/index.php?oldid=1361114796,Plot,2026-09-29T11:44:54Z,CC BY-SA 4.0,578,ok
tt14556184,amplio,2020-2024,T1,641,2,320.5,Q107324142,2021,Terror,"Drama,Horror,Thriller",1,False,True,1.0,enwiki dump 20260901,https://en.wikipedia.org/w/index.php?oldid=1345474695,Plot,2026-09-29T11:44:58Z,CC BY-SA 4.0,480,ok
tt21469794,amplio,2020-2024,T2,644,1,644.0,Q125883403,2024,Comedia,Comedy,2,False,True,1.0,enwiki dump 20260901,https://en.wikipedia.org/w/index.php?oldid=1366727627,Plot,2026-09-29T11:45:05Z,CC BY-SA 4.0,486,ok
tt3758814,amplio,2020-2024,T3,645,1,645.0,Q104681809,2021,Acción/aventura,"Action,Adventure,Thriller",3,False,True,1.0,enwiki dump 20260901,https://en.wikipedia.org/w/index.php?oldid=1364090434,Plot,2026-09-29T11:45:11Z,CC BY-SA 4.0,719,ok
