tconst,primaryTitle,originalTitle,year,cohort,genres,genre_main,numVotes,averageRating,votes_rank_in_year,countries,us_only,enwiki_url,country_frame,synopsis_wiki,eswiki_url,in_v1,has_synopsis
tt0089457,Ladyhawke,Ladyhawke,1985,1980-1989,"Adventure,Comedy,Drama",Acción/aventura,55937,6.9,29,Q30|Q38,False,https://en.wikipedia.org/wiki/Ladyhawke_(film),US,en,,False,True
tt0088161,Splash,Splash,1984,1980-1989,"Comedy,Fantasy,Romance",Ciencia ficción/fantasía,89357,6.3,19,Q30,True,https://en.wikipedia.org/wiki/Splash_(film),US,en,,False,True
tt0088194,Streets of Fire,Streets of Fire,1984,1980-1989,"Action,Crime,Drama",Acción/aventura,27909,6.7,38,Q30,True,https://en.wikipedia.org/wiki/Streets_of_Fire,US,en,,False,True
tt0129167,The Iron Giant,The Iron Giant,1999,1990-1999,"Action,Adventure,Animation",Animación,266049,8.1,20,Q30,True,https://en.wikipedia.org/wiki/The_Iron_Giant,US,en,,False,True
tt0137494,Entrapment,Entrapment,1999,1990-1999,"Action,Crime,Romance",Acción/aventura,130828,6.3,45,Q145|Q183|Q30,False,https://en.wikipedia.org/wiki/Entrapment_(film),US,en,,False,True
tt0120873,U.S. Marshals,U.S. Marshals,1998,1990-1999,"Action,Crime,Thriller",Acción/aventura,121414,6.6,40,Q30,True,https://en.wikipedia.org/wiki/U.S._Marshals_(film),US,en,,False,True
tt0223897,Pay It Forward,Pay It Forward,2000,2000-2009,Drama,Drama,128519,7.2,44,Q30,True,https://en.wikipedia.org/wiki/Pay_It_Forward_(film),US,en,,False,True
tt0486576,Fantastic Four: Rise of the Silver Surfer,4: Rise of the Silver Surfer,2007,2000-2009,"Action,Adventure,Fantasy",Acción/aventura,303395,5.6,27,Q145|Q183|Q30,False,https://en.wikipedia.org/wiki/Fantastic_Four:_Rise_of_the_Silver_Surfer,US,en,,False,True
tt0469494,There Will Be Blood,There Will Be Blood,2007,2000-2009,Drama,Drama,720275,8.2,7,Q30,True,https://en.wikipedia.org/wiki/There_Will_Be_Blood,US,en,,False,True
tt0473075,Prince of Persia: The Sands of Time,Prince of Persia: The Sands of Time,2010,2010-2019,"Action,Adventure,Fantasy",Acción/aventura,320020,6.5,27,Q30,True,https://en.wikipedia.org/wiki/Prince_of_Persia:_The_Sands_of_Time_(film),US,en,,False,True
tt2582802,Whiplash,Whiplash,2014,2010-2019,"Drama,Music",Drama,1184084,8.5,4,Q30,True,https://en.wikipedia.org/wiki/Whiplash_(2014_film),US,en,,False,True
tt1133985,Green Lantern,Green Lantern,2011,2010-2019,"Action,Adventure,Sci-Fi",Acción/aventura,313072,5.5,33,Q30,True,https://en.wikipedia.org/wiki/Green_Lantern_(film),US,en,,False,True
tt9466114,The Idea of You,The Idea of You,2024,2020-2024,"Comedy,Drama,Music",Comedia,90131,6.3,50,Q30,True,https://en.wikipedia.org/wiki/The_Idea_of_You,US,en,,False,True
tt0993840,Army of the Dead,Army of the Dead,2021,2020-2024,"Action,Adventure,Crime",Acción/aventura,203194,5.8,28,Q30,True,https://en.wikipedia.org/wiki/Army_of_the_Dead,US,en,,False,True
tt12037194,Furiosa: A Mad Max Saga,Furiosa: A Mad Max Saga,2024,2020-2024,"Action,Adventure,Sci-Fi",Acción/aventura,328170,7.4,4,Q30|Q408,False,https://en.wikipedia.org/wiki/Furiosa:_A_Mad_Max_Saga,US,en,,False,True
tt0083291,Mad Foxes,Los violadores,1981,1980-1989,"Action,Crime,Thriller",Acción/aventura,1200,5.1,7,Q29|Q39,False,https://en.wikipedia.org/wiki/Mad_Foxes,ES,en,,False,True
tt0094773,The Lion's Den,La boca del lobo,1988,1980-1989,"Action,Drama,War",Acción/aventura,822,7.5,5,Q29|Q419,False,https://en.wikipedia.org/wiki/The_Mouth_of_the_Wolf_(1988_film),ES,es,https://es.wikipedia.org/wiki/La_boca_del_lobo,False,True
tt0090679,Year of Enlightment,El año de las luces,1986,1980-1989,"Comedy,Drama,History",Comedia,1219,6.8,5,Q29,False,https://en.wikipedia.org/wiki/Year_of_Enlightment,ES,en,https://es.wikipedia.org/wiki/El_a%C3%B1o_de_las_luces,False,True
tt0158030,The Girl of Your Dreams,La niña de tus ojos,1998,1990-1999,"Comedy,Drama",Comedia,4781,6.7,5,Q29,False,https://en.wikipedia.org/wiki/The_Girl_of_Your_Dreams,ES,es,https://es.wikipedia.org/wiki/La_ni%C3%B1a_de_tus_ojos,False,True
tt0119623,Marquise,Marquise,1997,1990-1999,"Comedy,Drama,History",Comedia,1691,5.9,9,Q142|Q29|Q38|Q39,False,https://en.wikipedia.org/wiki/Marquise_(film),ES,en,https://es.wikipedia.org/wiki/Marquise_(pel%C3%ADcula),False,True
tt0115950,Things I Never Told You,Cosas que nunca te dije,1996,1990-1999,"Comedy,Drama,Romance",Comedia,1729,6.7,8,Q29|Q30,False,https://en.wikipedia.org/wiki/Things_I_Never_Told_You,ES,en,https://es.wikipedia.org/wiki/Cosas_que_nunca_te_dije,False,True
tt0318523,Red Bear,Un oso rojo,2002,2000-2009,"Crime,Drama,Thriller",Thriller/crimen,2706,7.2,17,Q142|Q29|Q414,False,https://en.wikipedia.org/wiki/Un_oso_rojo,ES,es,https://es.wikipedia.org/wiki/Un_oso_rojo,False,True
tt0381392,Ma mère,Ma mère,2004,2000-2009,"Drama,Romance",Romance,8409,4.9,9,Q142|Q29|Q40|Q45,False,https://en.wikipedia.org/wiki/Ma_M%C3%A8re,ES,es,https://es.wikipedia.org/wiki/Mi_madre,False,True
tt0443584,Melissa P.,Melissa P.,2005,2000-2009,Drama,Drama,7753,4.7,6,Q29|Q38,False,https://en.wikipedia.org/wiki/Melissa_P._(film),ES,en,https://es.wikipedia.org/wiki/Melissa_P.,False,True
tt2955316,Spanish Affair,Ocho apellidos vascos,2014,2010-2019,"Comedy,Romance",Comedia,20020,6.5,9,Q29,False,https://en.wikipedia.org/wiki/Spanish_Affair_(2014_film),ES,es,https://es.wikipedia.org/wiki/Ocho_apellidos_vascos,False,True
tt1854513,Snow White,Blancanieves,2012,2010-2019,"Drama,Fantasy",Ciencia ficción/fantasía,12230,7.5,12,Q142|Q29,False,https://en.wikipedia.org/wiki/Blancanieves,ES,es,https://es.wikipedia.org/wiki/Blancanieves_(pel%C3%ADcula_de_2012),False,True
tt2278871,Blue Is the Warmest Colour,La Vie d'Adèle: Chapitres 1 et 2,2013,2010-2019,"Drama,Romance",Romance,174863,7.6,4,Q142|Q29|Q31,False,https://en.wikipedia.org/wiki/Blue_Is_the_Warmest_Colour,ES,es,https://es.wikipedia.org/wiki/La_vida_de_Ad%C3%A8le,False,True
tt11698662,Sounds Like Love,Fuimos canciones,2021,2020-2024,"Comedy,Music,Romance",Comedia,3104,5.4,16,Q29,False,https://en.wikipedia.org/wiki/Sounds_Like_Love_(film),ES,es,https://es.wikipedia.org/wiki/Fuimos_canciones,False,True
tt9345754,The Occupant,Hogar,2020,2020-2024,"Drama,Thriller",Thriller/crimen,21908,6.4,1,Q29,False,https://en.wikipedia.org/wiki/The_Occupant,ES,es,https://es.wikipedia.org/wiki/Hogar_(pel%C3%ADcula_espa%C3%B1ola),False,True
tt15977250,Under Therapy,Bajo terapia,2023,2020-2024,"Comedy,Drama",Comedia,3126,6.8,22,Q29,False,https://en.wikipedia.org/wiki/Under_Therapy,ES,es,https://es.wikipedia.org/wiki/Bajo_terapia,False,True
