modelo,resultado,cohorte,estimacion,coef_logit,coef_lo,coef_hi,n
genero+popularidad,"feliz (AME, pp)",1980-1989,-0.0312,-0.1643,-0.4499,0.1214,2243
genero+popularidad,"feliz (AME, pp)",2000-2009,-0.0785,-0.4029,-0.6866,-0.1192,2243
genero+popularidad,"feliz (AME, pp)",2010-2019,-0.0737,-0.3790,-0.6671,-0.0909,2243
genero+popularidad,"feliz (AME, pp)",2020-2024,-0.1104,-0.5587,-0.9029,-0.2145,2243
genero+popularidad,optimismo personajes (puntos),1980-1989,-0.0163,,-0.1219,0.0893,2243
genero+popularidad,optimismo personajes (puntos),2000-2009,-0.0538,,-0.1586,0.0511,2243
genero+popularidad,optimismo personajes (puntos),2010-2019,0.0018,,-0.0999,0.1035,2243
genero+popularidad,optimismo personajes (puntos),2020-2024,-0.1193,,-0.2488,0.0102,2243
+protagonista y trama,"feliz (AME, pp)",1980-1989,-0.0206,-0.1238,-0.4347,0.1871,2243
+protagonista y trama,"feliz (AME, pp)",2000-2009,-0.0563,-0.3333,-0.6433,-0.0233,2243
+protagonista y trama,"feliz (AME, pp)",2010-2019,-0.0386,-0.2304,-0.5434,0.0826,2243
+protagonista y trama,"feliz (AME, pp)",2020-2024,-0.0904,-0.5293,-0.9072,-0.1515,2243
+protagonista y trama,optimismo personajes (puntos),1980-1989,-0.0050,,-0.1020,0.0920,2243
+protagonista y trama,optimismo personajes (puntos),2000-2009,-0.0072,,-0.1034,0.0889,2243
+protagonista y trama,optimismo personajes (puntos),2010-2019,0.0297,,-0.0663,0.1257,2243
+protagonista y trama,optimismo personajes (puntos),2020-2024,-0.1173,,-0.2389,0.0044,2243
