country_frame,cohorte,vs,variable,diferencia,lo,hi,n1,n0
ES,1980-1989,1990-1999,feliz,-0.0479,-0.1911,0.0963,78,97
ES,1980-1989,1990-1999,tragico,0.0044,-0.1520,0.1730,78,97
ES,1980-1989,1990-1999,optimismo,-0.2593,-0.5327,0.0214,78,97
ES,1980-1989,1990-1999,tono,-0.3034,-0.6193,0.0172,78,97
ES,1980-1989,1990-1999,pct_optimistas,-0.1513,-0.2891,-0.0124,78,97
ES,1980-1989,1990-1999,vision,-0.3801,-0.6981,-0.0596,78,97
ES,1980-1989,1990-1999,no_feliz_optimista,-0.1760,-0.3021,-0.0489,78,97
ES,2000-2009,1990-1999,feliz,0.0281,-0.1135,0.1651,149,97
ES,2000-2009,1990-1999,tragico,-0.0325,-0.1694,0.1138,149,97
ES,2000-2009,1990-1999,optimismo,0.1465,-0.0985,0.3860,149,97
ES,2000-2009,1990-1999,tono,0.0207,-0.2430,0.2969,149,97
ES,2000-2009,1990-1999,pct_optimistas,0.0379,-0.0949,0.1700,149,97
ES,2000-2009,1990-1999,vision,0.0811,-0.2286,0.3829,149,97
ES,2000-2009,1990-1999,no_feliz_optimista,-0.0686,-0.2056,0.0680,149,97
ES,2010-2019,1990-1999,feliz,0.1215,-0.0218,0.2586,150,97
ES,2010-2019,1990-1999,tragico,-0.1246,-0.2600,0.0086,150,97
ES,2010-2019,1990-1999,optimismo,0.0418,-0.2006,0.2754,150,97
ES,2010-2019,1990-1999,tono,-0.1034,-0.3793,0.1789,150,97
ES,2010-2019,1990-1999,pct_optimistas,-0.0060,-0.1325,0.1194,150,97
ES,2010-2019,1990-1999,vision,0.3148,0.0229,0.5984,150,97
ES,2010-2019,1990-1999,no_feliz_optimista,-0.1356,-0.2649,-0.0125,150,97
ES,2020-2025,1990-1999,feliz,0.1618,-0.0098,0.3182,84,97
ES,2020-2025,1990-1999,tragico,-0.1408,-0.2820,0.0127,84,97
ES,2020-2025,1990-1999,optimismo,0.0886,-0.1750,0.3571,84,97
ES,2020-2025,1990-1999,tono,-0.1485,-0.4746,0.1671,84,97
ES,2020-2025,1990-1999,pct_optimistas,0.0168,-0.1281,0.1624,84,97
ES,2020-2025,1990-1999,vision,0.3941,0.0503,0.7392,84,97
ES,2020-2025,1990-1999,no_feliz_optimista,-0.1276,-0.2659,0.0108,84,97
ES,2010-2025,1990-1999,feliz,0.1349,0.0093,0.2590,234,97
ES,2010-2025,1990-1999,tragico,-0.1300,-0.2576,-0.0034,234,97
ES,2010-2025,1990-1999,optimismo,0.0585,-0.1573,0.2826,234,97
ES,2010-2025,1990-1999,tono,-0.1194,-0.3696,0.1362,234,97
ES,2010-2025,1990-1999,pct_optimistas,0.0022,-0.1138,0.1191,234,97
ES,2010-2025,1990-1999,vision,0.3415,0.0756,0.6103,234,97
ES,2010-2025,1990-1999,no_feliz_optimista,-0.1329,-0.2551,-0.0161,234,97
US,1980-1989,1990-1999,feliz,-0.0542,-0.1145,0.0060,498,499
US,1980-1989,1990-1999,tragico,0.0261,-0.0080,0.0622,498,499
US,1980-1989,1990-1999,optimismo,-0.0714,-0.1928,0.0500,498,499
US,1980-1989,1990-1999,tono,-0.0885,-0.2419,0.0650,498,499
US,1980-1989,1990-1999,pct_optimistas,-0.0590,-0.1192,0.0012,498,499
US,1980-1989,1990-1999,vision,-0.2125,-0.3347,-0.0879,498,499
US,1980-1989,1990-1999,no_feliz_optimista,-0.0100,-0.0482,0.0281,498,499
US,2000-2009,1990-1999,feliz,-0.0635,-0.1217,-0.0033,499,499
US,2000-2009,1990-1999,tragico,0.0059,-0.0262,0.0380,499,499
US,2000-2009,1990-1999,optimismo,-0.0281,-0.1503,0.0902,499,499
US,2000-2009,1990-1999,tono,-0.0802,-0.2335,0.0731,499,499
US,2000-2009,1990-1999,pct_optimistas,-0.0421,-0.1022,0.0160,499,499
US,2000-2009,1990-1999,vision,-0.0520,-0.1697,0.0630,499,499
US,2000-2009,1990-1999,no_feliz_optimista,0.0038,-0.0363,0.0439,499,499
US,2010-2019,1990-1999,feliz,-0.0407,-0.0989,0.0174,500,499
US,2010-2019,1990-1999,tragico,-0.0183,-0.0484,0.0118,500,499
US,2010-2019,1990-1999,optimismo,0.0751,-0.0361,0.1873,500,499
US,2010-2019,1990-1999,tono,-0.1279,-0.2729,0.0142,500,499
US,2010-2019,1990-1999,pct_optimistas,0.0307,-0.0273,0.0908,500,499
US,2010-2019,1990-1999,vision,0.0950,-0.0128,0.2053,500,499
US,2010-2019,1990-1999,no_feliz_optimista,0.0315,-0.0105,0.0737,500,499
US,2020-2025,1990-1999,feliz,-0.0922,-0.1625,-0.0218,299,499
US,2020-2025,1990-1999,tragico,0.0096,-0.0293,0.0505,299,499
US,2020-2025,1990-1999,optimismo,-0.1476,-0.2849,-0.0104,299,499
US,2020-2025,1990-1999,tono,-0.3884,-0.5468,-0.2246,299,499
US,2020-2025,1990-1999,pct_optimistas,-0.0955,-0.1670,-0.0233,299,499
US,2020-2025,1990-1999,vision,-0.0855,-0.2226,0.0555,299,499
US,2020-2025,1990-1999,no_feliz_optimista,-0.0071,-0.0514,0.0392,299,499
US,2010-2025,1990-1999,feliz,-0.0599,-0.1126,-0.0065,799,499
US,2010-2025,1990-1999,tragico,-0.0079,-0.0377,0.0215,799,499
US,2010-2025,1990-1999,optimismo,-0.0082,-0.1116,0.0995,799,499
US,2010-2025,1990-1999,tono,-0.2254,-0.3532,-0.0963,799,499
US,2010-2025,1990-1999,pct_optimistas,-0.0165,-0.0706,0.0366,799,499
US,2010-2025,1990-1999,vision,0.0276,-0.0715,0.1315,799,499
US,2010-2025,1990-1999,no_feliz_optimista,0.0171,-0.0197,0.0532,799,499
