variable,country_frame,cohort,valor,prop
genero_protagonista,ES,1980-1989,HOMBRE,0.6421
genero_protagonista,ES,1980-1989,MUJER,0.2000
genero_protagonista,ES,1980-1989,MIXTO,0.1579
genero_protagonista,ES,1990-1999,HOMBRE,0.5439
genero_protagonista,ES,1990-1999,MUJER,0.2807
genero_protagonista,ES,1990-1999,MIXTO,0.1579
genero_protagonista,ES,1990-1999,NO_CLARO,0.0088
genero_protagonista,ES,1990-1999,NO_HUMANO,0.0088
genero_protagonista,ES,2000-2009,HOMBRE,0.5467
genero_protagonista,ES,2000-2009,MUJER,0.2733
genero_protagonista,ES,2000-2009,MIXTO,0.1600
genero_protagonista,ES,2000-2009,NO_HUMANO,0.0133
genero_protagonista,ES,2000-2009,NO_CLARO,0.0067
genero_protagonista,ES,2010-2019,HOMBRE,0.6067
genero_protagonista,ES,2010-2019,MUJER,0.2267
genero_protagonista,ES,2010-2019,MIXTO,0.1667
genero_protagonista,ES,2020-2024,HOMBRE,0.4118
genero_protagonista,ES,2020-2024,MUJER,0.3971
genero_protagonista,ES,2020-2024,MIXTO,0.1618
genero_protagonista,ES,2020-2024,NO_HUMANO,0.0294
genero_protagonista,US,1980-1989,HOMBRE,0.6847
genero_protagonista,US,1980-1989,MUJER,0.1486
genero_protagonista,US,1980-1989,MIXTO,0.1345
genero_protagonista,US,1980-1989,NO_HUMANO,0.0301
genero_protagonista,US,1980-1989,NO_CLARO,0.0020
genero_protagonista,US,1990-1999,HOMBRE,0.7355
genero_protagonista,US,1990-1999,MUJER,0.1263
genero_protagonista,US,1990-1999,MIXTO,0.1082
genero_protagonista,US,1990-1999,NO_HUMANO,0.0301
genero_protagonista,US,2000-2009,HOMBRE,0.6633
genero_protagonista,US,2000-2009,MUJER,0.1583
genero_protagonista,US,2000-2009,MIXTO,0.1283
genero_protagonista,US,2000-2009,NO_HUMANO,0.0501
genero_protagonista,US,2010-2019,HOMBRE,0.6240
genero_protagonista,US,2010-2019,MUJER,0.1880
genero_protagonista,US,2010-2019,MIXTO,0.1440
genero_protagonista,US,2010-2019,NO_HUMANO,0.0440
genero_protagonista,US,2020-2024,HOMBRE,0.5181
genero_protagonista,US,2020-2024,MUJER,0.3253
genero_protagonista,US,2020-2024,MIXTO,0.1245
genero_protagonista,US,2020-2024,NO_HUMANO,0.0321
edad_protagonista,ES,1980-1989,ADULTO,0.3263
edad_protagonista,ES,1980-1989,JOVEN,0.3158
edad_protagonista,ES,1980-1989,NO_CLARO,0.1263
edad_protagonista,ES,1980-1989,MIXTO,0.0842
edad_protagonista,ES,1980-1989,ADOLESCENTE,0.0526
edad_protagonista,ES,1980-1989,NINO,0.0421
edad_protagonista,ES,1980-1989,MADURO,0.0316
edad_protagonista,ES,1980-1989,MAYOR,0.0211
edad_protagonista,ES,1990-1999,ADULTO,0.3947
edad_protagonista,ES,1990-1999,JOVEN,0.3509
edad_protagonista,ES,1990-1999,NO_CLARO,0.0702
edad_protagonista,ES,1990-1999,NINO,0.0614
edad_protagonista,ES,1990-1999,ADOLESCENTE,0.0526
edad_protagonista,ES,1990-1999,MIXTO,0.0351
edad_protagonista,ES,1990-1999,MADURO,0.0175
edad_protagonista,ES,1990-1999,MAYOR,0.0175
edad_protagonista,ES,2000-2009,ADULTO,0.3600
edad_protagonista,ES,2000-2009,JOVEN,0.2867
edad_protagonista,ES,2000-2009,NO_CLARO,0.1267
edad_protagonista,ES,2000-2009,ADOLESCENTE,0.0800
edad_protagonista,ES,2000-2009,MIXTO,0.0533
edad_protagonista,ES,2000-2009,MADURO,0.0467
edad_protagonista,ES,2000-2009,NINO,0.0400
edad_protagonista,ES,2000-2009,MAYOR,0.0067
edad_protagonista,ES,2010-2019,ADULTO,0.4667
edad_protagonista,ES,2010-2019,JOVEN,0.2067
edad_protagonista,ES,2010-2019,MIXTO,0.1067
edad_protagonista,ES,2010-2019,MADURO,0.0600
edad_protagonista,ES,2010-2019,NINO,0.0467
edad_protagonista,ES,2010-2019,NO_CLARO,0.0467
edad_protagonista,ES,2010-2019,ADOLESCENTE,0.0333
edad_protagonista,ES,2010-2019,MAYOR,0.0333
edad_protagonista,ES,2020-2024,ADULTO,0.4412
edad_protagonista,ES,2020-2024,JOVEN,0.2647
edad_protagonista,ES,2020-2024,ADOLESCENTE,0.0882
edad_protagonista,ES,2020-2024,NINO,0.0588
edad_protagonista,ES,2020-2024,NO_CLARO,0.0588
edad_protagonista,ES,2020-2024,MAYOR,0.0294
edad_protagonista,ES,2020-2024,MIXTO,0.0294
edad_protagonista,ES,2020-2024,MADURO,0.0294
edad_protagonista,US,1980-1989,ADULTO,0.5060
edad_protagonista,US,1980-1989,JOVEN,0.2088
edad_protagonista,US,1980-1989,ADOLESCENTE,0.1305
edad_protagonista,US,1980-1989,NO_CLARO,0.0462
edad_protagonista,US,1980-1989,NINO,0.0382
edad_protagonista,US,1980-1989,MIXTO,0.0361
edad_protagonista,US,1980-1989,MADURO,0.0201
edad_protagonista,US,1980-1989,MAYOR,0.0141
edad_protagonista,US,1990-1999,ADULTO,0.5291
edad_protagonista,US,1990-1999,JOVEN,0.2124
edad_protagonista,US,1990-1999,ADOLESCENTE,0.0782
edad_protagonista,US,1990-1999,NINO,0.0521
edad_protagonista,US,1990-1999,NO_CLARO,0.0521
edad_protagonista,US,1990-1999,MIXTO,0.0441
edad_protagonista,US,1990-1999,MADURO,0.0281
edad_protagonista,US,1990-1999,MAYOR,0.0040
edad_protagonista,US,2000-2009,ADULTO,0.5591
edad_protagonista,US,2000-2009,JOVEN,0.2345
edad_protagonista,US,2000-2009,ADOLESCENTE,0.0661
edad_protagonista,US,2000-2009,MIXTO,0.0461
edad_protagonista,US,2000-2009,NO_CLARO,0.0401
edad_protagonista,US,2000-2009,NINO,0.0261
edad_protagonista,US,2000-2009,MADURO,0.0180
edad_protagonista,US,2000-2009,MAYOR,0.0100
edad_protagonista,US,2010-2019,ADULTO,0.5200
edad_protagonista,US,2010-2019,JOVEN,0.2380
edad_protagonista,US,2010-2019,ADOLESCENTE,0.0880
edad_protagonista,US,2010-2019,NO_CLARO,0.0440
edad_protagonista,US,2010-2019,MIXTO,0.0420
edad_protagonista,US,2010-2019,MADURO,0.0300
edad_protagonista,US,2010-2019,NINO,0.0300
edad_protagonista,US,2010-2019,MAYOR,0.0080
edad_protagonista,US,2020-2024,ADULTO,0.5060
edad_protagonista,US,2020-2024,JOVEN,0.2570
edad_protagonista,US,2020-2024,ADOLESCENTE,0.0884
edad_protagonista,US,2020-2024,MADURO,0.0562
edad_protagonista,US,2020-2024,NO_CLARO,0.0482
edad_protagonista,US,2020-2024,MIXTO,0.0201
edad_protagonista,US,2020-2024,NINO,0.0161
edad_protagonista,US,2020-2024,MAYOR,0.0080
momento_vital,ES,1980-1989,MADUREZ,0.3474
momento_vital,ES,1980-1989,JUVENTUD,0.2842
momento_vital,ES,1980-1989,NO_CLARO,0.1895
momento_vital,ES,1980-1989,CRISIS_VITAL,0.0632
momento_vital,ES,1980-1989,ADOLESCENCIA,0.0526
momento_vital,ES,1980-1989,INFANCIA,0.0316
momento_vital,ES,1980-1989,VEJEZ,0.0211
momento_vital,ES,1980-1989,CRIANZA,0.0105
momento_vital,ES,1990-1999,MADUREZ,0.3158
momento_vital,ES,1990-1999,JUVENTUD,0.3070
momento_vital,ES,1990-1999,CRISIS_VITAL,0.1316
momento_vital,ES,1990-1999,NO_CLARO,0.0877
momento_vital,ES,1990-1999,INFANCIA,0.0614
momento_vital,ES,1990-1999,ADOLESCENCIA,0.0526
momento_vital,ES,1990-1999,CRIANZA,0.0263
momento_vital,ES,1990-1999,VEJEZ,0.0175
momento_vital,ES,2000-2009,MADUREZ,0.2867
momento_vital,ES,2000-2009,JUVENTUD,0.2400
momento_vital,ES,2000-2009,NO_CLARO,0.1667
momento_vital,ES,2000-2009,CRISIS_VITAL,0.1600
momento_vital,ES,2000-2009,ADOLESCENCIA,0.0800
momento_vital,ES,2000-2009,INFANCIA,0.0400
momento_vital,ES,2000-2009,CRIANZA,0.0200
momento_vital,ES,2000-2009,VEJEZ,0.0067
momento_vital,ES,2010-2019,MADUREZ,0.4067
momento_vital,ES,2010-2019,JUVENTUD,0.1733
momento_vital,ES,2010-2019,CRISIS_VITAL,0.1667
momento_vital,ES,2010-2019,NO_CLARO,0.0800
momento_vital,ES,2010-2019,CRIANZA,0.0667
momento_vital,ES,2010-2019,INFANCIA,0.0467
momento_vital,ES,2010-2019,ADOLESCENCIA,0.0333
momento_vital,ES,2010-2019,VEJEZ,0.0267
momento_vital,ES,2020-2024,MADUREZ,0.3235
momento_vital,ES,2020-2024,JUVENTUD,0.2500
momento_vital,ES,2020-2024,CRISIS_VITAL,0.1765
momento_vital,ES,2020-2024,ADOLESCENCIA,0.0882
momento_vital,ES,2020-2024,CRIANZA,0.0588
momento_vital,ES,2020-2024,INFANCIA,0.0588
momento_vital,ES,2020-2024,NO_CLARO,0.0441
momento_vital,US,1980-1989,MADUREZ,0.4799
momento_vital,US,1980-1989,JUVENTUD,0.1988
momento_vital,US,1980-1989,ADOLESCENCIA,0.1365
momento_vital,US,1980-1989,NO_CLARO,0.0542
momento_vital,US,1980-1989,CRIANZA,0.0422
momento_vital,US,1980-1989,CRISIS_VITAL,0.0382
momento_vital,US,1980-1989,INFANCIA,0.0361
momento_vital,US,1980-1989,VEJEZ,0.0141
momento_vital,US,1990-1999,MADUREZ,0.5170
momento_vital,US,1990-1999,JUVENTUD,0.1984
momento_vital,US,1990-1999,ADOLESCENCIA,0.0782
momento_vital,US,1990-1999,CRISIS_VITAL,0.0641
momento_vital,US,1990-1999,NO_CLARO,0.0541
momento_vital,US,1990-1999,INFANCIA,0.0521
momento_vital,US,1990-1999,CRIANZA,0.0301
momento_vital,US,1990-1999,VEJEZ,0.0060
momento_vital,US,2000-2009,MADUREZ,0.4669
momento_vital,US,2000-2009,JUVENTUD,0.2224
momento_vital,US,2000-2009,CRISIS_VITAL,0.1022
momento_vital,US,2000-2009,ADOLESCENCIA,0.0681
momento_vital,US,2000-2009,CRIANZA,0.0561
momento_vital,US,2000-2009,NO_CLARO,0.0501
momento_vital,US,2000-2009,INFANCIA,0.0281
momento_vital,US,2000-2009,VEJEZ,0.0060
momento_vital,US,2010-2019,MADUREZ,0.4480
momento_vital,US,2010-2019,JUVENTUD,0.2220
momento_vital,US,2010-2019,CRISIS_VITAL,0.0920
momento_vital,US,2010-2019,ADOLESCENCIA,0.0880
momento_vital,US,2010-2019,NO_CLARO,0.0560
momento_vital,US,2010-2019,CRIANZA,0.0540
momento_vital,US,2010-2019,INFANCIA,0.0300
momento_vital,US,2010-2019,VEJEZ,0.0100
momento_vital,US,2020-2024,MADUREZ,0.4418
momento_vital,US,2020-2024,JUVENTUD,0.2289
momento_vital,US,2020-2024,CRISIS_VITAL,0.1165
momento_vital,US,2020-2024,ADOLESCENCIA,0.0924
momento_vital,US,2020-2024,CRIANZA,0.0562
momento_vital,US,2020-2024,NO_CLARO,0.0361
momento_vital,US,2020-2024,INFANCIA,0.0161
momento_vital,US,2020-2024,VEJEZ,0.0120
estado_civil,ES,1980-1989,SOLTERO,0.3579
estado_civil,ES,1980-1989,NO_CLARO,0.2737
estado_civil,ES,1980-1989,CASADO,0.1789
estado_civil,ES,1980-1989,EN_PAREJA,0.1368
estado_civil,ES,1980-1989,SEPARADO_DIVORCIADO,0.0316
estado_civil,ES,1980-1989,VIUDO,0.0211
estado_civil,ES,1990-1999,SOLTERO,0.5263
estado_civil,ES,1990-1999,NO_CLARO,0.2193
estado_civil,ES,1990-1999,CASADO,0.1316
estado_civil,ES,1990-1999,EN_PAREJA,0.1140
estado_civil,ES,1990-1999,SEPARADO_DIVORCIADO,0.0088
estado_civil,ES,2000-2009,SOLTERO,0.4400
estado_civil,ES,2000-2009,NO_CLARO,0.2733
estado_civil,ES,2000-2009,CASADO,0.1333
estado_civil,ES,2000-2009,EN_PAREJA,0.0867
estado_civil,ES,2000-2009,SEPARADO_DIVORCIADO,0.0533
estado_civil,ES,2000-2009,VIUDO,0.0133
estado_civil,ES,2010-2019,SOLTERO,0.3533
estado_civil,ES,2010-2019,NO_CLARO,0.2333
estado_civil,ES,2010-2019,CASADO,0.2200
estado_civil,ES,2010-2019,EN_PAREJA,0.1133
estado_civil,ES,2010-2019,VIUDO,0.0533
estado_civil,ES,2010-2019,SEPARADO_DIVORCIADO,0.0267
estado_civil,ES,2020-2024,SOLTERO,0.4265
estado_civil,ES,2020-2024,NO_CLARO,0.2353
estado_civil,ES,2020-2024,CASADO,0.1765
estado_civil,ES,2020-2024,EN_PAREJA,0.1324
estado_civil,ES,2020-2024,VIUDO,0.0294
estado_civil,US,1980-1989,SOLTERO,0.4920
estado_civil,US,1980-1989,NO_CLARO,0.1827
estado_civil,US,1980-1989,CASADO,0.1265
estado_civil,US,1980-1989,EN_PAREJA,0.1245
estado_civil,US,1980-1989,SEPARADO_DIVORCIADO,0.0482
estado_civil,US,1980-1989,VIUDO,0.0261
estado_civil,US,1990-1999,SOLTERO,0.4950
estado_civil,US,1990-1999,NO_CLARO,0.1804
estado_civil,US,1990-1999,CASADO,0.1463
estado_civil,US,1990-1999,EN_PAREJA,0.1162
estado_civil,US,1990-1999,SEPARADO_DIVORCIADO,0.0381
estado_civil,US,1990-1999,VIUDO,0.0240
estado_civil,US,2000-2009,SOLTERO,0.4970
estado_civil,US,2000-2009,NO_CLARO,0.1703
estado_civil,US,2000-2009,EN_PAREJA,0.1242
estado_civil,US,2000-2009,CASADO,0.1182
estado_civil,US,2000-2009,SEPARADO_DIVORCIADO,0.0481
estado_civil,US,2000-2009,VIUDO,0.0421
estado_civil,US,2010-2019,SOLTERO,0.4740
estado_civil,US,2010-2019,NO_CLARO,0.2040
estado_civil,US,2010-2019,CASADO,0.1540
estado_civil,US,2010-2019,EN_PAREJA,0.0840
estado_civil,US,2010-2019,SEPARADO_DIVORCIADO,0.0460
estado_civil,US,2010-2019,VIUDO,0.0380
estado_civil,US,2020-2024,SOLTERO,0.5100
estado_civil,US,2020-2024,NO_CLARO,0.2008
estado_civil,US,2020-2024,CASADO,0.1124
estado_civil,US,2020-2024,VIUDO,0.0683
estado_civil,US,2020-2024,EN_PAREJA,0.0683
estado_civil,US,2020-2024,SEPARADO_DIVORCIADO,0.0402
clase_social,ES,1980-1989,NO_CLARO,0.2737
clase_social,ES,1980-1989,MEDIA,0.2526
clase_social,ES,1980-1989,TRABAJADORA,0.1789
clase_social,ES,1980-1989,BAJA_MARGINAL,0.1474
clase_social,ES,1980-1989,ALTA_ELITE,0.1158
clase_social,ES,1980-1989,MIXTA,0.0316
clase_social,ES,1990-1999,MEDIA,0.3509
clase_social,ES,1990-1999,TRABAJADORA,0.2807
clase_social,ES,1990-1999,NO_CLARO,0.2456
clase_social,ES,1990-1999,BAJA_MARGINAL,0.0789
clase_social,ES,1990-1999,ALTA_ELITE,0.0263
clase_social,ES,1990-1999,MIXTA,0.0175
clase_social,ES,2000-2009,MEDIA,0.3333
clase_social,ES,2000-2009,NO_CLARO,0.2933
clase_social,ES,2000-2009,TRABAJADORA,0.2733
clase_social,ES,2000-2009,ALTA_ELITE,0.0400
clase_social,ES,2000-2009,BAJA_MARGINAL,0.0333
clase_social,ES,2000-2009,MIXTA,0.0267
clase_social,ES,2010-2019,MEDIA,0.4333
clase_social,ES,2010-2019,TRABAJADORA,0.2200
clase_social,ES,2010-2019,NO_CLARO,0.2200
clase_social,ES,2010-2019,ALTA_ELITE,0.0600
clase_social,ES,2010-2019,BAJA_MARGINAL,0.0333
clase_social,ES,2010-2019,MIXTA,0.0333
clase_social,ES,2020-2024,MEDIA,0.3382
clase_social,ES,2020-2024,NO_CLARO,0.3235
clase_social,ES,2020-2024,TRABAJADORA,0.2206
clase_social,ES,2020-2024,BAJA_MARGINAL,0.0735
clase_social,ES,2020-2024,MIXTA,0.0294
clase_social,ES,2020-2024,ALTA_ELITE,0.0147
clase_social,US,1980-1989,TRABAJADORA,0.3353
clase_social,US,1980-1989,NO_CLARO,0.2751
clase_social,US,1980-1989,MEDIA,0.2651
clase_social,US,1980-1989,ALTA_ELITE,0.0562
clase_social,US,1980-1989,BAJA_MARGINAL,0.0361
clase_social,US,1980-1989,MIXTA,0.0321
clase_social,US,1990-1999,MEDIA,0.3407
clase_social,US,1990-1999,TRABAJADORA,0.2946
clase_social,US,1990-1999,NO_CLARO,0.2385
clase_social,US,1990-1999,ALTA_ELITE,0.0701
clase_social,US,1990-1999,BAJA_MARGINAL,0.0361
clase_social,US,1990-1999,MIXTA,0.0200
clase_social,US,2000-2009,MEDIA,0.3206
clase_social,US,2000-2009,NO_CLARO,0.3166
clase_social,US,2000-2009,TRABAJADORA,0.2685
clase_social,US,2000-2009,ALTA_ELITE,0.0421
clase_social,US,2000-2009,MIXTA,0.0301
clase_social,US,2000-2009,BAJA_MARGINAL,0.0220
clase_social,US,2010-2019,NO_CLARO,0.3580
clase_social,US,2010-2019,TRABAJADORA,0.2580
clase_social,US,2010-2019,MEDIA,0.2400
clase_social,US,2010-2019,ALTA_ELITE,0.0920
clase_social,US,2010-2019,BAJA_MARGINAL,0.0320
clase_social,US,2010-2019,MIXTA,0.0200
clase_social,US,2020-2024,TRABAJADORA,0.3133
clase_social,US,2020-2024,NO_CLARO,0.3012
clase_social,US,2020-2024,MEDIA,0.2570
clase_social,US,2020-2024,ALTA_ELITE,0.0924
clase_social,US,2020-2024,BAJA_MARGINAL,0.0281
clase_social,US,2020-2024,MIXTA,0.0080
especulativa,ES,1980-1989,NO,0.7474
especulativa,ES,1980-1989,SOBRENATURAL,0.1474
especulativa,ES,1980-1989,CIENCIA_FICCION,0.0632
especulativa,ES,1980-1989,FANTASIA,0.0316
especulativa,ES,1980-1989,SUPERHEROES,0.0105
especulativa,ES,1990-1999,NO,0.8772
especulativa,ES,1990-1999,CIENCIA_FICCION,0.0526
especulativa,ES,1990-1999,SOBRENATURAL,0.0439
especulativa,ES,1990-1999,FANTASIA,0.0263
especulativa,ES,2000-2009,NO,0.7600
especulativa,ES,2000-2009,SOBRENATURAL,0.1067
especulativa,ES,2000-2009,CIENCIA_FICCION,0.0800
especulativa,ES,2000-2009,FANTASIA,0.0533
especulativa,ES,2010-2019,NO,0.6667
especulativa,ES,2010-2019,SOBRENATURAL,0.1467
especulativa,ES,2010-2019,CIENCIA_FICCION,0.1067
especulativa,ES,2010-2019,FANTASIA,0.0733
especulativa,ES,2010-2019,SUPERHEROES,0.0067
especulativa,ES,2020-2024,NO,0.7500
especulativa,ES,2020-2024,SOBRENATURAL,0.1324
especulativa,ES,2020-2024,CIENCIA_FICCION,0.0735
especulativa,ES,2020-2024,FANTASIA,0.0441
especulativa,US,1980-1989,NO,0.6365
especulativa,US,1980-1989,CIENCIA_FICCION,0.1446
especulativa,US,1980-1989,SOBRENATURAL,0.1345
especulativa,US,1980-1989,FANTASIA,0.0723
especulativa,US,1980-1989,SUPERHEROES,0.0120
especulativa,US,1990-1999,NO,0.6713
especulativa,US,1990-1999,CIENCIA_FICCION,0.1363
especulativa,US,1990-1999,SOBRENATURAL,0.1002
especulativa,US,1990-1999,FANTASIA,0.0822
especulativa,US,1990-1999,SUPERHEROES,0.0100
especulativa,US,2000-2009,NO,0.6172
especulativa,US,2000-2009,CIENCIA_FICCION,0.1503
especulativa,US,2000-2009,FANTASIA,0.1122
especulativa,US,2000-2009,SOBRENATURAL,0.0741
especulativa,US,2000-2009,SUPERHEROES,0.0461
especulativa,US,2010-2019,NO,0.4940
especulativa,US,2010-2019,CIENCIA_FICCION,0.2160
especulativa,US,2010-2019,FANTASIA,0.1280
especulativa,US,2010-2019,SUPERHEROES,0.0960
especulativa,US,2010-2019,SOBRENATURAL,0.0660
especulativa,US,2020-2024,NO,0.5141
especulativa,US,2020-2024,CIENCIA_FICCION,0.1727
especulativa,US,2020-2024,FANTASIA,0.1205
especulativa,US,2020-2024,SUPERHEROES,0.1124
especulativa,US,2020-2024,SOBRENATURAL,0.0803
epoca_trama,ES,1980-1989,DE_1980_EN_ADELANTE,0.3895
epoca_trama,ES,1980-1989,NO_CLARO,0.2421
epoca_trama,ES,1980-1989,DE_1946_A_1979,0.1474
epoca_trama,ES,1980-1989,DE_1500_A_1899,0.1158
epoca_trama,ES,1980-1989,DE_1900_A_1945,0.0737
epoca_trama,ES,1980-1989,ANTES_1500,0.0211
epoca_trama,ES,1980-1989,MUNDO_FICTICIO,0.0105
epoca_trama,ES,1990-1999,DE_1980_EN_ADELANTE,0.6404
epoca_trama,ES,1990-1999,NO_CLARO,0.0965
epoca_trama,ES,1990-1999,DE_1900_A_1945,0.0877
epoca_trama,ES,1990-1999,DE_1946_A_1979,0.0789
epoca_trama,ES,1990-1999,DE_1500_A_1899,0.0439
epoca_trama,ES,1990-1999,ANTES_1500,0.0263
epoca_trama,ES,1990-1999,VARIAS,0.0175
epoca_trama,ES,1990-1999,FUTURO,0.0088
epoca_trama,ES,2000-2009,DE_1980_EN_ADELANTE,0.6933
epoca_trama,ES,2000-2009,DE_1946_A_1979,0.0800
epoca_trama,ES,2000-2009,DE_1900_A_1945,0.0600
epoca_trama,ES,2000-2009,NO_CLARO,0.0533
epoca_trama,ES,2000-2009,DE_1500_A_1899,0.0400
epoca_trama,ES,2000-2009,ANTES_1500,0.0267
epoca_trama,ES,2000-2009,FUTURO,0.0200
epoca_trama,ES,2000-2009,VARIAS,0.0133
epoca_trama,ES,2000-2009,MUNDO_FICTICIO,0.0133
epoca_trama,ES,2010-2019,DE_1980_EN_ADELANTE,0.7533
epoca_trama,ES,2010-2019,DE_1946_A_1979,0.0667
epoca_trama,ES,2010-2019,NO_CLARO,0.0533
epoca_trama,ES,2010-2019,VARIAS,0.0400
epoca_trama,ES,2010-2019,DE_1900_A_1945,0.0333
epoca_trama,ES,2010-2019,FUTURO,0.0200
epoca_trama,ES,2010-2019,DE_1500_A_1899,0.0200
epoca_trama,ES,2010-2019,MUNDO_FICTICIO,0.0067
epoca_trama,ES,2010-2019,ANTES_1500,0.0067
epoca_trama,ES,2020-2024,DE_1980_EN_ADELANTE,0.6765
epoca_trama,ES,2020-2024,NO_CLARO,0.0882
epoca_trama,ES,2020-2024,DE_1946_A_1979,0.0735
epoca_trama,ES,2020-2024,DE_1500_A_1899,0.0588
epoca_trama,ES,2020-2024,DE_1900_A_1945,0.0441
epoca_trama,ES,2020-2024,MUNDO_FICTICIO,0.0294
epoca_trama,ES,2020-2024,FUTURO,0.0147
epoca_trama,ES,2020-2024,ANTES_1500,0.0147
epoca_trama,US,1980-1989,DE_1980_EN_ADELANTE,0.6687
epoca_trama,US,1980-1989,DE_1946_A_1979,0.0803
epoca_trama,US,1980-1989,NO_CLARO,0.0582
epoca_trama,US,1980-1989,DE_1900_A_1945,0.0582
epoca_trama,US,1980-1989,MUNDO_FICTICIO,0.0382
epoca_trama,US,1980-1989,DE_1500_A_1899,0.0301
epoca_trama,US,1980-1989,FUTURO,0.0281
epoca_trama,US,1980-1989,VARIAS,0.0261
epoca_trama,US,1980-1989,ANTES_1500,0.0120
epoca_trama,US,1990-1999,DE_1980_EN_ADELANTE,0.7094
epoca_trama,US,1990-1999,DE_1946_A_1979,0.0701
epoca_trama,US,1990-1999,DE_1500_A_1899,0.0561
epoca_trama,US,1990-1999,DE_1900_A_1945,0.0421
epoca_trama,US,1990-1999,FUTURO,0.0421
epoca_trama,US,1990-1999,NO_CLARO,0.0261
epoca_trama,US,1990-1999,ANTES_1500,0.0220
epoca_trama,US,1990-1999,VARIAS,0.0160
epoca_trama,US,1990-1999,MUNDO_FICTICIO,0.0160
epoca_trama,US,2000-2009,DE_1980_EN_ADELANTE,0.7194
epoca_trama,US,2000-2009,FUTURO,0.0541
epoca_trama,US,2000-2009,DE_1500_A_1899,0.0521
epoca_trama,US,2000-2009,DE_1900_A_1945,0.0441
epoca_trama,US,2000-2009,DE_1946_A_1979,0.0341
epoca_trama,US,2000-2009,MUNDO_FICTICIO,0.0321
epoca_trama,US,2000-2009,ANTES_1500,0.0281
epoca_trama,US,2000-2009,NO_CLARO,0.0200
epoca_trama,US,2000-2009,VARIAS,0.0160
epoca_trama,US,2010-2019,DE_1980_EN_ADELANTE,0.6260
epoca_trama,US,2010-2019,FUTURO,0.0920
epoca_trama,US,2010-2019,MUNDO_FICTICIO,0.0660
epoca_trama,US,2010-2019,DE_1946_A_1979,0.0640
epoca_trama,US,2010-2019,DE_1500_A_1899,0.0500
epoca_trama,US,2010-2019,DE_1900_A_1945,0.0340
epoca_trama,US,2010-2019,VARIAS,0.0240
epoca_trama,US,2010-2019,ANTES_1500,0.0220
epoca_trama,US,2010-2019,NO_CLARO,0.0220
epoca_trama,US,2020-2024,DE_1980_EN_ADELANTE,0.6305
epoca_trama,US,2020-2024,DE_1946_A_1979,0.0843
epoca_trama,US,2020-2024,MUNDO_FICTICIO,0.0643
epoca_trama,US,2020-2024,DE_1900_A_1945,0.0602
epoca_trama,US,2020-2024,FUTURO,0.0562
epoca_trama,US,2020-2024,DE_1500_A_1899,0.0442
epoca_trama,US,2020-2024,NO_CLARO,0.0241
epoca_trama,US,2020-2024,ANTES_1500,0.0201
epoca_trama,US,2020-2024,VARIAS,0.0161
humor,ES,1980-1989,NINGUNO,0.6316
humor,ES,1980-1989,CENTRAL,0.2000
humor,ES,1980-1989,ALGO,0.1684
humor,ES,1990-1999,NINGUNO,0.4912
humor,ES,1990-1999,ALGO,0.2982
humor,ES,1990-1999,CENTRAL,0.2105
humor,ES,2000-2009,NINGUNO,0.6267
humor,ES,2000-2009,ALGO,0.2400
humor,ES,2000-2009,CENTRAL,0.1333
humor,ES,2010-2019,NINGUNO,0.6133
humor,ES,2010-2019,ALGO,0.2333
humor,ES,2010-2019,CENTRAL,0.1533
humor,ES,2020-2024,NINGUNO,0.6765
humor,ES,2020-2024,ALGO,0.2500
humor,ES,2020-2024,CENTRAL,0.0735
humor,US,1980-1989,NINGUNO,0.3815
humor,US,1980-1989,ALGO,0.3414
humor,US,1980-1989,CENTRAL,0.2771
humor,US,1990-1999,ALGO,0.4108
humor,US,1990-1999,NINGUNO,0.3226
humor,US,1990-1999,CENTRAL,0.2665
humor,US,2000-2009,NINGUNO,0.3948
humor,US,2000-2009,ALGO,0.3487
humor,US,2000-2009,CENTRAL,0.2565
humor,US,2010-2019,ALGO,0.4520
humor,US,2010-2019,NINGUNO,0.3700
humor,US,2010-2019,CENTRAL,0.1780
humor,US,2020-2024,ALGO,0.4900
humor,US,2020-2024,NINGUNO,0.3695
humor,US,2020-2024,CENTRAL,0.1406
relaciones_centrales,ES,1980-1989,AMISTAD,0.3789
relaciones_centrales,ES,1980-1989,ROMANCE,0.5211
relaciones_centrales,ES,1980-1989,MATRIMONIO,0.2158
relaciones_centrales,ES,1980-1989,DIVORCIO_SEPARACION,0.0053
relaciones_centrales,ES,1980-1989,PADRES_HIJOS,0.2789
relaciones_centrales,ES,1980-1989,HERMANOS,0.0789
relaciones_centrales,ES,1980-1989,FAMILIA_EXTENSA,0.1263
relaciones_centrales,ES,1980-1989,MENTOR_DISCIPULO,0.1105
relaciones_centrales,ES,1980-1989,EQUIPO_COMPANEROS,0.1895
relaciones_centrales,ES,1980-1989,RIVALIDAD,0.2053
relaciones_centrales,ES,1980-1989,COMUNIDAD,0.1263
relaciones_centrales,ES,1980-1989,NINGUNA,0.0105
relaciones_centrales,ES,1990-1999,AMISTAD,0.4123
relaciones_centrales,ES,1990-1999,ROMANCE,0.5877
relaciones_centrales,ES,1990-1999,MATRIMONIO,0.1930
relaciones_centrales,ES,1990-1999,DIVORCIO_SEPARACION,0.0219
relaciones_centrales,ES,1990-1999,PADRES_HIJOS,0.2895
relaciones_centrales,ES,1990-1999,HERMANOS,0.0746
relaciones_centrales,ES,1990-1999,FAMILIA_EXTENSA,0.0833
relaciones_centrales,ES,1990-1999,MENTOR_DISCIPULO,0.0132
relaciones_centrales,ES,1990-1999,EQUIPO_COMPANEROS,0.1930
relaciones_centrales,ES,1990-1999,RIVALIDAD,0.1667
relaciones_centrales,ES,1990-1999,COMUNIDAD,0.0921
relaciones_centrales,ES,1990-1999,NINGUNA,0.0175
relaciones_centrales,ES,2000-2009,AMISTAD,0.4700
relaciones_centrales,ES,2000-2009,ROMANCE,0.4533
relaciones_centrales,ES,2000-2009,MATRIMONIO,0.1733
relaciones_centrales,ES,2000-2009,DIVORCIO_SEPARACION,0.0333
relaciones_centrales,ES,2000-2009,PADRES_HIJOS,0.3133
relaciones_centrales,ES,2000-2009,HERMANOS,0.1200
relaciones_centrales,ES,2000-2009,FAMILIA_EXTENSA,0.0833
relaciones_centrales,ES,2000-2009,MENTOR_DISCIPULO,0.0767
relaciones_centrales,ES,2000-2009,EQUIPO_COMPANEROS,0.2067
relaciones_centrales,ES,2000-2009,RIVALIDAD,0.1633
relaciones_centrales,ES,2000-2009,COMUNIDAD,0.1200
relaciones_centrales,ES,2000-2009,NINGUNA,0.0200
relaciones_centrales,ES,2010-2019,AMISTAD,0.3767
relaciones_centrales,ES,2010-2019,ROMANCE,0.4333
relaciones_centrales,ES,2010-2019,MATRIMONIO,0.2300
relaciones_centrales,ES,2010-2019,DIVORCIO_SEPARACION,0.0167
relaciones_centrales,ES,2010-2019,PADRES_HIJOS,0.4633
relaciones_centrales,ES,2010-2019,HERMANOS,0.1200
relaciones_centrales,ES,2010-2019,FAMILIA_EXTENSA,0.0933
relaciones_centrales,ES,2010-2019,MENTOR_DISCIPULO,0.0333
relaciones_centrales,ES,2010-2019,EQUIPO_COMPANEROS,0.1867
relaciones_centrales,ES,2010-2019,RIVALIDAD,0.2567
relaciones_centrales,ES,2010-2019,COMUNIDAD,0.0767
relaciones_centrales,ES,2010-2019,NINGUNA,0.0133
relaciones_centrales,ES,2020-2024,AMISTAD,0.3088
relaciones_centrales,ES,2020-2024,ROMANCE,0.3529
relaciones_centrales,ES,2020-2024,MATRIMONIO,0.1765
relaciones_centrales,ES,2020-2024,DIVORCIO_SEPARACION,0.0000
relaciones_centrales,ES,2020-2024,PADRES_HIJOS,0.3529
relaciones_centrales,ES,2020-2024,HERMANOS,0.1103
relaciones_centrales,ES,2020-2024,FAMILIA_EXTENSA,0.1029
relaciones_centrales,ES,2020-2024,MENTOR_DISCIPULO,0.0588
relaciones_centrales,ES,2020-2024,EQUIPO_COMPANEROS,0.2500
relaciones_centrales,ES,2020-2024,RIVALIDAD,0.2794
relaciones_centrales,ES,2020-2024,COMUNIDAD,0.1691
relaciones_centrales,ES,2020-2024,NINGUNA,0.0000
relaciones_centrales,US,1980-1989,AMISTAD,0.4839
relaciones_centrales,US,1980-1989,ROMANCE,0.5572
relaciones_centrales,US,1980-1989,MATRIMONIO,0.1365
relaciones_centrales,US,1980-1989,DIVORCIO_SEPARACION,0.0100
relaciones_centrales,US,1980-1989,PADRES_HIJOS,0.2580
relaciones_centrales,US,1980-1989,HERMANOS,0.1104
relaciones_centrales,US,1980-1989,FAMILIA_EXTENSA,0.0592
relaciones_centrales,US,1980-1989,MENTOR_DISCIPULO,0.1084
relaciones_centrales,US,1980-1989,EQUIPO_COMPANEROS,0.2952
relaciones_centrales,US,1980-1989,RIVALIDAD,0.3303
relaciones_centrales,US,1980-1989,COMUNIDAD,0.0653
relaciones_centrales,US,1980-1989,NINGUNA,0.0040
relaciones_centrales,US,1990-1999,AMISTAD,0.4629
relaciones_centrales,US,1990-1999,ROMANCE,0.5230
relaciones_centrales,US,1990-1999,MATRIMONIO,0.1403
relaciones_centrales,US,1990-1999,DIVORCIO_SEPARACION,0.0150
relaciones_centrales,US,1990-1999,PADRES_HIJOS,0.2866
relaciones_centrales,US,1990-1999,HERMANOS,0.0912
relaciones_centrales,US,1990-1999,FAMILIA_EXTENSA,0.0501
relaciones_centrales,US,1990-1999,MENTOR_DISCIPULO,0.1313
relaciones_centrales,US,1990-1999,EQUIPO_COMPANEROS,0.3236
relaciones_centrales,US,1990-1999,RIVALIDAD,0.3778
relaciones_centrales,US,1990-1999,COMUNIDAD,0.0731
relaciones_centrales,US,1990-1999,NINGUNA,0.0090
relaciones_centrales,US,2000-2009,AMISTAD,0.4770
relaciones_centrales,US,2000-2009,ROMANCE,0.5170
relaciones_centrales,US,2000-2009,MATRIMONIO,0.1433
relaciones_centrales,US,2000-2009,DIVORCIO_SEPARACION,0.0150
relaciones_centrales,US,2000-2009,PADRES_HIJOS,0.3527
relaciones_centrales,US,2000-2009,HERMANOS,0.1102
relaciones_centrales,US,2000-2009,FAMILIA_EXTENSA,0.0491
relaciones_centrales,US,2000-2009,MENTOR_DISCIPULO,0.1383
relaciones_centrales,US,2000-2009,EQUIPO_COMPANEROS,0.2956
relaciones_centrales,US,2000-2009,RIVALIDAD,0.3387
relaciones_centrales,US,2000-2009,COMUNIDAD,0.0611
relaciones_centrales,US,2000-2009,NINGUNA,0.0030
relaciones_centrales,US,2010-2019,AMISTAD,0.4870
relaciones_centrales,US,2010-2019,ROMANCE,0.3940
relaciones_centrales,US,2010-2019,MATRIMONIO,0.1520
relaciones_centrales,US,2010-2019,DIVORCIO_SEPARACION,0.0230
relaciones_centrales,US,2010-2019,PADRES_HIJOS,0.3720
relaciones_centrales,US,2010-2019,HERMANOS,0.1080
relaciones_centrales,US,2010-2019,FAMILIA_EXTENSA,0.0790
relaciones_centrales,US,2010-2019,MENTOR_DISCIPULO,0.1090
relaciones_centrales,US,2010-2019,EQUIPO_COMPANEROS,0.4370
relaciones_centrales,US,2010-2019,RIVALIDAD,0.3230
relaciones_centrales,US,2010-2019,COMUNIDAD,0.0480
relaciones_centrales,US,2010-2019,NINGUNA,0.0030
relaciones_centrales,US,2020-2024,AMISTAD,0.4378
relaciones_centrales,US,2020-2024,ROMANCE,0.3133
relaciones_centrales,US,2020-2024,MATRIMONIO,0.1386
relaciones_centrales,US,2020-2024,DIVORCIO_SEPARACION,0.0120
relaciones_centrales,US,2020-2024,PADRES_HIJOS,0.4498
relaciones_centrales,US,2020-2024,HERMANOS,0.1767
relaciones_centrales,US,2020-2024,FAMILIA_EXTENSA,0.0984
relaciones_centrales,US,2020-2024,MENTOR_DISCIPULO,0.1024
relaciones_centrales,US,2020-2024,EQUIPO_COMPANEROS,0.3594
relaciones_centrales,US,2020-2024,RIVALIDAD,0.2912
relaciones_centrales,US,2020-2024,COMUNIDAD,0.0924
relaciones_centrales,US,2020-2024,NINGUNA,0.0040
paises_trama,ES,1980-1989,España,0.5053
paises_trama,ES,1980-1989,Estados Unidos,0.1474
paises_trama,ES,1980-1989,Francia,0.0632
paises_trama,ES,1980-1989,Marruecos,0.0211
paises_trama,ES,1980-1989,No claro,0.2526
paises_trama,ES,1980-1989,Perú,0.0211
paises_trama,ES,1990-1999,Argentina,0.0263
paises_trama,ES,1990-1999,España,0.5526
paises_trama,ES,1990-1999,Estados Unidos,0.0614
paises_trama,ES,1990-1999,Francia,0.0702
paises_trama,ES,1990-1999,México,0.0351
paises_trama,ES,1990-1999,No claro,0.2193
paises_trama,ES,1990-1999,Reino Unido,0.0439
paises_trama,ES,2000-2009,Argentina,0.1000
paises_trama,ES,2000-2009,España,0.4267
paises_trama,ES,2000-2009,Estados Unidos,0.0333
paises_trama,ES,2000-2009,Francia,0.0600
paises_trama,ES,2000-2009,Grecia,0.0200
paises_trama,ES,2000-2009,Italia,0.0467
paises_trama,ES,2000-2009,México,0.0267
paises_trama,ES,2000-2009,No claro,0.1933
paises_trama,ES,2000-2009,Reino Unido,0.1067
paises_trama,ES,2010-2019,Alemania,0.0200
paises_trama,ES,2010-2019,Argentina,0.0600
paises_trama,ES,2010-2019,Canadá,0.0267
paises_trama,ES,2010-2019,Chile,0.0267
paises_trama,ES,2010-2019,Colombia,0.0200
paises_trama,ES,2010-2019,España,0.3933
paises_trama,ES,2010-2019,Estados Unidos,0.1133
paises_trama,ES,2010-2019,Francia,0.0533
paises_trama,ES,2010-2019,No claro,0.2533
paises_trama,ES,2010-2019,Reino Unido,0.0600
paises_trama,ES,2020-2024,España,0.4853
paises_trama,ES,2020-2024,Estados Unidos,0.1324
paises_trama,ES,2020-2024,Francia,0.1029
paises_trama,ES,2020-2024,Mundo ficticio,0.0294
paises_trama,ES,2020-2024,México,0.0441
paises_trama,ES,2020-2024,No claro,0.2353
paises_trama,ES,2020-2024,Reino Unido,0.0735
paises_trama,US,1980-1989,Espacio,0.0321
paises_trama,US,1980-1989,Estados Unidos,0.7369
paises_trama,US,1980-1989,Francia,0.0321
paises_trama,US,1980-1989,Mundo ficticio,0.0382
paises_trama,US,1980-1989,No claro,0.1044
paises_trama,US,1980-1989,Reino Unido,0.0482
paises_trama,US,1990-1999,Espacio,0.0341
paises_trama,US,1990-1999,Estados Unidos,0.7856
paises_trama,US,1990-1999,Francia,0.0261
paises_trama,US,1990-1999,No claro,0.0822
paises_trama,US,1990-1999,Reino Unido,0.0601
paises_trama,US,2000-2009,China,0.0261
paises_trama,US,2000-2009,Espacio,0.0301
paises_trama,US,2000-2009,Estados Unidos,0.6593
paises_trama,US,2000-2009,Francia,0.0501
paises_trama,US,2000-2009,Italia,0.0341
paises_trama,US,2000-2009,Japón,0.0200
paises_trama,US,2000-2009,Mundo ficticio,0.0341
paises_trama,US,2000-2009,México,0.0361
paises_trama,US,2000-2009,No claro,0.1042
paises_trama,US,2000-2009,Reino Unido,0.0982
paises_trama,US,2010-2019,Alemania,0.0400
paises_trama,US,2010-2019,China,0.0320
paises_trama,US,2010-2019,Espacio,0.0660
paises_trama,US,2010-2019,Estados Unidos,0.6600
paises_trama,US,2010-2019,Francia,0.0500
paises_trama,US,2010-2019,Italia,0.0380
paises_trama,US,2010-2019,Japón,0.0220
paises_trama,US,2010-2019,Mundo ficticio,0.0760
paises_trama,US,2010-2019,México,0.0320
paises_trama,US,2010-2019,No claro,0.0860
paises_trama,US,2010-2019,Reino Unido,0.1140
paises_trama,US,2010-2019,Rusia,0.0240
paises_trama,US,2020-2024,Alemania,0.0241
paises_trama,US,2020-2024,Espacio,0.0321
paises_trama,US,2020-2024,España,0.0201
paises_trama,US,2020-2024,Estados Unidos,0.6064
paises_trama,US,2020-2024,Francia,0.0482
paises_trama,US,2020-2024,Italia,0.0683
paises_trama,US,2020-2024,Japón,0.0201
paises_trama,US,2020-2024,Mundo ficticio,0.0803
paises_trama,US,2020-2024,No claro,0.1004
paises_trama,US,2020-2024,Reino Unido,0.0803
paises_trama,US,2020-2024,Rusia,0.0361
