genre_main,cohort,n,feliz,optimismo
Acción/aventura,1980-1989,145,0.7655,0.6103
Acción/aventura,1990-1999,172,0.7965,0.5640
Acción/aventura,2000-2009,185,0.6270,0.5000
Acción/aventura,2010-2019,250,0.6840,0.5780
Acción/aventura,2020-2024,120,0.6723,0.5167
Animación,1980-1989,13,0.7692,1.2308
Animación,1990-1999,24,0.9167,1.4792
Animación,2000-2009,40,1.0000,1.4250
Animación,2010-2019,49,0.9592,1.3878
Animación,2020-2024,16,0.8750,1.3125
Ciencia ficción/fantasía,1980-1989,26,0.8462,1.0577
Ciencia ficción/fantasía,1990-1999,42,0.7317,0.7738
Ciencia ficción/fantasía,2000-2009,34,0.5588,0.4559
Ciencia ficción/fantasía,2010-2019,15,0.6000,0.5000
Ciencia ficción/fantasía,2020-2024,3,0.3333,0.1667
Comedia,1980-1989,117,0.7949,0.8462
Comedia,1990-1999,99,0.7980,0.9646
Comedia,2000-2009,89,0.8652,0.8708
Comedia,2010-2019,56,0.7143,0.5536
Comedia,2020-2024,28,0.5000,0.4107
Drama,1980-1989,39,0.3333,0.2949
Drama,1990-1999,33,0.3333,0.2879
Drama,2000-2009,28,0.3929,0.4286
Drama,2010-2019,36,0.4722,0.5833
Drama,2020-2024,17,0.3529,0.0000
Romance,1980-1989,26,0.4615,0.1923
Romance,1990-1999,21,0.3810,0.1667
Romance,2000-2009,15,0.3333,0.3667
Romance,2010-2019,14,0.2143,0.8214
Romance,2020-2024,3,0.6667,0.5000
Terror,1980-1989,98,0.3673,-0.3827
Terror,1990-1999,43,0.5349,-0.4535
Terror,2000-2009,42,0.2619,-0.5357
Terror,2010-2019,42,0.3571,-0.1667
Terror,2020-2024,39,0.4872,-0.1795
Thriller/crimen,1980-1989,34,0.3235,-0.6029
Thriller/crimen,1990-1999,65,0.3846,-0.4385
Thriller/crimen,2000-2009,66,0.3788,-0.3939
Thriller/crimen,2010-2019,38,0.3684,-0.3421
Thriller/crimen,2020-2024,23,0.1739,-0.6522
