country_frame,final,n,nota_media,votos_mediana
ES,AGRIDULCE,168,6.593,9457.000
ES,AMBIGUO,47,6.298,9273.000
ES,FELIZ,147,6.154,9212.000
ES,TRAGICO,119,6.261,6416.000
US,AGRIDULCE,569,7.143,240881.000
US,AMBIGUO,108,6.774,188841.000
US,FELIZ,1436,6.761,200339.000
US,TRAGICO,180,7.163,203680.000
US,optimismo_-2,109,7.141,173802.000
US,optimismo_-1,227,7.091,224896.000
US,optimismo_+0,889,6.846,202317.000
US,optimismo_+1,728,6.840,222550.000
US,optimismo_+2,342,6.889,199449.000
ES,optimismo_-2,54,6.313,8043.000
ES,optimismo_-1,96,6.394,6683.500
ES,optimismo_+0,283,6.318,6373.000
ES,optimismo_+1,95,6.438,5454.000
ES,optimismo_+2,36,6.333,6798.000
