country_frame,year,n,feliz,tragico,optimismo,tono
ES,1980,6,0.0000,0.2000,-0.5000,-1.0000
ES,1981,10,0.1667,0.6667,-0.1875,-0.7000
ES,1982,8,0.1667,0.1667,-0.1875,-0.3750
ES,1983,11,0.2000,0.5000,-0.5500,-1.0000
ES,1984,7,0.0000,0.6667,-0.7143,-1.6667
ES,1985,8,0.5714,0.1429,0.2500,0.1875
ES,1986,6,0.2000,0.2000,-0.4167,-0.7500
ES,1987,9,0.1429,0.0000,-0.1875,-0.7778
ES,1988,7,0.2000,0.4000,-0.6667,-1.0000
ES,1989,6,0.4000,0.2000,0.3333,-0.5000
ES,1990,3,0.0000,0.3333,0.3333,-1.0000
ES,1991,6,0.1667,0.1667,-0.0833,-0.4167
ES,1992,6,0.2000,0.2000,0.4167,0.0000
ES,1993,10,0.0000,0.6000,-0.2222,-0.6000
ES,1994,7,0.2500,0.5000,-0.2857,-0.1667
ES,1995,10,0.0000,0.1667,-0.3889,-0.7778
ES,1996,13,0.4444,0.2222,-0.0417,-0.6538
ES,1997,14,0.5556,0.1111,0.2692,-0.2143
ES,1998,13,0.4000,0.4000,0.1538,-0.2692
ES,1999,15,0.1111,0.5556,-0.1667,-0.4667
ES,2000,14,0.2000,0.6000,0.2083,-0.3571
ES,2001,15,0.2500,0.1667,0.1071,-0.5333
ES,2002,15,0.4286,0.0000,0.1000,-0.1000
ES,2003,15,0.3333,0.3333,0.2333,0.0667
ES,2004,15,0.2308,0.2308,-0.5357,-0.8667
ES,2005,15,0.3750,0.1250,0.0769,-0.5000
ES,2006,15,0.0769,0.5385,0.1429,-0.8000
ES,2007,15,0.3000,0.3000,0.0714,-0.8000
ES,2008,15,0.6667,0.0000,0.7500,0.3000
ES,2009,15,0.2500,0.4167,0.1000,-0.5667
ES,2010,15,0.0000,0.4444,0.0714,-0.5333
ES,2011,15,0.2308,0.2308,-0.4667,-0.7333
ES,2012,15,0.4167,0.1667,0.2000,-0.5667
ES,2013,15,0.6923,0.2308,0.3000,-0.1667
ES,2014,15,0.4167,0.2500,-0.1429,-0.7143
ES,2015,15,0.4000,0.1000,0.3333,-0.3000
ES,2016,15,0.5000,0.2500,0.1000,-0.2000
ES,2017,15,0.3571,0.0714,0.0667,-0.6000
ES,2018,15,0.3333,0.1333,-0.1667,-0.8667
ES,2019,15,0.3571,0.1429,-0.1000,-0.7333
ES,2020,15,0.1111,0.4444,-0.3333,-1.2333
ES,2021,15,0.5000,0.1250,0.3667,0.1667
ES,2022,15,0.4615,0.2308,-0.3214,-0.9333
ES,2023,15,0.5000,0.0000,0.2143,-0.5000
ES,2024,15,0.4167,0.0833,0.4000,-0.2857
ES,2025,9,0.5000,0.2500,0.0556,-0.7778
US,1980,49,0.5306,0.0816,0.3163,-0.1327
US,1981,50,0.3400,0.3000,-0.1400,-0.7600
US,1982,49,0.5306,0.1633,0.1837,-0.3776
US,1983,50,0.6200,0.1400,0.3700,-0.2000
US,1984,50,0.7000,0.0400,0.4500,0.0500
US,1985,50,0.6800,0.0600,0.5300,0.0300
US,1986,50,0.7200,0.1200,0.4300,-0.1100
US,1987,50,0.6800,0.0200,0.6700,0.1700
US,1988,50,0.6800,0.0400,0.4900,-0.0800
US,1989,50,0.7000,0.0400,0.5000,-0.0100
US,1990,50,0.6327,0.1020,0.3200,-0.2900
US,1991,50,0.7200,0.0800,0.5600,0.1200
US,1992,49,0.5714,0.1224,0.3469,-0.1122
US,1993,50,0.7400,0.0800,0.6300,0.1200
US,1994,50,0.7200,0.0600,0.7300,0.2500
US,1995,50,0.6800,0.1200,0.2600,-0.2300
US,1996,50,0.8000,0.0600,0.4100,-0.0700
US,1997,50,0.7000,0.0000,0.4000,-0.1700
US,1998,50,0.6000,0.0400,0.5100,-0.0600
US,1999,50,0.5600,0.0800,0.3500,-0.0900
US,2000,50,0.6800,0.0800,0.5900,0.0500
US,2001,50,0.6400,0.0800,0.6600,0.1800
US,2002,50,0.6800,0.0400,0.3600,-0.2500
US,2003,49,0.5918,0.0612,0.4592,-0.1020
US,2004,50,0.5200,0.0800,0.4000,-0.1300
US,2005,50,0.6000,0.1000,0.2600,-0.3400
US,2006,50,0.6400,0.1000,0.3500,-0.0800
US,2007,50,0.5400,0.1400,0.2800,-0.3400
US,2008,50,0.6000,0.0800,0.3400,-0.1600
US,2009,50,0.6000,0.0400,0.5400,-0.1600
US,2010,50,0.7000,0.0600,0.6500,0.0400
US,2011,50,0.7600,0.0200,0.6400,0.1300
US,2012,50,0.6400,0.0400,0.5700,-0.0800
US,2013,50,0.6200,0.0400,0.5700,-0.3700
US,2014,50,0.6400,0.0200,0.4100,-0.3600
US,2015,50,0.7000,0.1200,0.5300,-0.1800
US,2016,50,0.6400,0.0200,0.5600,-0.1900
US,2017,50,0.6000,0.1000,0.5000,-0.2600
US,2018,50,0.5800,0.0600,0.4100,-0.3000
US,2019,50,0.4400,0.0800,0.4300,-0.2400
US,2020,49,0.6327,0.0612,0.3163,-0.3265
US,2021,50,0.5600,0.1200,0.3800,-0.3600
US,2022,50,0.5400,0.1000,0.1700,-0.5500
US,2023,50,0.5918,0.0612,0.4400,-0.2300
US,2024,50,0.5000,0.1000,0.1900,-0.6800
US,2025,50,0.6600,0.0600,0.3300,-0.5000
