country_frame,cohort,n,n_clasificable,pct_no_clasificable,feliz,feliz_lo,feliz_hi,agridulce,ambiguo,tragico,tragico_lo,tragico_hi,optimismo,optimismo_lo,optimismo_hi,pct_optimistas,tono,tono_lo,tono_hi,pct_tono_pos,vision,tragedia_vitalista,no_feliz_optimista,optimistas_en_no_felices,optimistas_en_tragicos
ES,1980-1989,95,77,0.1895,0.2208,0.1427,0.3254,0.2597,0.1688,0.3506,0.2535,0.4620,-0.3167,-0.5079,-0.1254,0.2333,-0.8298,-1.0661,-0.5935,0.1596,-0.4661,0.0130,0.0779,0.1000,0.0370
ES,1990-1999,114,83,0.2719,0.2530,0.1719,0.3560,0.3855,0.0843,0.2771,0.1923,0.3816,0.0000,-0.1786,0.1786,0.4019,-0.4909,-0.6888,-0.2931,0.2182,-0.0296,0.0723,0.2530,0.3387,0.2609
ES,2000-2009,150,116,0.2267,0.2759,0.2027,0.3634,0.3879,0.0690,0.2672,0.1951,0.3543,0.0105,-0.1426,0.1635,0.3706,-0.6208,-0.8117,-0.4299,0.2483,-0.0047,0.0086,0.1724,0.2381,0.0323
ES,2010-2019,150,140,0.0667,0.3786,0.3025,0.4611,0.3500,0.0786,0.1929,0.1361,0.2661,-0.0544,-0.2095,0.1006,0.3605,-0.7181,-0.9035,-0.5327,0.1879,0.1866,0.0071,0.1500,0.2414,0.0370
ES,2020-2025,78,65,0.1667,0.3692,0.2623,0.4908,0.3385,0.1231,0.1692,0.0972,0.2782,-0.0455,-0.2422,0.1513,0.3896,-0.7763,-1.0262,-0.5264,0.1842,0.2039,0.0154,0.1538,0.2439,0.0909
US,1980-1989,498,498,0.0000,0.6185,0.5751,0.6601,0.2229,0.0582,0.1004,0.0770,0.1299,0.3805,0.2942,0.4668,0.5683,-0.1416,-0.2545,-0.0286,0.4137,0.6670,0.0060,0.1044,0.2737,0.0600
US,1990-1999,499,498,0.0020,0.6727,0.6303,0.7124,0.2309,0.0221,0.0743,0.0544,0.1007,0.4519,0.3640,0.5398,0.6273,-0.0531,-0.1607,0.0545,0.4048,0.8795,0.0100,0.1145,0.3497,0.1351
US,2000-2009,499,499,0.0000,0.6092,0.5657,0.6510,0.2685,0.0421,0.0802,0.0594,0.1073,0.4238,0.3376,0.5101,0.5852,-0.1333,-0.2489,-0.0177,0.4028,0.8275,0.0080,0.1182,0.3026,0.1000
US,2010-2019,500,500,0.0000,0.6320,0.5889,0.6731,0.2680,0.0440,0.0560,0.0390,0.0797,0.5270,0.4527,0.6013,0.6580,-0.1810,-0.2777,-0.0843,0.3440,0.9745,0.0080,0.1460,0.3967,0.1429
US,2020-2025,299,298,0.0033,0.5805,0.5238,0.6352,0.2517,0.0839,0.0839,0.0575,0.1209,0.3043,0.1972,0.4115,0.5318,-0.4415,-0.5670,-0.3159,0.2676,0.7940,0.0034,0.1074,0.2560,0.0400
