variable,valor,medida,n_1990s,n_2010_24,nivel_1990s,nivel_2010_24,diferencia,lo,hi
genre_main,Acción/aventura,feliz,172,391,0.7965,0.6923,-0.1042,-0.1815,-0.0290
genre_main,Acción/aventura,optimismo,172,391,0.5640,0.5703,0.0064,-0.1285,0.1460
genre_main,Acción/aventura,tono,172,391,-0.0581,-0.2673,-0.2091,-0.3982,-0.0290
genre_main,Acción/aventura,feel_good,172,391,6.8314,6.4744,-0.3570,-0.7280,0.0123
genre_main,Acción/aventura,utopia,172,391,4.9302,4.6918,-0.2384,-0.5816,0.0840
genre_main,Comedia,feliz,99,90,0.7980,0.6556,-0.1424,-0.2717,-0.0192
genre_main,Comedia,optimismo,99,90,0.9646,0.5167,-0.4480,-0.6859,-0.2010
genre_main,Comedia,tono,99,90,1.1263,0.4722,-0.6540,-0.8733,-0.4217
genre_main,Comedia,feel_good,99,90,7.8333,6.5833,-1.2500,-1.8743,-0.6060
genre_main,Comedia,utopia,99,90,5.5758,4.5611,-1.0146,-1.4131,-0.5969
genre_main,Drama,feliz,33,57,0.3333,0.4211,0.0877,-0.1212,0.2967
genre_main,Drama,optimismo,33,57,0.2879,0.3772,0.0893,-0.2982,0.4761
genre_main,Drama,tono,33,57,-0.6970,-0.4649,0.2321,-0.1492,0.6037
genre_main,Drama,feel_good,33,57,5.3182,5.6930,0.3748,-0.7329,1.4707
genre_main,Drama,utopia,33,57,4.2424,4.4649,0.2225,-0.5239,0.9458
genre_main,Terror,feliz,43,92,0.5349,0.3913,-0.1436,-0.3172,0.0364
genre_main,Terror,optimismo,43,92,-0.4535,-0.1957,0.2578,-0.0293,0.5534
genre_main,Terror,tono,43,92,-1.3256,-1.4022,-0.0766,-0.3543,0.1904
genre_main,Terror,feel_good,43,92,3.6977,3.5870,-0.1107,-1.0029,0.7806
genre_main,Terror,utopia,43,92,3.5233,3.2989,-0.2243,-0.7771,0.3356
genre_main,Thriller/crimen,feliz,65,64,0.3846,0.3125,-0.0721,-0.2423,0.0978
genre_main,Thriller/crimen,optimismo,65,64,-0.4385,-0.4609,-0.0225,-0.3173,0.2865
genre_main,Thriller/crimen,tono,65,64,-1.2769,-1.2188,0.0582,-0.1681,0.2837
genre_main,Thriller/crimen,feel_good,65,64,3.6000,3.6875,0.0875,-0.8092,0.9916
genre_main,Thriller/crimen,utopia,65,64,2.9000,3.2188,0.3188,-0.2048,0.8295
especulativa,CIENCIA_FICCION,feliz,68,165,0.7647,0.6000,-0.1647,-0.2834,-0.0357
especulativa,CIENCIA_FICCION,optimismo,68,165,0.6250,0.4909,-0.1341,-0.3780,0.1160
especulativa,CIENCIA_FICCION,tono,68,165,-0.0368,-0.4333,-0.3966,-0.7210,-0.0886
especulativa,CIENCIA_FICCION,feel_good,68,165,6.7426,6.1636,-0.5790,-1.2411,0.0654
especulativa,CIENCIA_FICCION,utopia,68,165,5.1544,4.3091,-0.8453,-1.4064,-0.2925
especulativa,FANTASIA,feliz,41,98,0.8537,0.8571,0.0035,-0.1207,0.1339
especulativa,FANTASIA,optimismo,41,98,1.1829,1.1173,-0.0656,-0.3335,0.2404
especulativa,FANTASIA,tono,41,98,1.0610,0.5255,-0.5355,-0.8176,-0.2519
especulativa,FANTASIA,feel_good,41,98,8.4878,8.0816,-0.4062,-1.1080,0.3311
especulativa,FANTASIA,utopia,41,98,6.3537,6.2857,-0.0679,-0.6170,0.5106
especulativa,NO,feliz,335,395,0.6537,0.5635,-0.0903,-0.1612,-0.0194
especulativa,NO,optimismo,335,395,0.4045,0.2709,-0.1336,-0.2718,0.0077
especulativa,NO,tono,335,395,-0.0851,-0.3684,-0.2833,-0.4479,-0.1097
especulativa,NO,feel_good,335,395,6.1358,5.5772,-0.5586,-0.9531,-0.1540
especulativa,NO,utopia,335,395,4.5090,4.1633,-0.3457,-0.6020,-0.0811
especulativa,SOBRENATURAL,feliz,50,61,0.5510,0.4918,-0.0592,-0.2513,0.1291
especulativa,SOBRENATURAL,optimismo,50,61,0.0100,0.0328,0.0228,-0.3320,0.3548
especulativa,SOBRENATURAL,tono,50,61,-0.7400,-0.8770,-0.1370,-0.5438,0.2621
especulativa,SOBRENATURAL,feel_good,50,61,5.3900,4.8525,-0.5375,-1.6907,0.6044
especulativa,SOBRENATURAL,utopia,50,61,4.1200,4.1311,0.0111,-0.6498,0.6648
clase_social,ALTA_ELITE,feliz,35,73,0.5429,0.6712,0.1284,-0.0693,0.3260
clase_social,ALTA_ELITE,optimismo,35,73,0.3857,0.6849,0.2992,-0.1897,0.7642
clase_social,ALTA_ELITE,tono,35,73,0.0714,0.0137,-0.0577,-0.5695,0.4198
clase_social,ALTA_ELITE,feel_good,35,73,6.0143,6.8562,0.8419,-0.3619,2.0359
clase_social,ALTA_ELITE,utopia,35,73,4.7571,5.4658,0.7086,-0.1308,1.5348
clase_social,MEDIA,feliz,170,194,0.6824,0.6031,-0.0793,-0.1830,0.0223
clase_social,MEDIA,optimismo,170,194,0.4529,0.3866,-0.0663,-0.2532,0.1235
clase_social,MEDIA,tono,170,194,-0.0412,-0.1624,-0.1212,-0.3540,0.1280
clase_social,MEDIA,feel_good,170,194,6.4441,5.9613,-0.4828,-1.0630,0.1134
clase_social,MEDIA,utopia,170,194,4.8441,4.5851,-0.2591,-0.6401,0.1202
clase_social,NO_CLARO,feliz,119,272,0.7119,0.6458,-0.0661,-0.1630,0.0342
clase_social,NO_CLARO,optimismo,119,272,0.5504,0.5846,0.0341,-0.1859,0.2597
clase_social,NO_CLARO,tono,119,272,0.1134,-0.1801,-0.2936,-0.5654,-0.0084
clase_social,NO_CLARO,feel_good,119,272,6.4538,6.3897,-0.0641,-0.6802,0.5434
clase_social,NO_CLARO,utopia,119,272,4.8067,4.7978,-0.0089,-0.4517,0.4581
clase_social,TRABAJADORA,feliz,147,223,0.6939,0.5919,-0.1019,-0.1963,-0.0025
clase_social,TRABAJADORA,optimismo,147,223,0.3776,0.2915,-0.0861,-0.2652,0.0922
clase_social,TRABAJADORA,tono,147,223,-0.2483,-0.5202,-0.2719,-0.4943,-0.0465
clase_social,TRABAJADORA,feel_good,147,223,6.2007,5.6794,-0.5213,-1.0416,-0.0143
clase_social,TRABAJADORA,utopia,147,223,4.4694,4.1547,-0.3147,-0.6749,0.0287
momento_vital,ADOLESCENCIA,feliz,39,69,0.7949,0.6957,-0.0992,-0.2598,0.0691
momento_vital,ADOLESCENCIA,optimismo,39,69,0.6282,0.8913,0.2631,-0.1110,0.6422
momento_vital,ADOLESCENCIA,tono,39,69,0.3205,0.0362,-0.2843,-0.7592,0.2046
momento_vital,ADOLESCENCIA,feel_good,39,69,6.8205,6.5725,-0.2480,-1.3077,0.7955
momento_vital,ADOLESCENCIA,utopia,39,69,5.0385,5.0435,0.0050,-0.7826,0.7782
momento_vital,CRISIS_VITAL,feliz,32,80,0.6250,0.3375,-0.2875,-0.4813,-0.1000
momento_vital,CRISIS_VITAL,optimismo,32,80,0.3906,-0.0375,-0.4281,-0.8438,-0.0094
momento_vital,CRISIS_VITAL,tono,32,80,-0.0469,-0.6562,-0.6094,-1.0750,-0.1375
momento_vital,CRISIS_VITAL,feel_good,32,80,7.0312,5.7000,-1.3312,-2.3500,-0.3280
momento_vital,CRISIS_VITAL,utopia,32,80,4.7188,4.4500,-0.2687,-0.8720,0.3250
momento_vital,JUVENTUD,feliz,99,178,0.5960,0.5593,-0.0366,-0.1525,0.0846
momento_vital,JUVENTUD,optimismo,99,178,0.6515,0.5337,-0.1178,-0.3447,0.1123
momento_vital,JUVENTUD,tono,99,178,0.0000,-0.3455,-0.3455,-0.6285,-0.0525
momento_vital,JUVENTUD,feel_good,99,178,5.9495,5.6966,-0.2529,-0.9553,0.4693
momento_vital,JUVENTUD,utopia,99,178,4.5505,4.5197,-0.0308,-0.4975,0.4355
momento_vital,MADUREZ,feliz,258,357,0.6395,0.6415,0.0019,-0.0750,0.0771
momento_vital,MADUREZ,optimismo,258,357,0.2151,0.2857,0.0706,-0.0725,0.2123
momento_vital,MADUREZ,tono,258,357,-0.3256,-0.3922,-0.0666,-0.2432,0.1009
momento_vital,MADUREZ,feel_good,258,357,5.8760,5.8123,-0.0636,-0.4804,0.3478
momento_vital,MADUREZ,utopia,258,357,4.4283,4.2605,-0.1678,-0.4695,0.1287
momento_vital,NO_CLARO,feliz,27,40,0.7308,0.7000,-0.0308,-0.2481,0.1962
momento_vital,NO_CLARO,optimismo,27,40,0.5370,1.0500,0.5130,0.0384,0.9764
momento_vital,NO_CLARO,tono,27,40,0.2407,0.4000,0.1593,-0.3713,0.6931
momento_vital,NO_CLARO,feel_good,27,40,6.6111,7.2250,0.6139,-0.6991,1.9537
momento_vital,NO_CLARO,utopia,27,40,4.9444,5.4750,0.5306,-0.4607,1.5269
genero_protagonista,HOMBRE,feliz,367,469,0.6612,0.6282,-0.0330,-0.0986,0.0316
genero_protagonista,HOMBRE,optimismo,367,469,0.4210,0.4179,-0.0031,-0.1323,0.1276
genero_protagonista,HOMBRE,tono,367,469,-0.0572,-0.2633,-0.2061,-0.3643,-0.0511
genero_protagonista,HOMBRE,feel_good,367,469,6.2684,6.1546,-0.1138,-0.4556,0.2350
genero_protagonista,HOMBRE,utopia,367,469,4.5967,4.5586,-0.0381,-0.2905,0.2213
genero_protagonista,MIXTO,feliz,54,112,0.6481,0.5804,-0.0678,-0.2312,0.0880
genero_protagonista,MIXTO,optimismo,54,112,0.3333,0.5000,0.1667,-0.1477,0.4843
genero_protagonista,MIXTO,tono,54,112,-0.1204,-0.2411,-0.1207,-0.5058,0.2523
genero_protagonista,MIXTO,feel_good,54,112,6.1759,5.9375,-0.2384,-1.2108,0.7321
genero_protagonista,MIXTO,utopia,54,112,4.6852,4.5089,-0.1763,-0.7892,0.4352
genero_protagonista,MUJER,feliz,63,186,0.6984,0.5538,-0.1446,-0.2780,-0.0061
genero_protagonista,MUJER,optimismo,63,186,0.4762,0.3414,-0.1348,-0.4179,0.1534
genero_protagonista,MUJER,tono,63,186,-0.2778,-0.4892,-0.2115,-0.5731,0.1470
genero_protagonista,MUJER,feel_good,63,186,6.0873,5.5134,-0.5739,-1.3952,0.2299
genero_protagonista,MUJER,utopia,63,186,4.7778,4.4059,-0.3719,-0.8820,0.1463
edad_protagonista,ADOLESCENTE,feliz,39,68,0.7949,0.6912,-0.1037,-0.2726,0.0686
edad_protagonista,ADOLESCENTE,optimismo,39,68,0.6282,0.8897,0.2615,-0.1094,0.6390
edad_protagonista,ADOLESCENTE,tono,39,68,0.3205,0.0221,-0.2985,-0.7568,0.1819
edad_protagonista,ADOLESCENTE,feel_good,39,68,6.8205,6.5515,-0.2690,-1.2951,0.7953
edad_protagonista,ADOLESCENTE,utopia,39,68,5.0385,5.0368,-0.0017,-0.7755,0.7551
edad_protagonista,ADULTO,feliz,264,412,0.6818,0.6141,-0.0677,-0.1397,0.0061
edad_protagonista,ADULTO,optimismo,264,412,0.3087,0.2743,-0.0344,-0.1722,0.1064
edad_protagonista,ADULTO,tono,264,412,-0.2330,-0.3714,-0.1384,-0.3069,0.0396
edad_protagonista,ADULTO,feel_good,264,412,6.1818,5.9090,-0.2728,-0.6624,0.1294
edad_protagonista,ADULTO,utopia,264,412,4.5284,4.3823,-0.1461,-0.4363,0.1411
edad_protagonista,JOVEN,feliz,106,194,0.5943,0.5544,-0.0399,-0.1541,0.0807
edad_protagonista,JOVEN,optimismo,106,194,0.6226,0.5000,-0.1226,-0.3398,0.0985
edad_protagonista,JOVEN,tono,106,194,0.0047,-0.3737,-0.3784,-0.6542,-0.0987
edad_protagonista,JOVEN,feel_good,106,194,6.0094,5.7088,-0.3007,-0.9592,0.3927
edad_protagonista,JOVEN,utopia,106,194,4.5660,4.5232,-0.0428,-0.4913,0.4003
edad_protagonista,NO_CLARO,feliz,26,36,0.6538,0.7778,0.1239,-0.1068,0.3547
edad_protagonista,NO_CLARO,optimismo,26,36,0.5385,1.0556,0.5171,0.0481,0.9808
edad_protagonista,NO_CLARO,tono,26,36,-0.0192,0.4444,0.4637,-0.1454,1.0791
edad_protagonista,NO_CLARO,feel_good,26,36,6.2115,7.6111,1.3996,-0.0577,2.8549
edad_protagonista,NO_CLARO,utopia,26,36,4.7500,5.7222,0.9722,-0.0545,1.9799
estado_civil,CASADO,feliz,73,112,0.6575,0.5804,-0.0772,-0.2183,0.0592
estado_civil,CASADO,optimismo,73,112,0.3493,0.2991,-0.0502,-0.3104,0.2264
estado_civil,CASADO,tono,73,112,-0.2740,-0.4821,-0.2082,-0.5486,0.1193
estado_civil,CASADO,feel_good,73,112,6.3082,5.5536,-0.7546,-1.5558,0.0442
estado_civil,CASADO,utopia,73,112,4.5342,4.3393,-0.1950,-0.7384,0.3240
estado_civil,EN_PAREJA,feliz,58,63,0.7586,0.5714,-0.1872,-0.3500,-0.0203
estado_civil,EN_PAREJA,optimismo,58,63,0.6293,0.2857,-0.3436,-0.6769,-0.0097
estado_civil,EN_PAREJA,tono,58,63,0.2155,-0.3968,-0.6123,-0.9966,-0.2156
estado_civil,EN_PAREJA,feel_good,58,63,6.6983,5.5397,-1.1586,-2.0972,-0.2318
estado_civil,EN_PAREJA,utopia,58,63,4.8534,4.4444,-0.4090,-1.0004,0.1927
estado_civil,NO_CLARO,feliz,90,163,0.5843,0.5432,-0.0411,-0.1702,0.0898
estado_civil,NO_CLARO,optimismo,90,163,0.0111,0.3528,0.3416,0.0902,0.5830
estado_civil,NO_CLARO,tono,90,163,-0.6222,-0.4816,0.1406,-0.1430,0.4116
estado_civil,NO_CLARO,feel_good,90,163,5.2333,5.7607,0.5274,-0.1601,1.2271
estado_civil,NO_CLARO,utopia,90,163,4.1500,4.2669,0.1169,-0.3800,0.6168
estado_civil,SOLTERO,feliz,247,387,0.6842,0.6667,-0.0175,-0.0913,0.0562
estado_civil,SOLTERO,optimismo,247,387,0.6377,0.6098,-0.0278,-0.1702,0.1150
estado_civil,SOLTERO,tono,247,387,0.1842,-0.0736,-0.2579,-0.4416,-0.0783
estado_civil,SOLTERO,feel_good,247,387,6.5668,6.3992,-0.1676,-0.5955,0.2625
estado_civil,SOLTERO,utopia,247,387,4.8927,4.8191,-0.0736,-0.3786,0.2375
humor,ALGO,feliz,205,379,0.7220,0.6887,-0.0333,-0.1113,0.0460
humor,ALGO,optimismo,205,379,0.5829,0.6649,0.0820,-0.0732,0.2324
humor,ALGO,tono,205,379,0.0049,-0.0092,-0.0141,-0.1810,0.1517
humor,ALGO,feel_good,205,379,6.6854,6.5119,-0.1735,-0.6053,0.2588
humor,ALGO,utopia,205,379,4.9561,4.9723,0.0162,-0.3069,0.3460
humor,CENTRAL,feliz,133,128,0.8797,0.9062,0.0266,-0.0495,0.1023
humor,CENTRAL,optimismo,133,128,1.0639,0.9492,-0.1147,-0.2828,0.0495
humor,CENTRAL,tono,133,128,1.2218,0.9922,-0.2296,-0.3915,-0.0735
humor,CENTRAL,feel_good,133,128,8.0338,8.0977,0.0638,-0.3389,0.4504
humor,CENTRAL,utopia,133,128,5.6617,5.6016,-0.0601,-0.4308,0.2945
humor,NINGUNO,feliz,161,292,0.4375,0.3849,-0.0526,-0.1520,0.0389
humor,NINGUNO,optimismo,161,292,-0.2205,-0.0651,0.1554,-0.0096,0.3253
humor,NINGUNO,tono,161,292,-1.1801,-1.1849,-0.0048,-0.1288,0.1207
humor,NINGUNO,feel_good,161,292,4.4441,4.5634,0.1193,-0.3706,0.6222
humor,NINGUNO,utopia,161,292,3.5870,3.5976,0.0106,-0.3151,0.3373
contemporanea,"De época, futura o ficticia",feliz,145,296,0.5069,0.5458,0.0388,-0.0544,0.1425
contemporanea,"De época, futura o ficticia",optimismo,145,296,0.4793,0.5287,0.0494,-0.1547,0.2541
contemporanea,"De época, futura o ficticia",tono,145,296,-0.2000,-0.3446,-0.1446,-0.3648,0.0889
contemporanea,"De época, futura o ficticia",feel_good,145,296,5.9138,6.0929,0.1791,-0.3526,0.7560
contemporanea,"De época, futura o ficticia",utopia,145,296,4.6207,4.6672,0.0465,-0.3808,0.5063
contemporanea,Contemporánea,feliz,354,503,0.7401,0.6521,-0.0880,-0.1501,-0.0271
contemporanea,Contemporánea,optimismo,354,503,0.4407,0.3936,-0.0470,-0.1714,0.0759
contemporanea,Contemporánea,tono,354,503,0.0071,-0.2396,-0.2466,-0.4068,-0.0883
contemporanea,Contemporánea,feel_good,354,503,6.4887,6.0308,-0.4579,-0.8168,-0.0939
contemporanea,Contemporánea,utopia,354,503,4.7359,4.5139,-0.2220,-0.4560,0.0160
