variable,n,acuerdo_pct,kappa,alfa_intervalo,jaccard
final,30,0.9,0.8546042003231017,,
supervivencia,30,0.9666666666666667,0.9334811529933482,,
objetivo,30,0.8666666666666667,0.7802197802197802,,
relaciones,30,0.9,0.859594383775351,,
justicia_narrativa,30,0.8,0.7424892703862661,,
tono_cierre,30,0.8333333333333334,0.7916666666666666,,
genero_protagonista,30,0.9666666666666667,0.9472759226713533,,
edad_protagonista,30,0.8333333333333334,0.7678018575851392,,
momento_vital,30,0.6333333333333333,0.5441988950276242,,
estado_civil,30,0.8333333333333334,0.6963562753036437,,
clase_social,30,0.6,0.48717948717948717,,
especulativa,30,0.9666666666666667,0.9280575539568345,,
epoca_trama,30,0.8666666666666667,0.7683397683397684,,
humor,30,0.9,0.8214285714285714,,
tono_general,29,,,0.926672384219554,
optimismo_personajes,29,,,0.9181269750071819,
agencia,26,,,0.9222560975609756,
cambio,25,,,0.9053793103448275,
vinculos,25,,,0.8950749464668094,
futuro,25,,,0.8710903244665302,
relaciones_centrales,30,,,,0.7833333333333333
paises_trama,30,,,,0.9533333333333334
