marco,grupo,n,feliz,ic95_inf,ic95_sup
popular,1980-1999,95,0.7368,0.6403,0.8149
popular,2000-2009,56,0.5357,0.4070,0.6598
popular,2010-2024,146,0.6018,0.5164,0.6814
popular,1980-1989,43,0.7674,0.6226,0.8685
popular,1990-1999,52,0.7115,0.5773,0.8167
popular,diferencia 2010-2024 − 1980-1999,241,-0.1350,-0.2525,-0.0131
amplio,1980-1999,21,0.6806,0.4653,0.8392
amplio,2000-2009,8,0.7519,0.4108,0.9294
amplio,2010-2024,21,0.7726,0.5423,0.9069
amplio,1980-1989,11,0.5468,0.2810,0.7883
amplio,1990-1999,10,0.7935,0.4836,0.9404
amplio,diferencia 2010-2024 − 1980-1999,42,0.0919,-0.1595,0.3339
