comparacion,variable,diff,diff_lo,diff_hi,ratio,ratio_lo,ratio_hi,n1,n0,n_ef1,n_ef0,marco
1980-1989 − 1990-1999,y_feliz,-0.0933,-0.2000,0.0200,0.8586,0.7170,1.0297,150,150,150.0000,150.0000,popular
2000-2009 − 1990-1999,y_feliz,-0.0867,-0.1933,0.0267,0.8687,0.7264,1.0408,150,150,150.0000,150.0000,popular
2010-2019 − 1990-1999,y_feliz,-0.0733,-0.1867,0.0333,0.8889,0.7407,1.0575,150,150,150.0000,150.0000,popular
2020-2024 − 1990-1999,y_feliz,-0.1030,-0.2100,0.0043,0.8440,0.7008,1.0067,149,150,149.0000,150.0000,popular
2010-2024 − 1990-1999,y_feliz,-0.0832,-0.1766,0.0125,0.8740,0.7540,1.0214,299,150,269.1602,150.0000,popular
1980-1989 − 1990-1999,y_agridulce,0.0200,-0.0800,0.1200,1.0811,0.7272,1.6071,150,150,150.0000,150.0000,popular
2000-2009 − 1990-1999,y_agridulce,0.0400,-0.0600,0.1400,1.1622,0.7955,1.7143,150,150,150.0000,150.0000,popular
2010-2019 − 1990-1999,y_agridulce,0.0467,-0.0533,0.1467,1.1892,0.8182,1.7586,150,150,150.0000,150.0000,popular
2020-2024 − 1990-1999,y_agridulce,0.0352,-0.0650,0.1356,1.1428,0.7830,1.6988,149,150,149.0000,150.0000,popular
2010-2024 − 1990-1999,y_agridulce,0.0429,-0.0439,0.1296,1.1738,0.8537,1.6828,299,150,269.1602,150.0000,popular
1980-1989 − 1990-1999,y_ambiguo,0.0467,0.0000,0.0933,3.3333,1.0000,13.0000,150,150,150.0000,150.0000,popular
2000-2009 − 1990-1999,y_ambiguo,0.0600,0.0133,0.1133,4.0000,1.3333,15.0000,150,150,150.0000,150.0000,popular
2010-2019 − 1990-1999,y_ambiguo,0.0467,0.0000,0.0933,3.3333,1.0000,13.0000,150,150,150.0000,150.0000,popular
2020-2024 − 1990-1999,y_ambiguo,0.0605,0.0136,0.1075,4.0268,1.3842,15.1007,149,150,149.0000,150.0000,popular
2010-2024 − 1990-1999,y_ambiguo,0.0513,0.0134,0.0891,3.5635,1.3363,13.0290,299,150,269.1602,150.0000,popular
1980-1989 − 1990-1999,y_tragico,0.0267,-0.0400,0.0933,1.3636,0.6190,3.2000,150,150,150.0000,150.0000,popular
2000-2009 − 1990-1999,y_tragico,-0.0133,-0.0733,0.0467,0.8182,0.3077,2.1250,150,150,150.0000,150.0000,popular
2010-2019 − 1990-1999,y_tragico,-0.0200,-0.0733,0.0333,0.7273,0.2500,1.8333,150,150,150.0000,150.0000,popular
2020-2024 − 1990-1999,y_tragico,0.0072,-0.0531,0.0674,1.0982,0.4576,2.5887,149,150,149.0000,150.0000,popular
2010-2024 − 1990-1999,y_tragico,-0.0110,-0.0621,0.0379,0.8504,0.4112,1.9376,299,150,269.1602,150.0000,popular
1980-1989 − 1990-1999,y_tono_positivo,-0.0403,-0.1342,0.0537,0.9487,0.8346,1.0762,149,149,149.0000,149.0000,popular
2000-2009 − 1990-1999,y_tono_positivo,-0.0352,-0.1296,0.0591,0.9551,0.8417,1.0800,148,149,148.0000,149.0000,popular
2010-2019 − 1990-1999,y_tono_positivo,0.0039,-0.0845,0.0980,1.0049,0.8944,1.1302,147,149,147.0000,149.0000,popular
2020-2024 − 1990-1999,y_tono_positivo,-0.0555,-0.1561,0.0390,0.9293,0.8135,1.0534,148,149,148.0000,149.0000,popular
2010-2024 − 1990-1999,y_tono_positivo,-0.0160,-0.0987,0.0649,0.9796,0.8823,1.0891,295,149,265.4402,149.0000,popular
1980-1989 − 1990-1999,vision_vida,-0.2700,-0.4842,-0.0525,0.6938,0.4931,0.9323,150,150,150.0000,150.0000,popular
2000-2009 − 1990-1999,vision_vida,-0.0433,-0.2608,0.1658,0.9509,0.7303,1.2162,150,150,150.0000,150.0000,popular
2010-2019 − 1990-1999,vision_vida,0.1042,-0.0975,0.3067,1.1181,0.8999,1.4036,150,150,150.0000,150.0000,popular
2020-2024 − 1990-1999,vision_vida,-0.0302,-0.2385,0.1780,0.9658,0.7548,1.2307,149,150,149.0000,150.0000,popular
2010-2024 − 1990-1999,vision_vida,0.0596,-0.1208,0.2367,1.0676,0.8778,1.3116,299,150,269.1602,150.0000,popular
1980-1989 − 1990-1999,y_feliz,-0.0918,-0.2900,0.1059,0.8621,0.6141,1.1887,47,42,46.9453,41.9573,amplio
2000-2009 − 1990-1999,y_feliz,0.0105,-0.1789,0.2020,1.0157,0.7600,1.3723,43,42,42.9588,41.9573,amplio
2010-2019 − 1990-1999,y_feliz,-0.1943,-0.3853,0.0042,0.7081,0.4797,1.0074,47,42,46.9565,41.9573,amplio
2020-2024 − 1990-1999,y_feliz,-0.1032,-0.3019,0.0976,0.8450,0.6027,1.1744,48,42,47.9548,41.9573,amplio
2010-2024 − 1990-1999,y_feliz,-0.1666,-0.3380,0.0091,0.7498,0.5578,1.0164,95,42,81.7192,41.9573,amplio
1980-1989 − 1990-1999,y_agridulce,-0.0284,-0.2013,0.1464,0.8920,0.4039,1.8230,47,42,46.9453,41.9573,amplio
2000-2009 − 1990-1999,y_agridulce,-0.1252,-0.2881,0.0381,0.5236,0.1611,1.2016,43,42,42.9588,41.9573,amplio
2010-2019 − 1990-1999,y_agridulce,0.0132,-0.1654,0.1914,1.0501,0.5238,2.1383,47,42,46.9565,41.9573,amplio
2020-2024 − 1990-1999,y_agridulce,-0.0347,-0.2047,0.1396,0.8680,0.3978,1.8375,48,42,47.9548,41.9573,amplio
2010-2024 − 1990-1999,y_agridulce,-0.0014,-0.1620,0.1535,0.9947,0.5477,1.9566,95,42,81.7192,41.9573,amplio
1980-1989 − 1990-1999,y_ambiguo,0.0640,0.0000,0.1473,,,,47,42,46.9453,41.9573,amplio
2000-2009 − 1990-1999,y_ambiguo,0.0710,0.0000,0.1451,,,,43,42,42.9588,41.9573,amplio
2010-2019 − 1990-1999,y_ambiguo,0.0208,0.0000,0.0625,,,,47,42,46.9565,41.9573,amplio
2020-2024 − 1990-1999,y_ambiguo,0.1047,0.0217,0.1915,,,,48,42,47.9548,41.9573,amplio
2010-2024 − 1990-1999,y_ambiguo,0.0463,0.0128,0.0881,,,,95,42,81.7192,41.9573,amplio
1980-1989 − 1990-1999,y_tragico,0.0563,-0.0606,0.1846,1.7892,0.4441,7.3305,47,42,46.9453,41.9573,amplio
2000-2009 − 1990-1999,y_tragico,0.0437,-0.0734,0.1613,1.6126,0.3393,6.8264,43,42,42.9588,41.9573,amplio
2010-2019 − 1990-1999,y_tragico,0.1603,0.0243,0.2995,3.2489,1.1676,11.9783,47,42,46.9565,41.9573,amplio
2020-2024 − 1990-1999,y_tragico,0.0333,-0.0788,0.1465,1.4666,0.3049,6.1905,48,42,47.9548,41.9573,amplio
2010-2024 − 1990-1999,y_tragico,0.1217,0.0040,0.2347,2.7064,1.0246,9.8262,95,42,81.7192,41.9573,amplio
1980-1989 − 1990-1999,y_tono_positivo,-0.0122,-0.1793,0.1514,0.9850,0.7908,1.2108,44,42,43.9473,41.9573,amplio
2000-2009 − 1990-1999,y_tono_positivo,-0.0268,-0.1975,0.1436,0.9668,0.7696,1.2056,41,42,40.9601,41.9573,amplio
2010-2019 − 1990-1999,y_tono_positivo,-0.1524,-0.3295,0.0298,0.8115,0.6235,1.0420,46,42,45.9570,41.9573,amplio
2020-2024 − 1990-1999,y_tono_positivo,-0.0376,-0.2036,0.1325,0.9534,0.7654,1.1841,48,42,47.9548,41.9573,amplio
2010-2024 − 1990-1999,y_tono_positivo,-0.1169,-0.2657,0.0437,0.8553,0.6979,1.0629,94,42,80.7537,41.9573,amplio
1980-1989 − 1990-1999,vision_vida,-0.2052,-0.5935,0.1833,0.7477,0.3778,1.3053,46,41,45.9462,40.9581,amplio
2000-2009 − 1990-1999,vision_vida,-0.1699,-0.5873,0.2353,0.7912,0.3770,1.3915,44,41,43.9581,40.9581,amplio
2010-2019 − 1990-1999,vision_vida,-0.6632,-1.0916,-0.2269,0.1848,-0.2197,0.6433,49,41,48.9555,40.9581,amplio
2020-2024 − 1990-1999,vision_vida,-0.1361,-0.5416,0.2648,0.8327,0.4274,1.4353,48,41,47.9548,40.9581,amplio
2010-2024 − 1990-1999,vision_vida,-0.5072,-0.8769,-0.1317,0.3764,0.0710,0.7874,97,41,83.6544,40.9581,amplio
