frame,periodo,genre_main,n_peliculas,n_no_clasificables,medida,variable,n,estimacion,ic95_inf,ic95_sup,n_efectivo
amplio,1980-1989,Acción/aventura,14,3,Final feliz,y_feliz,11,0.5468,0.2810,0.7883,10.9871
amplio,1980-1989,Acción/aventura,14,3,Final agridulce,y_agridulce,11,0.1825,0.0516,0.4779,10.9871
amplio,1980-1989,Acción/aventura,14,3,Final ambiguo,y_ambiguo,11,0.0943,0.0173,0.3816,10.9871
amplio,1980-1989,Acción/aventura,14,3,Final trágico,y_tragico,11,0.1764,0.0489,0.4715,10.9871
amplio,1980-1989,Acción/aventura,14,3,Feliz o agridulce,y_resolucion_positiva,11,0.7293,0.4361,0.9037,10.9871
amplio,1980-1989,Acción/aventura,14,3,Tono de cierre positivo,y_tono_positivo,9,0.7786,0.4532,0.9372,8.9901
amplio,1980-1989,Acción/aventura,14,3,Protagonista sobrevive,y_sobrevive,10,0.9034,0.5995,0.9832,9.9887
amplio,1980-1989,Acción/aventura,14,3,Objetivo logrado,y_objetivo,11,0.8236,0.5285,0.9511,10.9871
amplio,1980-1989,Acción/aventura,14,3,Justicia narrativa,y_justicia,11,0.6350,0.3525,0.8475,10.9871
amplio,1980-1989,Acción/aventura,14,3,Vínculos fortalecidos,y_relaciones,10,0.8000,0.4900,0.9434,9.9887
amplio,1980-1989,Acción/aventura,14,3,Visión de la vida (−2 a +2),vision_vida,10,0.8238,0.2221,1.4256,
amplio,1980-1989,Ciencia ficción/fantasía,3,0,Final feliz,y_feliz,3,0.6733,0.2112,0.9407,2.9965
amplio,1980-1989,Ciencia ficción/fantasía,3,0,Final agridulce,y_agridulce,3,0.3267,0.0593,0.7888,2.9965
amplio,1980-1989,Ciencia ficción/fantasía,3,0,Final ambiguo,y_ambiguo,3,0.0000,0.0000,0.5618,2.9965
amplio,1980-1989,Ciencia ficción/fantasía,3,0,Final trágico,y_tragico,3,0.0000,0.0000,0.5618,2.9965
amplio,1980-1989,Ciencia ficción/fantasía,3,0,Feliz o agridulce,y_resolucion_positiva,3,1.0000,0.4382,1.0000,2.9965
amplio,1980-1989,Ciencia ficción/fantasía,3,0,Tono de cierre positivo,y_tono_positivo,3,1.0000,0.4382,1.0000,2.9965
amplio,1980-1989,Ciencia ficción/fantasía,3,0,Protagonista sobrevive,y_sobrevive,3,1.0000,0.4382,1.0000,2.9965
amplio,1980-1989,Ciencia ficción/fantasía,3,0,Objetivo logrado,y_objetivo,2,1.0000,0.3421,1.0000,1.9972
amplio,1980-1989,Ciencia ficción/fantasía,3,0,Justicia narrativa,y_justicia,3,0.6506,0.1988,0.9332,2.9965
amplio,1980-1989,Ciencia ficción/fantasía,3,0,Vínculos fortalecidos,y_relaciones,3,0.6733,0.2112,0.9407,2.9965
amplio,1980-1989,Ciencia ficción/fantasía,3,0,Visión de la vida (−2 a +2),vision_vida,3,1.2145,0.2153,2.2137,
amplio,1980-1989,Comedia,12,0,Final feliz,y_feliz,12,0.8373,0.5561,0.9549,11.9860
amplio,1980-1989,Comedia,12,0,Final agridulce,y_agridulce,12,0.0810,0.0141,0.3512,11.9860
amplio,1980-1989,Comedia,12,0,Final ambiguo,y_ambiguo,12,0.0817,0.0143,0.3521,11.9860
amplio,1980-1989,Comedia,12,0,Final trágico,y_tragico,12,0.0000,0.0000,0.2427,11.9860
amplio,1980-1989,Comedia,12,0,Feliz o agridulce,y_resolucion_positiva,12,0.9183,0.6479,0.9857,11.9860
amplio,1980-1989,Comedia,12,0,Tono de cierre positivo,y_tono_positivo,11,1.0000,0.7409,1.0000,10.9865
amplio,1980-1989,Comedia,12,0,Protagonista sobrevive,y_sobrevive,11,1.0000,0.7409,1.0000,10.9865
amplio,1980-1989,Comedia,12,0,Objetivo logrado,y_objetivo,8,1.0000,0.6753,1.0000,7.9909
amplio,1980-1989,Comedia,12,0,Justicia narrativa,y_justicia,6,0.5013,0.1883,0.8133,5.9930
amplio,1980-1989,Comedia,12,0,Vínculos fortalecidos,y_relaciones,11,0.6403,0.3570,0.8509,10.9865
amplio,1980-1989,Comedia,12,0,Visión de la vida (−2 a +2),vision_vida,12,1.1383,0.7814,1.4952,
amplio,1980-1989,Drama,4,0,Final feliz,y_feliz,4,0.2447,0.0439,0.6958,3.9958
amplio,1980-1989,Drama,4,0,Final agridulce,y_agridulce,4,0.5106,0.1554,0.8554,3.9958
amplio,1980-1989,Drama,4,0,Final ambiguo,y_ambiguo,4,0.0000,0.0000,0.4902,3.9958
amplio,1980-1989,Drama,4,0,Final trágico,y_tragico,4,0.2447,0.0439,0.6958,3.9958
amplio,1980-1989,Drama,4,0,Feliz o agridulce,y_resolucion_positiva,4,0.7553,0.3042,0.9561,3.9958
amplio,1980-1989,Drama,4,0,Tono de cierre positivo,y_tono_positivo,4,0.7553,0.3042,0.9561,3.9958
amplio,1980-1989,Drama,4,0,Protagonista sobrevive,y_sobrevive,4,1.0000,0.5098,1.0000,3.9958
amplio,1980-1989,Drama,4,0,Objetivo logrado,y_objetivo,3,0.6676,0.2082,0.9388,3.0000
amplio,1980-1989,Drama,4,0,Justicia narrativa,y_justicia,4,0.0000,0.0000,0.4902,3.9958
amplio,1980-1989,Drama,4,0,Vínculos fortalecidos,y_relaciones,4,0.0000,0.0000,0.4902,3.9958
amplio,1980-1989,Drama,4,0,Visión de la vida (−2 a +2),vision_vida,4,-0.2260,-2.0152,1.5633,
amplio,1980-1989,Romance,3,0,Final feliz,y_feliz,3,0.3267,0.0593,0.7888,2.9965
amplio,1980-1989,Romance,3,0,Final agridulce,y_agridulce,3,0.3240,0.0584,0.7873,2.9965
amplio,1980-1989,Romance,3,0,Final ambiguo,y_ambiguo,3,0.0000,0.0000,0.5618,2.9965
amplio,1980-1989,Romance,3,0,Final trágico,y_tragico,3,0.3494,0.0668,0.8012,2.9965
amplio,1980-1989,Romance,3,0,Feliz o agridulce,y_resolucion_positiva,3,0.6506,0.1988,0.9332,2.9965
amplio,1980-1989,Romance,3,0,Tono de cierre positivo,y_tono_positivo,3,0.3267,0.0593,0.7888,2.9965
amplio,1980-1989,Romance,3,0,Protagonista sobrevive,y_sobrevive,3,0.6506,0.1988,0.9332,2.9965
amplio,1980-1989,Romance,3,0,Objetivo logrado,y_objetivo,3,0.3267,0.0593,0.7888,2.9965
amplio,1980-1989,Romance,3,0,Justicia narrativa,y_justicia,2,0.5189,0.1010,0.9119,1.9972
amplio,1980-1989,Romance,3,0,Vínculos fortalecidos,y_relaciones,3,0.3267,0.0593,0.7888,2.9965
amplio,1980-1989,Romance,3,0,Visión de la vida (−2 a +2),vision_vida,3,0.3484,-2.1497,2.8466,
amplio,1980-1989,Terror,11,0,Final feliz,y_feliz,11,0.6304,0.3486,0.8446,10.9884
amplio,1980-1989,Terror,11,0,Final agridulce,y_agridulce,11,0.0957,0.0177,0.3831,10.9884
amplio,1980-1989,Terror,11,0,Final ambiguo,y_ambiguo,11,0.0895,0.0158,0.3759,10.9884
amplio,1980-1989,Terror,11,0,Final trágico,y_tragico,11,0.1844,0.0525,0.4798,10.9884
amplio,1980-1989,Terror,11,0,Feliz o agridulce,y_resolucion_positiva,11,0.7261,0.4331,0.9019,10.9884
amplio,1980-1989,Terror,11,0,Tono de cierre positivo,y_tono_positivo,11,0.7261,0.4331,0.9019,10.9884
amplio,1980-1989,Terror,11,0,Protagonista sobrevive,y_sobrevive,10,0.6923,0.3899,0.8879,9.9887
amplio,1980-1989,Terror,11,0,Objetivo logrado,y_objetivo,9,0.6664,0.3538,0.8793,8.9891
amplio,1980-1989,Terror,11,0,Justicia narrativa,y_justicia,9,0.5502,0.2626,0.8078,8.9895
amplio,1980-1989,Terror,11,0,Vínculos fortalecidos,y_relaciones,8,0.4952,0.2119,0.7817,7.9900
amplio,1980-1989,Terror,11,0,Visión de la vida (−2 a +2),vision_vida,11,0.1430,-0.6432,0.9292,
amplio,1980-1989,Thriller/crimen,3,0,Final feliz,y_feliz,3,0.0000,0.0000,0.5618,2.9965
amplio,1980-1989,Thriller/crimen,3,0,Final agridulce,y_agridulce,3,1.0000,0.4382,1.0000,2.9965
amplio,1980-1989,Thriller/crimen,3,0,Final ambiguo,y_ambiguo,3,0.0000,0.0000,0.5618,2.9965
amplio,1980-1989,Thriller/crimen,3,0,Final trágico,y_tragico,3,0.0000,0.0000,0.5618,2.9965
amplio,1980-1989,Thriller/crimen,3,0,Feliz o agridulce,y_resolucion_positiva,3,1.0000,0.4382,1.0000,2.9965
amplio,1980-1989,Thriller/crimen,3,0,Tono de cierre positivo,y_tono_positivo,3,0.6733,0.2112,0.9407,2.9965
amplio,1980-1989,Thriller/crimen,3,0,Protagonista sobrevive,y_sobrevive,3,1.0000,0.4382,1.0000,2.9965
amplio,1980-1989,Thriller/crimen,3,0,Objetivo logrado,y_objetivo,3,0.6733,0.2112,0.9407,2.9965
amplio,1980-1989,Thriller/crimen,3,0,Justicia narrativa,y_justicia,3,0.3240,0.0584,0.7873,2.9965
amplio,1980-1989,Thriller/crimen,3,0,Vínculos fortalecidos,y_relaciones,3,0.0000,0.0000,0.5618,2.9965
amplio,1980-1989,Thriller/crimen,3,0,Visión de la vida (−2 a +2),vision_vida,3,0.2152,-0.4397,0.8701,
amplio,1990-1999,Acción/aventura,13,3,Final feliz,y_feliz,10,0.7935,0.4836,0.9404,9.9894
amplio,1990-1999,Acción/aventura,13,3,Final agridulce,y_agridulce,10,0.1033,0.0189,0.4080,9.9894
amplio,1990-1999,Acción/aventura,13,3,Final ambiguo,y_ambiguo,10,0.0000,0.0000,0.2777,9.9894
amplio,1990-1999,Acción/aventura,13,3,Final trágico,y_tragico,10,0.1033,0.0189,0.4080,9.9894
amplio,1990-1999,Acción/aventura,13,3,Feliz o agridulce,y_resolucion_positiva,10,0.8967,0.5920,0.9811,9.9894
amplio,1990-1999,Acción/aventura,13,3,Tono de cierre positivo,y_tono_positivo,10,0.8967,0.5920,0.9811,9.9894
amplio,1990-1999,Acción/aventura,13,3,Protagonista sobrevive,y_sobrevive,10,0.7935,0.4836,0.9404,9.9894
amplio,1990-1999,Acción/aventura,13,3,Objetivo logrado,y_objetivo,10,0.7935,0.4836,0.9404,9.9894
amplio,1990-1999,Acción/aventura,13,3,Justicia narrativa,y_justicia,10,1.0000,0.7223,1.0000,9.9894
amplio,1990-1999,Acción/aventura,13,3,Vínculos fortalecidos,y_relaciones,9,0.6642,0.3520,0.8780,8.9908
amplio,1990-1999,Acción/aventura,13,3,Visión de la vida (−2 a +2),vision_vida,9,1.0328,0.3726,1.6931,
amplio,1990-1999,Animación,1,0,Final feliz,y_feliz,1,1.0000,0.2065,1.0000,1.0000
amplio,1990-1999,Animación,1,0,Final agridulce,y_agridulce,1,0.0000,0.0000,0.7935,1.0000
amplio,1990-1999,Animación,1,0,Final ambiguo,y_ambiguo,1,0.0000,0.0000,0.7935,1.0000
amplio,1990-1999,Animación,1,0,Final trágico,y_tragico,1,0.0000,0.0000,0.7935,1.0000
amplio,1990-1999,Animación,1,0,Feliz o agridulce,y_resolucion_positiva,1,1.0000,0.2065,1.0000,1.0000
amplio,1990-1999,Animación,1,0,Tono de cierre positivo,y_tono_positivo,1,1.0000,0.2065,1.0000,1.0000
amplio,1990-1999,Animación,1,0,Protagonista sobrevive,y_sobrevive,1,1.0000,0.2065,1.0000,1.0000
amplio,1990-1999,Animación,1,0,Objetivo logrado,y_objetivo,1,1.0000,0.2065,1.0000,1.0000
amplio,1990-1999,Animación,1,0,Justicia narrativa,y_justicia,1,1.0000,0.2065,1.0000,1.0000
amplio,1990-1999,Animación,1,0,Vínculos fortalecidos,y_relaciones,1,1.0000,0.2065,1.0000,1.0000
amplio,1990-1999,Animación,1,0,Visión de la vida (−2 a +2),vision_vida,1,2.0000,,,
amplio,1990-1999,Ciencia ficción/fantasía,2,0,Final feliz,y_feliz,2,0.4842,0.0891,0.9001,1.9980
amplio,1990-1999,Ciencia ficción/fantasía,2,0,Final agridulce,y_agridulce,2,0.5158,0.0999,0.9109,1.9980
amplio,1990-1999,Ciencia ficción/fantasía,2,0,Final ambiguo,y_ambiguo,2,0.0000,0.0000,0.6578,1.9980
amplio,1990-1999,Ciencia ficción/fantasía,2,0,Final trágico,y_tragico,2,0.0000,0.0000,0.6578,1.9980
amplio,1990-1999,Ciencia ficción/fantasía,2,0,Feliz o agridulce,y_resolucion_positiva,2,1.0000,0.3422,1.0000,1.9980
amplio,1990-1999,Ciencia ficción/fantasía,2,0,Tono de cierre positivo,y_tono_positivo,2,0.4842,0.0891,0.9001,1.9980
amplio,1990-1999,Ciencia ficción/fantasía,2,0,Protagonista sobrevive,y_sobrevive,2,1.0000,0.3422,1.0000,1.9980
amplio,1990-1999,Ciencia ficción/fantasía,2,0,Objetivo logrado,y_objetivo,1,1.0000,0.2065,1.0000,1.0000
amplio,1990-1999,Ciencia ficción/fantasía,2,0,Justicia narrativa,y_justicia,2,0.4842,0.0891,0.9001,1.9980
amplio,1990-1999,Ciencia ficción/fantasía,2,0,Vínculos fortalecidos,y_relaciones,2,0.4842,0.0891,0.9001,1.9980
amplio,1990-1999,Ciencia ficción/fantasía,2,0,Visión de la vida (−2 a +2),vision_vida,2,0.6500,-14.4461,15.7461,
amplio,1990-1999,Comedia,15,3,Final feliz,y_feliz,12,1.0000,0.7573,1.0000,11.9887
amplio,1990-1999,Comedia,15,3,Final agridulce,y_agridulce,12,0.0000,0.0000,0.2427,11.9887
amplio,1990-1999,Comedia,15,3,Final ambiguo,y_ambiguo,12,0.0000,0.0000,0.2427,11.9887
amplio,1990-1999,Comedia,15,3,Final trágico,y_tragico,12,0.0000,0.0000,0.2427,11.9887
amplio,1990-1999,Comedia,15,3,Feliz o agridulce,y_resolucion_positiva,12,1.0000,0.7573,1.0000,11.9887
amplio,1990-1999,Comedia,15,3,Tono de cierre positivo,y_tono_positivo,12,1.0000,0.7573,1.0000,11.9887
amplio,1990-1999,Comedia,15,3,Protagonista sobrevive,y_sobrevive,12,1.0000,0.7573,1.0000,11.9887
amplio,1990-1999,Comedia,15,3,Objetivo logrado,y_objetivo,12,1.0000,0.7573,1.0000,11.9887
amplio,1990-1999,Comedia,15,3,Justicia narrativa,y_justicia,10,0.9030,0.5991,0.9830,9.9900
amplio,1990-1999,Comedia,15,3,Vínculos fortalecidos,y_relaciones,12,0.9188,0.6485,0.9858,11.9887
amplio,1990-1999,Comedia,15,3,Visión de la vida (−2 a +2),vision_vida,12,1.3112,0.8632,1.7591,
amplio,1990-1999,Drama,4,1,Final feliz,y_feliz,3,0.0000,0.0000,0.5617,2.9971
amplio,1990-1999,Drama,4,1,Final agridulce,y_agridulce,3,1.0000,0.4383,1.0000,2.9971
amplio,1990-1999,Drama,4,1,Final ambiguo,y_ambiguo,3,0.0000,0.0000,0.5617,2.9971
amplio,1990-1999,Drama,4,1,Final trágico,y_tragico,3,0.0000,0.0000,0.5617,2.9971
amplio,1990-1999,Drama,4,1,Feliz o agridulce,y_resolucion_positiva,3,1.0000,0.4383,1.0000,2.9971
amplio,1990-1999,Drama,4,1,Tono de cierre positivo,y_tono_positivo,3,0.6519,0.1995,0.9337,2.9971
amplio,1990-1999,Drama,4,1,Protagonista sobrevive,y_sobrevive,3,0.6519,0.1995,0.9337,2.9971
amplio,1990-1999,Drama,4,1,Objetivo logrado,y_objetivo,2,1.0000,0.3422,1.0000,1.9980
amplio,1990-1999,Drama,4,1,Justicia narrativa,y_justicia,3,0.6749,0.2121,0.9412,2.9971
amplio,1990-1999,Drama,4,1,Vínculos fortalecidos,y_relaciones,3,0.3481,0.0663,0.8005,2.9971
amplio,1990-1999,Drama,4,1,Visión de la vida (−2 a +2),vision_vida,3,0.9626,-0.0289,1.9541,
amplio,1990-1999,Romance,4,0,Final feliz,y_feliz,4,0.2466,0.0445,0.6971,3.9966
amplio,1990-1999,Romance,4,0,Final agridulce,y_agridulce,4,0.7534,0.3029,0.9555,3.9966
amplio,1990-1999,Romance,4,0,Final ambiguo,y_ambiguo,4,0.0000,0.0000,0.4901,3.9966
amplio,1990-1999,Romance,4,0,Final trágico,y_tragico,4,0.0000,0.0000,0.4901,3.9966
amplio,1990-1999,Romance,4,0,Feliz o agridulce,y_resolucion_positiva,4,1.0000,0.5099,1.0000,3.9966
amplio,1990-1999,Romance,4,0,Tono de cierre positivo,y_tono_positivo,4,0.7546,0.3038,0.9559,3.9966
amplio,1990-1999,Romance,4,0,Protagonista sobrevive,y_sobrevive,4,0.7546,0.3038,0.9559,3.9966
amplio,1990-1999,Romance,4,0,Objetivo logrado,y_objetivo,3,0.3345,0.0619,0.7930,3.0000
amplio,1990-1999,Romance,4,0,Justicia narrativa,y_justicia,3,0.0000,0.0000,0.5615,3.0000
amplio,1990-1999,Romance,4,0,Vínculos fortalecidos,y_relaciones,4,0.2466,0.0445,0.6971,3.9966
amplio,1990-1999,Romance,4,0,Visión de la vida (−2 a +2),vision_vida,4,0.5892,-0.6570,1.8355,
amplio,1990-1999,Terror,5,1,Final feliz,y_feliz,4,0.0000,0.0000,0.4901,3.9967
amplio,1990-1999,Terror,5,1,Final agridulce,y_agridulce,4,0.5074,0.1538,0.8538,3.9967
amplio,1990-1999,Terror,5,1,Final ambiguo,y_ambiguo,4,0.0000,0.0000,0.4901,3.9967
amplio,1990-1999,Terror,5,1,Final trágico,y_tragico,4,0.4926,0.1462,0.8462,3.9967
amplio,1990-1999,Terror,5,1,Feliz o agridulce,y_resolucion_positiva,4,0.5074,0.1538,0.8538,3.9967
amplio,1990-1999,Terror,5,1,Tono de cierre positivo,y_tono_positivo,4,0.2451,0.0440,0.6960,3.9967
amplio,1990-1999,Terror,5,1,Protagonista sobrevive,y_sobrevive,3,0.3251,0.0588,0.7879,2.9971
amplio,1990-1999,Terror,5,1,Objetivo logrado,y_objetivo,4,0.5074,0.1538,0.8538,3.9967
amplio,1990-1999,Terror,5,1,Justicia narrativa,y_justicia,4,0.2463,0.0444,0.6969,3.9967
amplio,1990-1999,Terror,5,1,Vínculos fortalecidos,y_relaciones,3,0.0000,0.0000,0.5617,2.9971
amplio,1990-1999,Terror,5,1,Visión de la vida (−2 a +2),vision_vida,4,-0.8759,-1.7285,-0.0234,
amplio,1990-1999,Thriller/crimen,6,0,Final feliz,y_feliz,6,0.8374,0.4401,0.9712,5.9941
amplio,1990-1999,Thriller/crimen,6,0,Final agridulce,y_agridulce,6,0.1626,0.0288,0.5599,5.9941
amplio,1990-1999,Thriller/crimen,6,0,Final ambiguo,y_ambiguo,6,0.0000,0.0000,0.3906,5.9941
amplio,1990-1999,Thriller/crimen,6,0,Final trágico,y_tragico,6,0.0000,0.0000,0.3906,5.9941
amplio,1990-1999,Thriller/crimen,6,0,Feliz o agridulce,y_resolucion_positiva,6,1.0000,0.6094,1.0000,5.9941
amplio,1990-1999,Thriller/crimen,6,0,Tono de cierre positivo,y_tono_positivo,6,0.8374,0.4401,0.9712,5.9941
amplio,1990-1999,Thriller/crimen,6,0,Protagonista sobrevive,y_sobrevive,6,1.0000,0.6094,1.0000,5.9941
amplio,1990-1999,Thriller/crimen,6,0,Objetivo logrado,y_objetivo,6,1.0000,0.6094,1.0000,5.9941
amplio,1990-1999,Thriller/crimen,6,0,Justicia narrativa,y_justicia,6,0.6634,0.2974,0.9017,5.9941
amplio,1990-1999,Thriller/crimen,6,0,Vínculos fortalecidos,y_relaciones,5,0.2078,0.0387,0.6310,4.9949
amplio,1990-1999,Thriller/crimen,6,0,Visión de la vida (−2 a +2),vision_vida,6,0.5265,-0.0100,1.0629,
amplio,2000-2009,Acción/aventura,10,2,Final feliz,y_feliz,8,0.7519,0.4108,0.9294,7.9926
amplio,2000-2009,Acción/aventura,10,2,Final agridulce,y_agridulce,8,0.1202,0.0209,0.4660,7.9926
amplio,2000-2009,Acción/aventura,10,2,Final ambiguo,y_ambiguo,8,0.1279,0.0233,0.4741,7.9926
amplio,2000-2009,Acción/aventura,10,2,Final trágico,y_tragico,8,0.0000,0.0000,0.3246,7.9926
amplio,2000-2009,Acción/aventura,10,2,Feliz o agridulce,y_resolucion_positiva,8,0.8721,0.5259,0.9767,7.9926
amplio,2000-2009,Acción/aventura,10,2,Tono de cierre positivo,y_tono_positivo,8,0.7519,0.4108,0.9294,7.9926
amplio,2000-2009,Acción/aventura,10,2,Protagonista sobrevive,y_sobrevive,8,1.0000,0.6754,1.0000,7.9926
amplio,2000-2009,Acción/aventura,10,2,Objetivo logrado,y_objetivo,8,0.8721,0.5259,0.9767,7.9926
amplio,2000-2009,Acción/aventura,10,2,Justicia narrativa,y_justicia,7,1.0000,0.6454,1.0000,6.9932
amplio,2000-2009,Acción/aventura,10,2,Vínculos fortalecidos,y_relaciones,8,0.7519,0.4108,0.9294,7.9926
amplio,2000-2009,Acción/aventura,10,2,Visión de la vida (−2 a +2),vision_vida,8,1.0959,0.6142,1.5776,
amplio,2000-2009,Animación,1,0,Final feliz,y_feliz,1,1.0000,0.2065,1.0000,1.0000
amplio,2000-2009,Animación,1,0,Final agridulce,y_agridulce,1,0.0000,0.0000,0.7935,1.0000
amplio,2000-2009,Animación,1,0,Final ambiguo,y_ambiguo,1,0.0000,0.0000,0.7935,1.0000
amplio,2000-2009,Animación,1,0,Final trágico,y_tragico,1,0.0000,0.0000,0.7935,1.0000
amplio,2000-2009,Animación,1,0,Feliz o agridulce,y_resolucion_positiva,1,1.0000,0.2065,1.0000,1.0000
amplio,2000-2009,Animación,1,0,Tono de cierre positivo,y_tono_positivo,1,1.0000,0.2065,1.0000,1.0000
amplio,2000-2009,Animación,1,0,Protagonista sobrevive,y_sobrevive,1,1.0000,0.2065,1.0000,1.0000
amplio,2000-2009,Animación,1,0,Objetivo logrado,y_objetivo,1,1.0000,0.2065,1.0000,1.0000
amplio,2000-2009,Animación,1,0,Justicia narrativa,y_justicia,1,1.0000,0.2065,1.0000,1.0000
amplio,2000-2009,Animación,1,0,Vínculos fortalecidos,y_relaciones,1,1.0000,0.2065,1.0000,1.0000
amplio,2000-2009,Animación,1,0,Visión de la vida (−2 a +2),vision_vida,1,1.6250,,,
amplio,2000-2009,Ciencia ficción/fantasía,3,1,Final feliz,y_feliz,2,1.0000,0.3422,1.0000,1.9981
amplio,2000-2009,Ciencia ficción/fantasía,3,1,Final agridulce,y_agridulce,2,0.0000,0.0000,0.6578,1.9981
amplio,2000-2009,Ciencia ficción/fantasía,3,1,Final ambiguo,y_ambiguo,2,0.0000,0.0000,0.6578,1.9981
amplio,2000-2009,Ciencia ficción/fantasía,3,1,Final trágico,y_tragico,2,0.0000,0.0000,0.6578,1.9981
amplio,2000-2009,Ciencia ficción/fantasía,3,1,Feliz o agridulce,y_resolucion_positiva,2,1.0000,0.3422,1.0000,1.9981
amplio,2000-2009,Ciencia ficción/fantasía,3,1,Tono de cierre positivo,y_tono_positivo,2,1.0000,0.3422,1.0000,1.9981
amplio,2000-2009,Ciencia ficción/fantasía,3,1,Protagonista sobrevive,y_sobrevive,2,1.0000,0.3422,1.0000,1.9981
amplio,2000-2009,Ciencia ficción/fantasía,3,1,Objetivo logrado,y_objetivo,2,1.0000,0.3422,1.0000,1.9981
amplio,2000-2009,Ciencia ficción/fantasía,3,1,Justicia narrativa,y_justicia,2,1.0000,0.3422,1.0000,1.9981
amplio,2000-2009,Ciencia ficción/fantasía,3,1,Vínculos fortalecidos,y_relaciones,2,1.0000,0.3422,1.0000,1.9981
amplio,2000-2009,Ciencia ficción/fantasía,3,1,Visión de la vida (−2 a +2),vision_vida,2,1.8750,1.8750,1.8750,
amplio,2000-2009,Comedia,14,1,Final feliz,y_feliz,13,0.8487,0.5803,0.9579,12.9904
amplio,2000-2009,Comedia,14,1,Final agridulce,y_agridulce,13,0.0757,0.0133,0.3317,12.9904
amplio,2000-2009,Comedia,14,1,Final ambiguo,y_ambiguo,13,0.0757,0.0133,0.3317,12.9904
amplio,2000-2009,Comedia,14,1,Final trágico,y_tragico,13,0.0000,0.0000,0.2282,12.9904
amplio,2000-2009,Comedia,14,1,Feliz o agridulce,y_resolucion_positiva,13,0.9243,0.6683,0.9867,12.9904
amplio,2000-2009,Comedia,14,1,Tono de cierre positivo,y_tono_positivo,12,1.0000,0.7574,1.0000,11.9907
amplio,2000-2009,Comedia,14,1,Protagonista sobrevive,y_sobrevive,13,1.0000,0.7718,1.0000,12.9904
amplio,2000-2009,Comedia,14,1,Objetivo logrado,y_objetivo,10,0.9019,0.5978,0.9827,9.9915
amplio,2000-2009,Comedia,14,1,Justicia narrativa,y_justicia,6,0.8368,0.4395,0.9711,5.9947
amplio,2000-2009,Comedia,14,1,Vínculos fortalecidos,y_relaciones,12,0.9182,0.6478,0.9856,11.9907
amplio,2000-2009,Comedia,14,1,Visión de la vida (−2 a +2),vision_vida,14,0.9476,0.4054,1.4897,
amplio,2000-2009,Drama,6,0,Final feliz,y_feliz,6,0.6702,0.3025,0.9050,5.9964
amplio,2000-2009,Drama,6,0,Final agridulce,y_agridulce,6,0.3298,0.0950,0.6975,5.9964
amplio,2000-2009,Drama,6,0,Final ambiguo,y_ambiguo,6,0.0000,0.0000,0.3905,5.9964
amplio,2000-2009,Drama,6,0,Final trágico,y_tragico,6,0.0000,0.0000,0.3905,5.9964
amplio,2000-2009,Drama,6,0,Feliz o agridulce,y_resolucion_positiva,6,1.0000,0.6095,1.0000,5.9964
amplio,2000-2009,Drama,6,0,Tono de cierre positivo,y_tono_positivo,6,0.8349,0.4378,0.9704,5.9964
amplio,2000-2009,Drama,6,0,Protagonista sobrevive,y_sobrevive,6,0.8349,0.4378,0.9704,5.9964
amplio,2000-2009,Drama,6,0,Objetivo logrado,y_objetivo,4,1.0000,0.5099,1.0000,3.9967
amplio,2000-2009,Drama,6,0,Justicia narrativa,y_justicia,3,0.0000,0.0000,0.5617,2.9972
amplio,2000-2009,Drama,6,0,Vínculos fortalecidos,y_relaciones,5,0.5919,0.2255,0.8784,4.9966
amplio,2000-2009,Drama,6,0,Visión de la vida (−2 a +2),vision_vida,6,0.8141,0.2736,1.3546,
amplio,2000-2009,Romance,3,1,Final feliz,y_feliz,2,0.4844,0.0892,0.9001,1.9981
amplio,2000-2009,Romance,3,1,Final agridulce,y_agridulce,2,0.5156,0.0999,0.9108,1.9981
amplio,2000-2009,Romance,3,1,Final ambiguo,y_ambiguo,2,0.0000,0.0000,0.6578,1.9981
amplio,2000-2009,Romance,3,1,Final trágico,y_tragico,2,0.0000,0.0000,0.6578,1.9981
amplio,2000-2009,Romance,3,1,Feliz o agridulce,y_resolucion_positiva,2,1.0000,0.3422,1.0000,1.9981
amplio,2000-2009,Romance,3,1,Tono de cierre positivo,y_tono_positivo,2,1.0000,0.3422,1.0000,1.9981
amplio,2000-2009,Romance,3,1,Protagonista sobrevive,y_sobrevive,2,1.0000,0.3422,1.0000,1.9981
amplio,2000-2009,Romance,3,1,Objetivo logrado,y_objetivo,2,1.0000,0.3422,1.0000,1.9981
amplio,2000-2009,Romance,3,1,Justicia narrativa,y_justicia,2,0.0000,0.0000,0.6578,1.9981
amplio,2000-2009,Romance,3,1,Vínculos fortalecidos,y_relaciones,2,0.0000,0.0000,0.6578,1.9981
amplio,2000-2009,Romance,3,1,Visión de la vida (−2 a +2),vision_vida,2,1.0000,1.0000,1.0000,
amplio,2000-2009,Terror,7,0,Final feliz,y_feliz,7,0.2899,0.0842,0.6446,6.9940
amplio,2000-2009,Terror,7,0,Final agridulce,y_agridulce,7,0.1401,0.0248,0.5105,6.9940
amplio,2000-2009,Terror,7,0,Final ambiguo,y_ambiguo,7,0.0000,0.0000,0.3545,6.9940
amplio,2000-2009,Terror,7,0,Final trágico,y_tragico,7,0.5700,0.2494,0.8410,6.9940
amplio,2000-2009,Terror,7,0,Feliz o agridulce,y_resolucion_positiva,7,0.4300,0.1590,0.7506,6.9940
amplio,2000-2009,Terror,7,0,Tono de cierre positivo,y_tono_positivo,7,0.4300,0.1590,0.7506,6.9940
amplio,2000-2009,Terror,7,0,Protagonista sobrevive,y_sobrevive,7,0.4304,0.1592,0.7509,6.9940
amplio,2000-2009,Terror,7,0,Objetivo logrado,y_objetivo,7,0.2899,0.0842,0.6446,6.9940
amplio,2000-2009,Terror,7,0,Justicia narrativa,y_justicia,6,0.3373,0.0986,0.7031,5.9943
amplio,2000-2009,Terror,7,0,Vínculos fortalecidos,y_relaciones,5,0.0000,0.0000,0.4347,4.9965
amplio,2000-2009,Terror,7,0,Visión de la vida (−2 a +2),vision_vida,7,-0.6341,-1.9029,0.6347,
amplio,2000-2009,Thriller/crimen,6,2,Final feliz,y_feliz,4,0.5000,0.1500,0.8500,3.9961
amplio,2000-2009,Thriller/crimen,6,2,Final agridulce,y_agridulce,4,0.0000,0.0000,0.4901,3.9961
amplio,2000-2009,Thriller/crimen,6,2,Final ambiguo,y_ambiguo,4,0.2578,0.0481,0.7050,3.9961
amplio,2000-2009,Thriller/crimen,6,2,Final trágico,y_tragico,4,0.2422,0.0431,0.6940,3.9961
amplio,2000-2009,Thriller/crimen,6,2,Feliz o agridulce,y_resolucion_positiva,4,0.5000,0.1500,0.8500,3.9961
amplio,2000-2009,Thriller/crimen,6,2,Tono de cierre positivo,y_tono_positivo,3,0.3402,0.0637,0.7962,2.9975
amplio,2000-2009,Thriller/crimen,6,2,Protagonista sobrevive,y_sobrevive,4,1.0000,0.5099,1.0000,3.9961
amplio,2000-2009,Thriller/crimen,6,2,Objetivo logrado,y_objetivo,3,1.0000,0.4383,1.0000,2.9975
amplio,2000-2009,Thriller/crimen,6,2,Justicia narrativa,y_justicia,2,1.0000,0.3422,1.0000,1.9981
amplio,2000-2009,Thriller/crimen,6,2,Vínculos fortalecidos,y_relaciones,3,0.0000,0.0000,0.5617,2.9975
amplio,2000-2009,Thriller/crimen,6,2,Visión de la vida (−2 a +2),vision_vida,4,-0.4053,-1.6517,0.8412,
amplio,2010-2024,Acción/aventura,23,2,Final feliz,y_feliz,21,0.7726,0.5423,0.9069,17.9782
amplio,2010-2024,Acción/aventura,23,2,Final agridulce,y_agridulce,21,0.1975,0.0754,0.4261,17.9782
amplio,2010-2024,Acción/aventura,23,2,Final ambiguo,y_ambiguo,21,0.0299,0.0033,0.2220,17.9782
amplio,2010-2024,Acción/aventura,23,2,Final trágico,y_tragico,21,0.0000,0.0000,0.1761,17.9782
amplio,2010-2024,Acción/aventura,23,2,Feliz o agridulce,y_resolucion_positiva,21,0.9701,0.7780,0.9967,17.9782
amplio,2010-2024,Acción/aventura,23,2,Tono de cierre positivo,y_tono_positivo,21,0.9701,0.7780,0.9967,17.9782
amplio,2010-2024,Acción/aventura,23,2,Protagonista sobrevive,y_sobrevive,21,1.0000,0.8239,1.0000,17.9782
amplio,2010-2024,Acción/aventura,23,2,Objetivo logrado,y_objetivo,21,0.8007,0.5720,0.9235,17.9782
amplio,2010-2024,Acción/aventura,23,2,Justicia narrativa,y_justicia,19,0.6733,0.4327,0.8478,16.2876
amplio,2010-2024,Acción/aventura,23,2,Vínculos fortalecidos,y_relaciones,21,0.8049,0.5765,0.9260,17.9782
amplio,2010-2024,Acción/aventura,23,2,Visión de la vida (−2 a +2),vision_vida,22,1.0123,0.7147,1.3099,
amplio,2010-2024,Animación,5,0,Final feliz,y_feliz,5,0.7465,0.3063,0.9516,4.2115
amplio,2010-2024,Animación,5,0,Final agridulce,y_agridulce,5,0.1270,0.0142,0.5957,4.2115
amplio,2010-2024,Animación,5,0,Final ambiguo,y_ambiguo,5,0.0000,0.0000,0.4770,4.2115
amplio,2010-2024,Animación,5,0,Final trágico,y_tragico,5,0.1264,0.0140,0.5952,4.2115
amplio,2010-2024,Animación,5,0,Feliz o agridulce,y_resolucion_positiva,5,0.8736,0.4048,0.9860,4.2115
amplio,2010-2024,Animación,5,0,Tono de cierre positivo,y_tono_positivo,5,0.8736,0.4048,0.9860,4.2115
amplio,2010-2024,Animación,5,0,Protagonista sobrevive,y_sobrevive,5,0.7465,0.3063,0.9516,4.2115
amplio,2010-2024,Animación,5,0,Objetivo logrado,y_objetivo,5,0.8736,0.4048,0.9860,4.2115
amplio,2010-2024,Animación,5,0,Justicia narrativa,y_justicia,5,0.8736,0.4048,0.9860,4.2115
amplio,2010-2024,Animación,5,0,Vínculos fortalecidos,y_relaciones,5,0.8730,0.4043,0.9858,4.2115
amplio,2010-2024,Animación,5,0,Visión de la vida (−2 a +2),vision_vida,5,1.4469,-0.1603,3.0542,
amplio,2010-2024,Ciencia ficción/fantasía,6,0,Final feliz,y_feliz,6,0.5695,0.2152,0.8645,5.1678
amplio,2010-2024,Ciencia ficción/fantasía,6,0,Final agridulce,y_agridulce,6,0.1044,0.0117,0.5344,5.1678
amplio,2010-2024,Ciencia ficción/fantasía,6,0,Final ambiguo,y_ambiguo,6,0.0976,0.0103,0.5280,5.1678
amplio,2010-2024,Ciencia ficción/fantasía,6,0,Final trágico,y_tragico,6,0.2286,0.0467,0.6419,5.1678
amplio,2010-2024,Ciencia ficción/fantasía,6,0,Feliz o agridulce,y_resolucion_positiva,6,0.6738,0.2847,0.9147,5.1678
amplio,2010-2024,Ciencia ficción/fantasía,6,0,Tono de cierre positivo,y_tono_positivo,6,0.7714,0.3581,0.9533,5.1678
amplio,2010-2024,Ciencia ficción/fantasía,6,0,Protagonista sobrevive,y_sobrevive,6,0.7714,0.3581,0.9533,5.1678
amplio,2010-2024,Ciencia ficción/fantasía,6,0,Objetivo logrado,y_objetivo,4,0.7136,0.2635,0.9455,3.6794
amplio,2010-2024,Ciencia ficción/fantasía,6,0,Justicia narrativa,y_justicia,1,0.0000,0.0000,0.7935,1.0000
amplio,2010-2024,Ciencia ficción/fantasía,6,0,Vínculos fortalecidos,y_relaciones,6,0.7714,0.3581,0.9533,5.1678
amplio,2010-2024,Ciencia ficción/fantasía,6,0,Visión de la vida (−2 a +2),vision_vida,6,0.5888,-1.2286,2.4062,
amplio,2010-2024,Comedia,21,1,Final feliz,y_feliz,20,0.6265,0.3954,0.8114,17.1940
amplio,2010-2024,Comedia,21,1,Final agridulce,y_agridulce,20,0.3046,0.1404,0.5402,17.1940
amplio,2010-2024,Comedia,21,1,Final ambiguo,y_ambiguo,20,0.0000,0.0000,0.1826,17.1940
amplio,2010-2024,Comedia,21,1,Final trágico,y_tragico,20,0.0688,0.0138,0.2814,17.1940
amplio,2010-2024,Comedia,21,1,Feliz o agridulce,y_resolucion_positiva,20,0.9312,0.7186,0.9862,17.1940
amplio,2010-2024,Comedia,21,1,Tono de cierre positivo,y_tono_positivo,20,0.8623,0.6347,0.9576,17.1940
amplio,2010-2024,Comedia,21,1,Protagonista sobrevive,y_sobrevive,20,0.9313,0.7188,0.9863,17.1940
amplio,2010-2024,Comedia,21,1,Objetivo logrado,y_objetivo,15,0.8127,0.5395,0.9414,12.7838
amplio,2010-2024,Comedia,21,1,Justicia narrativa,y_justicia,13,0.3656,0.1573,0.6402,11.7389
amplio,2010-2024,Comedia,21,1,Vínculos fortalecidos,y_relaciones,20,0.5677,0.3433,0.7674,17.1940
amplio,2010-2024,Comedia,21,1,Visión de la vida (−2 a +2),vision_vida,20,0.7773,0.3468,1.2078,
amplio,2010-2024,Drama,12,1,Final feliz,y_feliz,11,0.4288,0.1819,0.7171,9.3806
amplio,2010-2024,Drama,12,1,Final agridulce,y_agridulce,11,0.5712,0.2829,0.8181,9.3806
amplio,2010-2024,Drama,12,1,Final ambiguo,y_ambiguo,11,0.0000,0.0000,0.2905,9.3806
amplio,2010-2024,Drama,12,1,Final trágico,y_tragico,11,0.0000,0.0000,0.2905,9.3806
amplio,2010-2024,Drama,12,1,Feliz o agridulce,y_resolucion_positiva,11,1.0000,0.7095,1.0000,9.3806
amplio,2010-2024,Drama,12,1,Tono de cierre positivo,y_tono_positivo,11,0.9442,0.6364,0.9939,9.3806
amplio,2010-2024,Drama,12,1,Protagonista sobrevive,y_sobrevive,11,0.8098,0.4899,0.9497,9.3806
amplio,2010-2024,Drama,12,1,Objetivo logrado,y_objetivo,8,0.6898,0.3343,0.9078,6.7644
amplio,2010-2024,Drama,12,1,Justicia narrativa,y_justicia,6,0.0000,0.0000,0.4265,5.1654
amplio,2010-2024,Drama,12,1,Vínculos fortalecidos,y_relaciones,11,0.4969,0.2283,0.7673,9.3806
amplio,2010-2024,Drama,12,1,Visión de la vida (−2 a +2),vision_vida,12,0.7418,0.1865,1.2972,
amplio,2010-2024,Romance,5,0,Final feliz,y_feliz,5,0.2185,0.0385,0.6611,4.3927
amplio,2010-2024,Romance,5,0,Final agridulce,y_agridulce,5,0.0000,0.0000,0.4665,4.3927
amplio,2010-2024,Romance,5,0,Final ambiguo,y_ambiguo,5,0.0000,0.0000,0.4665,4.3927
amplio,2010-2024,Romance,5,0,Final trágico,y_tragico,5,0.7815,0.3389,0.9615,4.3927
amplio,2010-2024,Romance,5,0,Feliz o agridulce,y_resolucion_positiva,5,0.2185,0.0385,0.6611,4.3927
amplio,2010-2024,Romance,5,0,Tono de cierre positivo,y_tono_positivo,5,0.2185,0.0385,0.6611,4.3927
amplio,2010-2024,Romance,5,0,Protagonista sobrevive,y_sobrevive,5,0.4736,0.1447,0.8272,4.3927
amplio,2010-2024,Romance,5,0,Objetivo logrado,y_objetivo,5,0.2185,0.0385,0.6611,4.3927
amplio,2010-2024,Romance,5,0,Justicia narrativa,y_justicia,4,0.0000,0.0000,0.5109,3.6771
amplio,2010-2024,Romance,5,0,Vínculos fortalecidos,y_relaciones,5,0.2185,0.0385,0.6611,4.3927
amplio,2010-2024,Romance,5,0,Visión de la vida (−2 a +2),vision_vida,5,-0.6828,-2.5098,1.1442,
amplio,2010-2024,Terror,19,0,Final feliz,y_feliz,19,0.1531,0.0486,0.3898,16.3028
amplio,2010-2024,Terror,19,0,Final agridulce,y_agridulce,19,0.2431,0.0985,0.4857,16.3028
amplio,2010-2024,Terror,19,0,Final ambiguo,y_ambiguo,19,0.1716,0.0581,0.4104,16.3028
amplio,2010-2024,Terror,19,0,Final trágico,y_tragico,19,0.4322,0.2284,0.6619,16.3028
amplio,2010-2024,Terror,19,0,Feliz o agridulce,y_resolucion_positiva,19,0.3962,0.2015,0.6305,16.3028
amplio,2010-2024,Terror,19,0,Tono de cierre positivo,y_tono_positivo,18,0.2337,0.0903,0.4837,15.3506
amplio,2010-2024,Terror,19,0,Protagonista sobrevive,y_sobrevive,18,0.2258,0.0862,0.4740,15.5385
amplio,2010-2024,Terror,19,0,Objetivo logrado,y_objetivo,16,0.3570,0.1634,0.6122,14.0033
amplio,2010-2024,Terror,19,0,Justicia narrativa,y_justicia,17,0.0000,0.0000,0.2081,14.6178
amplio,2010-2024,Terror,19,0,Vínculos fortalecidos,y_relaciones,18,0.0817,0.0171,0.3124,15.5075
amplio,2010-2024,Terror,19,0,Visión de la vida (−2 a +2),vision_vida,19,-1.0438,-1.4716,-0.6159,
amplio,2010-2024,Thriller/crimen,9,1,Final feliz,y_feliz,8,0.3658,0.1242,0.7011,7.1591
amplio,2010-2024,Thriller/crimen,9,1,Final agridulce,y_agridulce,8,0.3225,0.1014,0.6675,7.1591
amplio,2010-2024,Thriller/crimen,9,1,Final ambiguo,y_ambiguo,8,0.0000,0.0000,0.3492,7.1591
amplio,2010-2024,Thriller/crimen,9,1,Final trágico,y_tragico,8,0.3117,0.0960,0.6590,7.1591
amplio,2010-2024,Thriller/crimen,9,1,Feliz o agridulce,y_resolucion_positiva,8,0.6883,0.3410,0.9040,7.1591
amplio,2010-2024,Thriller/crimen,9,1,Tono de cierre positivo,y_tono_positivo,8,0.3658,0.1242,0.7011,7.1591
amplio,2010-2024,Thriller/crimen,9,1,Protagonista sobrevive,y_sobrevive,8,0.6883,0.3410,0.9040,7.1591
amplio,2010-2024,Thriller/crimen,9,1,Objetivo logrado,y_objetivo,7,0.6303,0.2773,0.8834,6.1753
amplio,2010-2024,Thriller/crimen,9,1,Justicia narrativa,y_justicia,8,0.3658,0.1242,0.7011,7.1591
amplio,2010-2024,Thriller/crimen,9,1,Vínculos fortalecidos,y_relaciones,6,0.2944,0.0739,0.6855,5.4147
amplio,2010-2024,Thriller/crimen,9,1,Visión de la vida (−2 a +2),vision_vida,8,-0.4904,-1.6285,0.6476,
popular,1980-1989,Acción/aventura,43,0,Final feliz,y_feliz,43,0.7674,0.6226,0.8685,43.0000
popular,1980-1989,Acción/aventura,43,0,Final agridulce,y_agridulce,43,0.2093,0.1142,0.3521,43.0000
popular,1980-1989,Acción/aventura,43,0,Final ambiguo,y_ambiguo,43,0.0233,0.0041,0.1206,43.0000
popular,1980-1989,Acción/aventura,43,0,Final trágico,y_tragico,43,0.0000,0.0000,0.0820,43.0000
popular,1980-1989,Acción/aventura,43,0,Feliz o agridulce,y_resolucion_positiva,43,0.9767,0.8794,0.9959,43.0000
popular,1980-1989,Acción/aventura,43,0,Tono de cierre positivo,y_tono_positivo,43,0.9070,0.7840,0.9632,43.0000
popular,1980-1989,Acción/aventura,43,0,Protagonista sobrevive,y_sobrevive,42,0.9048,0.7793,0.9623,42.0000
popular,1980-1989,Acción/aventura,43,0,Objetivo logrado,y_objetivo,40,0.8500,0.7093,0.9294,40.0000
popular,1980-1989,Acción/aventura,43,0,Justicia narrativa,y_justicia,37,0.7838,0.6280,0.8861,37.0000
popular,1980-1989,Acción/aventura,43,0,Vínculos fortalecidos,y_relaciones,39,0.6923,0.5358,0.8143,39.0000
popular,1980-1989,Acción/aventura,43,0,Visión de la vida (−2 a +2),vision_vida,43,0.9884,0.7630,1.2138,
popular,1980-1989,Animación,4,0,Final feliz,y_feliz,4,0.5000,0.1500,0.8500,4.0000
popular,1980-1989,Animación,4,0,Final agridulce,y_agridulce,4,0.5000,0.1500,0.8500,4.0000
popular,1980-1989,Animación,4,0,Final ambiguo,y_ambiguo,4,0.0000,0.0000,0.4899,4.0000
popular,1980-1989,Animación,4,0,Final trágico,y_tragico,4,0.0000,0.0000,0.4899,4.0000
popular,1980-1989,Animación,4,0,Feliz o agridulce,y_resolucion_positiva,4,1.0000,0.5101,1.0000,4.0000
popular,1980-1989,Animación,4,0,Tono de cierre positivo,y_tono_positivo,4,1.0000,0.5101,1.0000,4.0000
popular,1980-1989,Animación,4,0,Protagonista sobrevive,y_sobrevive,4,0.7500,0.3006,0.9544,4.0000
popular,1980-1989,Animación,4,0,Objetivo logrado,y_objetivo,4,0.7500,0.3006,0.9544,4.0000
popular,1980-1989,Animación,4,0,Justicia narrativa,y_justicia,4,1.0000,0.5101,1.0000,4.0000
popular,1980-1989,Animación,4,0,Vínculos fortalecidos,y_relaciones,4,0.7500,0.3006,0.9544,4.0000
popular,1980-1989,Animación,4,0,Visión de la vida (−2 a +2),vision_vida,4,1.5312,0.9599,2.1026,
popular,1980-1989,Ciencia ficción/fantasía,8,0,Final feliz,y_feliz,8,0.7500,0.4093,0.9285,8.0000
popular,1980-1989,Ciencia ficción/fantasía,8,0,Final agridulce,y_agridulce,8,0.2500,0.0715,0.5907,8.0000
popular,1980-1989,Ciencia ficción/fantasía,8,0,Final ambiguo,y_ambiguo,8,0.0000,0.0000,0.3244,8.0000
popular,1980-1989,Ciencia ficción/fantasía,8,0,Final trágico,y_tragico,8,0.0000,0.0000,0.3244,8.0000
popular,1980-1989,Ciencia ficción/fantasía,8,0,Feliz o agridulce,y_resolucion_positiva,8,1.0000,0.6756,1.0000,8.0000
popular,1980-1989,Ciencia ficción/fantasía,8,0,Tono de cierre positivo,y_tono_positivo,8,1.0000,0.6756,1.0000,8.0000
popular,1980-1989,Ciencia ficción/fantasía,8,0,Protagonista sobrevive,y_sobrevive,8,0.8750,0.5291,0.9776,8.0000
popular,1980-1989,Ciencia ficción/fantasía,8,0,Objetivo logrado,y_objetivo,7,1.0000,0.6457,1.0000,7.0000
popular,1980-1989,Ciencia ficción/fantasía,8,0,Justicia narrativa,y_justicia,5,0.6000,0.2307,0.8824,5.0000
popular,1980-1989,Ciencia ficción/fantasía,8,0,Vínculos fortalecidos,y_relaciones,8,0.7500,0.4093,0.9285,8.0000
popular,1980-1989,Ciencia ficción/fantasía,8,0,Visión de la vida (−2 a +2),vision_vida,8,1.5000,1.2766,1.7234,
popular,1980-1989,Comedia,36,0,Final feliz,y_feliz,36,0.7778,0.6192,0.8828,36.0000
popular,1980-1989,Comedia,36,0,Final agridulce,y_agridulce,36,0.1111,0.0441,0.2531,36.0000
popular,1980-1989,Comedia,36,0,Final ambiguo,y_ambiguo,36,0.0833,0.0287,0.2183,36.0000
popular,1980-1989,Comedia,36,0,Final trágico,y_tragico,36,0.0278,0.0049,0.1417,36.0000
popular,1980-1989,Comedia,36,0,Feliz o agridulce,y_resolucion_positiva,36,0.8889,0.7469,0.9559,36.0000
popular,1980-1989,Comedia,36,0,Tono de cierre positivo,y_tono_positivo,35,0.8857,0.7405,0.9546,35.0000
popular,1980-1989,Comedia,36,0,Protagonista sobrevive,y_sobrevive,36,1.0000,0.9036,1.0000,36.0000
popular,1980-1989,Comedia,36,0,Objetivo logrado,y_objetivo,30,0.8333,0.6644,0.9266,30.0000
popular,1980-1989,Comedia,36,0,Justicia narrativa,y_justicia,29,0.5517,0.3755,0.7159,29.0000
popular,1980-1989,Comedia,36,0,Vínculos fortalecidos,y_relaciones,32,0.6563,0.4831,0.7959,32.0000
popular,1980-1989,Comedia,36,0,Visión de la vida (−2 a +2),vision_vida,36,0.8368,0.5330,1.1406,
popular,1980-1989,Drama,12,0,Final feliz,y_feliz,12,0.3333,0.1381,0.6094,12.0000
popular,1980-1989,Drama,12,0,Final agridulce,y_agridulce,12,0.5000,0.2538,0.7462,12.0000
popular,1980-1989,Drama,12,0,Final ambiguo,y_ambiguo,12,0.0000,0.0000,0.2425,12.0000
popular,1980-1989,Drama,12,0,Final trágico,y_tragico,12,0.1667,0.0470,0.4480,12.0000
popular,1980-1989,Drama,12,0,Feliz o agridulce,y_resolucion_positiva,12,0.8333,0.5520,0.9530,12.0000
popular,1980-1989,Drama,12,0,Tono de cierre positivo,y_tono_positivo,12,0.6667,0.3906,0.8619,12.0000
popular,1980-1989,Drama,12,0,Protagonista sobrevive,y_sobrevive,12,0.7500,0.4677,0.9111,12.0000
popular,1980-1989,Drama,12,0,Objetivo logrado,y_objetivo,7,0.5714,0.2505,0.8418,7.0000
popular,1980-1989,Drama,12,0,Justicia narrativa,y_justicia,7,0.4286,0.1582,0.7495,7.0000
popular,1980-1989,Drama,12,0,Vínculos fortalecidos,y_relaciones,12,0.5000,0.2538,0.7462,12.0000
popular,1980-1989,Drama,12,0,Visión de la vida (−2 a +2),vision_vida,12,0.7500,0.2298,1.2702,
popular,1980-1989,Romance,8,0,Final feliz,y_feliz,8,0.2500,0.0715,0.5907,8.0000
popular,1980-1989,Romance,8,0,Final agridulce,y_agridulce,8,0.3750,0.1368,0.6943,8.0000
popular,1980-1989,Romance,8,0,Final ambiguo,y_ambiguo,8,0.0000,0.0000,0.3244,8.0000
popular,1980-1989,Romance,8,0,Final trágico,y_tragico,8,0.3750,0.1368,0.6943,8.0000
popular,1980-1989,Romance,8,0,Feliz o agridulce,y_resolucion_positiva,8,0.6250,0.3057,0.8632,8.0000
popular,1980-1989,Romance,8,0,Tono de cierre positivo,y_tono_positivo,8,0.3750,0.1368,0.6943,8.0000
popular,1980-1989,Romance,8,0,Protagonista sobrevive,y_sobrevive,8,0.5000,0.2152,0.7848,8.0000
popular,1980-1989,Romance,8,0,Objetivo logrado,y_objetivo,6,0.3333,0.0968,0.7000,6.0000
popular,1980-1989,Romance,8,0,Justicia narrativa,y_justicia,6,0.0000,0.0000,0.3903,6.0000
popular,1980-1989,Romance,8,0,Vínculos fortalecidos,y_relaciones,8,0.2500,0.0715,0.5907,8.0000
popular,1980-1989,Romance,8,0,Visión de la vida (−2 a +2),vision_vida,8,-0.1250,-0.9479,0.6979,
popular,1980-1989,Terror,29,0,Final feliz,y_feliz,29,0.2759,0.1470,0.4572,29.0000
popular,1980-1989,Terror,29,0,Final agridulce,y_agridulce,29,0.3103,0.1728,0.4923,29.0000
popular,1980-1989,Terror,29,0,Final ambiguo,y_ambiguo,29,0.2069,0.0985,0.3839,29.0000
popular,1980-1989,Terror,29,0,Final trágico,y_tragico,29,0.2069,0.0985,0.3839,29.0000
popular,1980-1989,Terror,29,0,Feliz o agridulce,y_resolucion_positiva,29,0.5862,0.4074,0.7449,29.0000
popular,1980-1989,Terror,29,0,Tono de cierre positivo,y_tono_positivo,29,0.4483,0.2841,0.6245,29.0000
popular,1980-1989,Terror,29,0,Protagonista sobrevive,y_sobrevive,26,0.5385,0.3546,0.7124,26.0000
popular,1980-1989,Terror,29,0,Objetivo logrado,y_objetivo,27,0.4815,0.3074,0.6601,27.0000
popular,1980-1989,Terror,29,0,Justicia narrativa,y_justicia,25,0.4800,0.3003,0.6650,25.0000
popular,1980-1989,Terror,29,0,Vínculos fortalecidos,y_relaciones,23,0.3913,0.2216,0.5921,23.0000
popular,1980-1989,Terror,29,0,Visión de la vida (−2 a +2),vision_vida,29,-0.1595,-0.5746,0.2556,
popular,1980-1989,Thriller/crimen,10,0,Final feliz,y_feliz,10,0.2000,0.0567,0.5098,10.0000
popular,1980-1989,Thriller/crimen,10,0,Final agridulce,y_agridulce,10,0.5000,0.2366,0.7634,10.0000
popular,1980-1989,Thriller/crimen,10,0,Final ambiguo,y_ambiguo,10,0.0000,0.0000,0.2775,10.0000
popular,1980-1989,Thriller/crimen,10,0,Final trágico,y_tragico,10,0.3000,0.1078,0.6032,10.0000
popular,1980-1989,Thriller/crimen,10,0,Feliz o agridulce,y_resolucion_positiva,10,0.7000,0.3968,0.8922,10.0000
popular,1980-1989,Thriller/crimen,10,0,Tono de cierre positivo,y_tono_positivo,10,0.5000,0.2366,0.7634,10.0000
popular,1980-1989,Thriller/crimen,10,0,Protagonista sobrevive,y_sobrevive,10,0.7000,0.3968,0.8922,10.0000
popular,1980-1989,Thriller/crimen,10,0,Objetivo logrado,y_objetivo,9,0.4444,0.1888,0.7333,9.0000
popular,1980-1989,Thriller/crimen,10,0,Justicia narrativa,y_justicia,10,0.2000,0.0567,0.5098,10.0000
popular,1980-1989,Thriller/crimen,10,0,Vínculos fortalecidos,y_relaciones,10,0.4000,0.1682,0.6873,10.0000
popular,1980-1989,Thriller/crimen,10,0,Visión de la vida (−2 a +2),vision_vida,10,-0.2375,-0.9802,0.5052,
popular,1990-1999,Acción/aventura,52,0,Final feliz,y_feliz,52,0.7115,0.5773,0.8167,52.0000
popular,1990-1999,Acción/aventura,52,0,Final agridulce,y_agridulce,52,0.2308,0.1372,0.3613,52.0000
popular,1990-1999,Acción/aventura,52,0,Final ambiguo,y_ambiguo,52,0.0192,0.0034,0.1012,52.0000
popular,1990-1999,Acción/aventura,52,0,Final trágico,y_tragico,52,0.0385,0.0106,0.1298,52.0000
popular,1990-1999,Acción/aventura,52,0,Feliz o agridulce,y_resolucion_positiva,52,0.9423,0.8436,0.9802,52.0000
popular,1990-1999,Acción/aventura,52,0,Tono de cierre positivo,y_tono_positivo,52,0.8269,0.7027,0.9062,52.0000
popular,1990-1999,Acción/aventura,52,0,Protagonista sobrevive,y_sobrevive,52,0.8269,0.7027,0.9062,52.0000
popular,1990-1999,Acción/aventura,52,0,Objetivo logrado,y_objetivo,52,0.8654,0.7473,0.9332,52.0000
popular,1990-1999,Acción/aventura,52,0,Justicia narrativa,y_justicia,51,0.7647,0.6324,0.8600,51.0000
popular,1990-1999,Acción/aventura,52,0,Vínculos fortalecidos,y_relaciones,50,0.7600,0.6259,0.8570,50.0000
popular,1990-1999,Acción/aventura,52,0,Visión de la vida (−2 a +2),vision_vida,52,1.0409,0.8578,1.2239,
popular,1990-1999,Animación,7,0,Final feliz,y_feliz,7,0.8571,0.4869,0.9743,7.0000
popular,1990-1999,Animación,7,0,Final agridulce,y_agridulce,7,0.1429,0.0257,0.5131,7.0000
popular,1990-1999,Animación,7,0,Final ambiguo,y_ambiguo,7,0.0000,0.0000,0.3543,7.0000
popular,1990-1999,Animación,7,0,Final trágico,y_tragico,7,0.0000,0.0000,0.3543,7.0000
popular,1990-1999,Animación,7,0,Feliz o agridulce,y_resolucion_positiva,7,1.0000,0.6457,1.0000,7.0000
popular,1990-1999,Animación,7,0,Tono de cierre positivo,y_tono_positivo,7,0.8571,0.4869,0.9743,7.0000
popular,1990-1999,Animación,7,0,Protagonista sobrevive,y_sobrevive,7,0.8571,0.4869,0.9743,7.0000
popular,1990-1999,Animación,7,0,Objetivo logrado,y_objetivo,7,0.8571,0.4869,0.9743,7.0000
popular,1990-1999,Animación,7,0,Justicia narrativa,y_justicia,7,0.7143,0.3589,0.9178,7.0000
popular,1990-1999,Animación,7,0,Vínculos fortalecidos,y_relaciones,6,0.8333,0.4365,0.9699,6.0000
popular,1990-1999,Animación,7,0,Visión de la vida (−2 a +2),vision_vida,7,1.2143,0.1532,2.2753,
popular,1990-1999,Ciencia ficción/fantasía,13,0,Final feliz,y_feliz,13,0.7692,0.4974,0.9182,13.0000
popular,1990-1999,Ciencia ficción/fantasía,13,0,Final agridulce,y_agridulce,13,0.1538,0.0433,0.4223,13.0000
popular,1990-1999,Ciencia ficción/fantasía,13,0,Final ambiguo,y_ambiguo,13,0.0000,0.0000,0.2281,13.0000
popular,1990-1999,Ciencia ficción/fantasía,13,0,Final trágico,y_tragico,13,0.0769,0.0137,0.3331,13.0000
popular,1990-1999,Ciencia ficción/fantasía,13,0,Feliz o agridulce,y_resolucion_positiva,13,0.9231,0.6669,0.9863,13.0000
popular,1990-1999,Ciencia ficción/fantasía,13,0,Tono de cierre positivo,y_tono_positivo,13,0.8462,0.5777,0.9567,13.0000
popular,1990-1999,Ciencia ficción/fantasía,13,0,Protagonista sobrevive,y_sobrevive,13,0.8462,0.5777,0.9567,13.0000
popular,1990-1999,Ciencia ficción/fantasía,13,0,Objetivo logrado,y_objetivo,13,0.9231,0.6669,0.9863,13.0000
popular,1990-1999,Ciencia ficción/fantasía,13,0,Justicia narrativa,y_justicia,12,0.8333,0.5520,0.9530,12.0000
popular,1990-1999,Ciencia ficción/fantasía,13,0,Vínculos fortalecidos,y_relaciones,13,0.8462,0.5777,0.9567,13.0000
popular,1990-1999,Ciencia ficción/fantasía,13,0,Visión de la vida (−2 a +2),vision_vida,13,1.2885,0.9336,1.6433,
popular,1990-1999,Comedia,30,0,Final feliz,y_feliz,30,0.8667,0.7032,0.9469,30.0000
popular,1990-1999,Comedia,30,0,Final agridulce,y_agridulce,30,0.1333,0.0531,0.2968,30.0000
popular,1990-1999,Comedia,30,0,Final ambiguo,y_ambiguo,30,0.0000,0.0000,0.1135,30.0000
popular,1990-1999,Comedia,30,0,Final trágico,y_tragico,30,0.0000,0.0000,0.1135,30.0000
popular,1990-1999,Comedia,30,0,Feliz o agridulce,y_resolucion_positiva,30,1.0000,0.8865,1.0000,30.0000
popular,1990-1999,Comedia,30,0,Tono de cierre positivo,y_tono_positivo,30,0.9667,0.8333,0.9941,30.0000
popular,1990-1999,Comedia,30,0,Protagonista sobrevive,y_sobrevive,30,1.0000,0.8865,1.0000,30.0000
popular,1990-1999,Comedia,30,0,Objetivo logrado,y_objetivo,28,0.8929,0.7280,0.9629,28.0000
popular,1990-1999,Comedia,30,0,Justicia narrativa,y_justicia,21,0.6667,0.4537,0.8281,21.0000
popular,1990-1999,Comedia,30,0,Vínculos fortalecidos,y_relaciones,30,0.8667,0.7032,0.9469,30.0000
popular,1990-1999,Comedia,30,0,Visión de la vida (−2 a +2),vision_vida,30,1.3625,1.1651,1.5599,
popular,1990-1999,Drama,10,0,Final feliz,y_feliz,10,0.4000,0.1682,0.6873,10.0000
popular,1990-1999,Drama,10,0,Final agridulce,y_agridulce,10,0.5000,0.2366,0.7634,10.0000
popular,1990-1999,Drama,10,0,Final ambiguo,y_ambiguo,10,0.0000,0.0000,0.2775,10.0000
popular,1990-1999,Drama,10,0,Final trágico,y_tragico,10,0.1000,0.0179,0.4042,10.0000
popular,1990-1999,Drama,10,0,Feliz o agridulce,y_resolucion_positiva,10,0.9000,0.5958,0.9821,10.0000
popular,1990-1999,Drama,10,0,Tono de cierre positivo,y_tono_positivo,10,0.6000,0.3127,0.8318,10.0000
popular,1990-1999,Drama,10,0,Protagonista sobrevive,y_sobrevive,10,0.8000,0.4902,0.9433,10.0000
popular,1990-1999,Drama,10,0,Objetivo logrado,y_objetivo,8,0.5000,0.2152,0.7848,8.0000
popular,1990-1999,Drama,10,0,Justicia narrativa,y_justicia,10,0.5000,0.2366,0.7634,10.0000
popular,1990-1999,Drama,10,0,Vínculos fortalecidos,y_relaciones,9,0.5556,0.2667,0.8112,9.0000
popular,1990-1999,Drama,10,0,Visión de la vida (−2 a +2),vision_vida,10,0.6125,-0.2384,1.4634,
popular,1990-1999,Romance,6,0,Final feliz,y_feliz,6,0.5000,0.1876,0.8124,6.0000
popular,1990-1999,Romance,6,0,Final agridulce,y_agridulce,6,0.5000,0.1876,0.8124,6.0000
popular,1990-1999,Romance,6,0,Final ambiguo,y_ambiguo,6,0.0000,0.0000,0.3903,6.0000
popular,1990-1999,Romance,6,0,Final trágico,y_tragico,6,0.0000,0.0000,0.3903,6.0000
popular,1990-1999,Romance,6,0,Feliz o agridulce,y_resolucion_positiva,6,1.0000,0.6097,1.0000,6.0000
popular,1990-1999,Romance,6,0,Tono de cierre positivo,y_tono_positivo,6,0.6667,0.3000,0.9032,6.0000
popular,1990-1999,Romance,6,0,Protagonista sobrevive,y_sobrevive,6,0.3333,0.0968,0.7000,6.0000
popular,1990-1999,Romance,6,0,Objetivo logrado,y_objetivo,4,0.7500,0.3006,0.9544,4.0000
popular,1990-1999,Romance,6,0,Justicia narrativa,y_justicia,4,0.2500,0.0456,0.6994,4.0000
popular,1990-1999,Romance,6,0,Vínculos fortalecidos,y_relaciones,6,0.5000,0.1876,0.8124,6.0000
popular,1990-1999,Romance,6,0,Visión de la vida (−2 a +2),vision_vida,6,0.5833,-0.1336,1.3002,
popular,1990-1999,Terror,13,0,Final feliz,y_feliz,13,0.4615,0.2321,0.7086,13.0000
popular,1990-1999,Terror,13,0,Final agridulce,y_agridulce,13,0.3077,0.1268,0.5763,13.0000
popular,1990-1999,Terror,13,0,Final ambiguo,y_ambiguo,13,0.0769,0.0137,0.3331,13.0000
popular,1990-1999,Terror,13,0,Final trágico,y_tragico,13,0.1538,0.0433,0.4223,13.0000
popular,1990-1999,Terror,13,0,Feliz o agridulce,y_resolucion_positiva,13,0.7692,0.4974,0.9182,13.0000
popular,1990-1999,Terror,13,0,Tono de cierre positivo,y_tono_positivo,12,0.6667,0.3906,0.8619,12.0000
popular,1990-1999,Terror,13,0,Protagonista sobrevive,y_sobrevive,12,0.6667,0.3906,0.8619,12.0000
popular,1990-1999,Terror,13,0,Objetivo logrado,y_objetivo,12,0.5833,0.3195,0.8067,12.0000
popular,1990-1999,Terror,13,0,Justicia narrativa,y_justicia,10,0.6000,0.3127,0.8318,10.0000
popular,1990-1999,Terror,13,0,Vínculos fortalecidos,y_relaciones,12,0.2500,0.0889,0.5323,12.0000
popular,1990-1999,Terror,13,0,Visión de la vida (−2 a +2),vision_vida,13,-0.0962,-0.7320,0.5397,
popular,1990-1999,Thriller/crimen,19,0,Final feliz,y_feliz,19,0.3684,0.1915,0.5896,19.0000
popular,1990-1999,Thriller/crimen,19,0,Final agridulce,y_agridulce,19,0.3158,0.1536,0.5399,19.0000
popular,1990-1999,Thriller/crimen,19,0,Final ambiguo,y_ambiguo,19,0.0526,0.0094,0.2464,19.0000
popular,1990-1999,Thriller/crimen,19,0,Final trágico,y_tragico,19,0.2632,0.1181,0.4879,19.0000
popular,1990-1999,Thriller/crimen,19,0,Feliz o agridulce,y_resolucion_positiva,19,0.6842,0.4601,0.8464,19.0000
popular,1990-1999,Thriller/crimen,19,0,Tono de cierre positivo,y_tono_positivo,19,0.5263,0.3171,0.7267,19.0000
popular,1990-1999,Thriller/crimen,19,0,Protagonista sobrevive,y_sobrevive,19,0.7368,0.5121,0.8819,19.0000
popular,1990-1999,Thriller/crimen,19,0,Objetivo logrado,y_objetivo,19,0.5789,0.3628,0.7686,19.0000
popular,1990-1999,Thriller/crimen,19,0,Justicia narrativa,y_justicia,19,0.4737,0.2733,0.6829,19.0000
popular,1990-1999,Thriller/crimen,19,0,Vínculos fortalecidos,y_relaciones,16,0.3750,0.1848,0.6136,16.0000
popular,1990-1999,Thriller/crimen,19,0,Visión de la vida (−2 a +2),vision_vida,19,0.1908,-0.2647,0.6463,
popular,2000-2009,Acción/aventura,56,0,Final feliz,y_feliz,56,0.5357,0.4070,0.6598,56.0000
popular,2000-2009,Acción/aventura,56,0,Final agridulce,y_agridulce,56,0.3929,0.2758,0.5237,56.0000
popular,2000-2009,Acción/aventura,56,0,Final ambiguo,y_ambiguo,56,0.0536,0.0184,0.1461,56.0000
popular,2000-2009,Acción/aventura,56,0,Final trágico,y_tragico,56,0.0179,0.0032,0.0945,56.0000
popular,2000-2009,Acción/aventura,56,0,Feliz o agridulce,y_resolucion_positiva,56,0.9286,0.8302,0.9719,56.0000
popular,2000-2009,Acción/aventura,56,0,Tono de cierre positivo,y_tono_positivo,54,0.7593,0.6305,0.8536,54.0000
popular,2000-2009,Acción/aventura,56,0,Protagonista sobrevive,y_sobrevive,54,0.8148,0.6916,0.8962,54.0000
popular,2000-2009,Acción/aventura,56,0,Objetivo logrado,y_objetivo,56,0.7679,0.6423,0.8590,56.0000
popular,2000-2009,Acción/aventura,56,0,Justicia narrativa,y_justicia,52,0.5769,0.4419,0.7013,52.0000
popular,2000-2009,Acción/aventura,56,0,Vínculos fortalecidos,y_relaciones,53,0.5660,0.4327,0.6905,53.0000
popular,2000-2009,Acción/aventura,56,0,Visión de la vida (−2 a +2),vision_vida,56,0.8996,0.7136,1.0855,
popular,2000-2009,Animación,12,0,Final feliz,y_feliz,12,1.0000,0.7575,1.0000,12.0000
popular,2000-2009,Animación,12,0,Final agridulce,y_agridulce,12,0.0000,0.0000,0.2425,12.0000
popular,2000-2009,Animación,12,0,Final ambiguo,y_ambiguo,12,0.0000,0.0000,0.2425,12.0000
popular,2000-2009,Animación,12,0,Final trágico,y_tragico,12,0.0000,0.0000,0.2425,12.0000
popular,2000-2009,Animación,12,0,Feliz o agridulce,y_resolucion_positiva,12,1.0000,0.7575,1.0000,12.0000
popular,2000-2009,Animación,12,0,Tono de cierre positivo,y_tono_positivo,12,1.0000,0.7575,1.0000,12.0000
popular,2000-2009,Animación,12,0,Protagonista sobrevive,y_sobrevive,12,1.0000,0.7575,1.0000,12.0000
popular,2000-2009,Animación,12,0,Objetivo logrado,y_objetivo,12,1.0000,0.7575,1.0000,12.0000
popular,2000-2009,Animación,12,0,Justicia narrativa,y_justicia,11,1.0000,0.7412,1.0000,11.0000
popular,2000-2009,Animación,12,0,Vínculos fortalecidos,y_relaciones,12,1.0000,0.7575,1.0000,12.0000
popular,2000-2009,Animación,12,0,Visión de la vida (−2 a +2),vision_vida,12,1.8437,1.7415,1.9460,
popular,2000-2009,Ciencia ficción/fantasía,10,0,Final feliz,y_feliz,10,0.5000,0.2366,0.7634,10.0000
popular,2000-2009,Ciencia ficción/fantasía,10,0,Final agridulce,y_agridulce,10,0.5000,0.2366,0.7634,10.0000
popular,2000-2009,Ciencia ficción/fantasía,10,0,Final ambiguo,y_ambiguo,10,0.0000,0.0000,0.2775,10.0000
popular,2000-2009,Ciencia ficción/fantasía,10,0,Final trágico,y_tragico,10,0.0000,0.0000,0.2775,10.0000
popular,2000-2009,Ciencia ficción/fantasía,10,0,Feliz o agridulce,y_resolucion_positiva,10,1.0000,0.7225,1.0000,10.0000
popular,2000-2009,Ciencia ficción/fantasía,10,0,Tono de cierre positivo,y_tono_positivo,10,0.8000,0.4902,0.9433,10.0000
popular,2000-2009,Ciencia ficción/fantasía,10,0,Protagonista sobrevive,y_sobrevive,10,0.7000,0.3968,0.8922,10.0000
popular,2000-2009,Ciencia ficción/fantasía,10,0,Objetivo logrado,y_objetivo,8,1.0000,0.6756,1.0000,8.0000
popular,2000-2009,Ciencia ficción/fantasía,10,0,Justicia narrativa,y_justicia,6,0.8333,0.4365,0.9699,6.0000
popular,2000-2009,Ciencia ficción/fantasía,10,0,Vínculos fortalecidos,y_relaciones,9,0.4444,0.1888,0.7333,9.0000
popular,2000-2009,Ciencia ficción/fantasía,10,0,Visión de la vida (−2 a +2),vision_vida,10,1.0000,0.6499,1.3501,
popular,2000-2009,Comedia,27,0,Final feliz,y_feliz,27,0.8148,0.6330,0.9182,27.0000
popular,2000-2009,Comedia,27,0,Final agridulce,y_agridulce,27,0.1111,0.0385,0.2806,27.0000
popular,2000-2009,Comedia,27,0,Final ambiguo,y_ambiguo,27,0.0741,0.0206,0.2337,27.0000
popular,2000-2009,Comedia,27,0,Final trágico,y_tragico,27,0.0000,0.0000,0.1246,27.0000
popular,2000-2009,Comedia,27,0,Feliz o agridulce,y_resolucion_positiva,27,0.9259,0.7663,0.9794,27.0000
popular,2000-2009,Comedia,27,0,Tono de cierre positivo,y_tono_positivo,27,0.9259,0.7663,0.9794,27.0000
popular,2000-2009,Comedia,27,0,Protagonista sobrevive,y_sobrevive,26,0.9615,0.8111,0.9932,26.0000
popular,2000-2009,Comedia,27,0,Objetivo logrado,y_objetivo,24,0.9583,0.7976,0.9926,24.0000
popular,2000-2009,Comedia,27,0,Justicia narrativa,y_justicia,11,0.6364,0.3538,0.8483,11.0000
popular,2000-2009,Comedia,27,0,Vínculos fortalecidos,y_relaciones,27,0.8148,0.6330,0.9182,27.0000
popular,2000-2009,Comedia,27,0,Visión de la vida (−2 a +2),vision_vida,27,1.3056,1.0759,1.5352,
popular,2000-2009,Drama,8,0,Final feliz,y_feliz,8,0.6250,0.3057,0.8632,8.0000
popular,2000-2009,Drama,8,0,Final agridulce,y_agridulce,8,0.1250,0.0224,0.4709,8.0000
popular,2000-2009,Drama,8,0,Final ambiguo,y_ambiguo,8,0.0000,0.0000,0.3244,8.0000
popular,2000-2009,Drama,8,0,Final trágico,y_tragico,8,0.2500,0.0715,0.5907,8.0000
popular,2000-2009,Drama,8,0,Feliz o agridulce,y_resolucion_positiva,8,0.7500,0.4093,0.9285,8.0000
popular,2000-2009,Drama,8,0,Tono de cierre positivo,y_tono_positivo,8,0.7500,0.4093,0.9285,8.0000
popular,2000-2009,Drama,8,0,Protagonista sobrevive,y_sobrevive,8,0.7500,0.4093,0.9285,8.0000
popular,2000-2009,Drama,8,0,Objetivo logrado,y_objetivo,8,0.6250,0.3057,0.8632,8.0000
popular,2000-2009,Drama,8,0,Justicia narrativa,y_justicia,5,0.6000,0.2307,0.8824,5.0000
popular,2000-2009,Drama,8,0,Vínculos fortalecidos,y_relaciones,8,0.3750,0.1368,0.6943,8.0000
popular,2000-2009,Drama,8,0,Visión de la vida (−2 a +2),vision_vida,8,0.7188,-0.5790,2.0165,
popular,2000-2009,Romance,4,0,Final feliz,y_feliz,4,0.2500,0.0456,0.6994,4.0000
popular,2000-2009,Romance,4,0,Final agridulce,y_agridulce,4,0.2500,0.0456,0.6994,4.0000
popular,2000-2009,Romance,4,0,Final ambiguo,y_ambiguo,4,0.2500,0.0456,0.6994,4.0000
popular,2000-2009,Romance,4,0,Final trágico,y_tragico,4,0.2500,0.0456,0.6994,4.0000
popular,2000-2009,Romance,4,0,Feliz o agridulce,y_resolucion_positiva,4,0.5000,0.1500,0.8500,4.0000
popular,2000-2009,Romance,4,0,Tono de cierre positivo,y_tono_positivo,4,0.5000,0.1500,0.8500,4.0000
popular,2000-2009,Romance,4,0,Protagonista sobrevive,y_sobrevive,4,0.5000,0.1500,0.8500,4.0000
popular,2000-2009,Romance,4,0,Objetivo logrado,y_objetivo,3,0.3333,0.0615,0.7923,3.0000
popular,2000-2009,Romance,4,0,Justicia narrativa,y_justicia,3,0.3333,0.0615,0.7923,3.0000
popular,2000-2009,Romance,4,0,Vínculos fortalecidos,y_relaciones,4,0.5000,0.1500,0.8500,4.0000
popular,2000-2009,Romance,4,0,Visión de la vida (−2 a +2),vision_vida,4,0.3750,-2.1040,2.8540,
popular,2000-2009,Terror,13,0,Final feliz,y_feliz,13,0.2308,0.0818,0.5026,13.0000
popular,2000-2009,Terror,13,0,Final agridulce,y_agridulce,13,0.3077,0.1268,0.5763,13.0000
popular,2000-2009,Terror,13,0,Final ambiguo,y_ambiguo,13,0.2308,0.0818,0.5026,13.0000
popular,2000-2009,Terror,13,0,Final trágico,y_tragico,13,0.2308,0.0818,0.5026,13.0000
popular,2000-2009,Terror,13,0,Feliz o agridulce,y_resolucion_positiva,13,0.5385,0.2914,0.7679,13.0000
popular,2000-2009,Terror,13,0,Tono de cierre positivo,y_tono_positivo,13,0.4615,0.2321,0.7086,13.0000
popular,2000-2009,Terror,13,0,Protagonista sobrevive,y_sobrevive,13,0.6154,0.3552,0.8229,13.0000
popular,2000-2009,Terror,13,0,Objetivo logrado,y_objetivo,12,0.5000,0.2538,0.7462,12.0000
popular,2000-2009,Terror,13,0,Justicia narrativa,y_justicia,13,0.3077,0.1268,0.5763,13.0000
popular,2000-2009,Terror,13,0,Vínculos fortalecidos,y_relaciones,13,0.2308,0.0818,0.5026,13.0000
popular,2000-2009,Terror,13,0,Visión de la vida (−2 a +2),vision_vida,13,-0.3846,-0.9986,0.2294,
popular,2000-2009,Thriller/crimen,20,0,Final feliz,y_feliz,20,0.4000,0.2188,0.6134,20.0000
popular,2000-2009,Thriller/crimen,20,0,Final agridulce,y_agridulce,20,0.3500,0.1812,0.5671,20.0000
popular,2000-2009,Thriller/crimen,20,0,Final ambiguo,y_ambiguo,20,0.1500,0.0524,0.3604,20.0000
popular,2000-2009,Thriller/crimen,20,0,Final trágico,y_tragico,20,0.1000,0.0279,0.3010,20.0000
popular,2000-2009,Thriller/crimen,20,0,Feliz o agridulce,y_resolucion_positiva,20,0.7500,0.5313,0.8881,20.0000
popular,2000-2009,Thriller/crimen,20,0,Tono de cierre positivo,y_tono_positivo,20,0.5500,0.3421,0.7418,20.0000
popular,2000-2009,Thriller/crimen,20,0,Protagonista sobrevive,y_sobrevive,20,0.8500,0.6396,0.9476,20.0000
popular,2000-2009,Thriller/crimen,20,0,Objetivo logrado,y_objetivo,20,0.7000,0.4810,0.8545,20.0000
popular,2000-2009,Thriller/crimen,20,0,Justicia narrativa,y_justicia,19,0.4211,0.2314,0.6372,19.0000
popular,2000-2009,Thriller/crimen,20,0,Vínculos fortalecidos,y_relaciones,19,0.3158,0.1536,0.5399,19.0000
popular,2000-2009,Thriller/crimen,20,0,Visión de la vida (−2 a +2),vision_vida,20,0.2875,-0.2396,0.8146,
popular,2010-2024,Acción/aventura,147,1,Final feliz,y_feliz,146,0.6018,0.5164,0.6814,131.6469
popular,2010-2024,Acción/aventura,147,1,Final agridulce,y_agridulce,146,0.3167,0.2434,0.4004,131.6469
popular,2010-2024,Acción/aventura,147,1,Final ambiguo,y_ambiguo,146,0.0814,0.0458,0.1409,131.6469
popular,2010-2024,Acción/aventura,147,1,Final trágico,y_tragico,146,0.0000,0.0000,0.0284,131.6469
popular,2010-2024,Acción/aventura,147,1,Feliz o agridulce,y_resolucion_positiva,146,0.9186,0.8591,0.9542,131.6469
popular,2010-2024,Acción/aventura,147,1,Tono de cierre positivo,y_tono_positivo,144,0.8532,0.7822,0.9039,129.8470
popular,2010-2024,Acción/aventura,147,1,Protagonista sobrevive,y_sobrevive,138,0.8436,0.7697,0.8970,124.7087
popular,2010-2024,Acción/aventura,147,1,Objetivo logrado,y_objetivo,146,0.8009,0.7246,0.8602,131.6469
popular,2010-2024,Acción/aventura,147,1,Justicia narrativa,y_justicia,134,0.6798,0.5922,0.7563,120.8475
popular,2010-2024,Acción/aventura,147,1,Vínculos fortalecidos,y_relaciones,142,0.6372,0.5511,0.7154,128.0471
popular,2010-2024,Acción/aventura,147,1,Visión de la vida (−2 a +2),vision_vida,146,1.1499,1.0423,1.2575,
popular,2010-2024,Animación,24,0,Final feliz,y_feliz,24,0.8974,0.7075,0.9694,22.0435
popular,2010-2024,Animación,24,0,Final agridulce,y_agridulce,24,0.0769,0.0194,0.2600,22.0435
popular,2010-2024,Animación,24,0,Final ambiguo,y_ambiguo,24,0.0256,0.0030,0.1891,22.0435
popular,2010-2024,Animación,24,0,Final trágico,y_tragico,24,0.0000,0.0000,0.1484,22.0435
popular,2010-2024,Animación,24,0,Feliz o agridulce,y_resolucion_positiva,24,0.9744,0.8109,0.9970,22.0435
popular,2010-2024,Animación,24,0,Tono de cierre positivo,y_tono_positivo,24,1.0000,0.8516,1.0000,22.0435
popular,2010-2024,Animación,24,0,Protagonista sobrevive,y_sobrevive,24,1.0000,0.8516,1.0000,22.0435
popular,2010-2024,Animación,24,0,Objetivo logrado,y_objetivo,23,1.0000,0.8468,1.0000,21.2353
popular,2010-2024,Animación,24,0,Justicia narrativa,y_justicia,18,0.9062,0.6861,0.9771,17.0667
popular,2010-2024,Animación,24,0,Vínculos fortalecidos,y_relaciones,24,0.8462,0.6466,0.9430,22.0435
popular,2010-2024,Animación,24,0,Visión de la vida (−2 a +2),vision_vida,24,1.7692,1.6343,1.9041,
popular,2010-2024,Ciencia ficción/fantasía,6,0,Final feliz,y_feliz,6,0.8000,0.3937,0.9610,5.5556
popular,2010-2024,Ciencia ficción/fantasía,6,0,Final agridulce,y_agridulce,6,0.1000,0.0115,0.5156,5.5556
popular,2010-2024,Ciencia ficción/fantasía,6,0,Final ambiguo,y_ambiguo,6,0.0000,0.0000,0.4088,5.5556
popular,2010-2024,Ciencia ficción/fantasía,6,0,Final trágico,y_tragico,6,0.1000,0.0115,0.5156,5.5556
popular,2010-2024,Ciencia ficción/fantasía,6,0,Feliz o agridulce,y_resolucion_positiva,6,0.9000,0.4844,0.9885,5.5556
popular,2010-2024,Ciencia ficción/fantasía,6,0,Tono de cierre positivo,y_tono_positivo,6,0.8000,0.3937,0.9610,5.5556
popular,2010-2024,Ciencia ficción/fantasía,6,0,Protagonista sobrevive,y_sobrevive,6,0.9000,0.4844,0.9885,5.5556
popular,2010-2024,Ciencia ficción/fantasía,6,0,Objetivo logrado,y_objetivo,6,0.8000,0.3937,0.9610,5.5556
popular,2010-2024,Ciencia ficción/fantasía,6,0,Justicia narrativa,y_justicia,4,0.3333,0.0699,0.7688,3.6000
popular,2010-2024,Ciencia ficción/fantasía,6,0,Vínculos fortalecidos,y_relaciones,6,0.7000,0.3141,0.9224,5.5556
popular,2010-2024,Ciencia ficción/fantasía,6,0,Visión de la vida (−2 a +2),vision_vida,6,1.1000,-0.1088,2.3088,
popular,2010-2024,Comedia,34,0,Final feliz,y_feliz,34,0.6667,0.4895,0.8066,30.6000
popular,2010-2024,Comedia,34,0,Final agridulce,y_agridulce,34,0.1765,0.0802,0.3449,30.6000
popular,2010-2024,Comedia,34,0,Final ambiguo,y_ambiguo,34,0.0784,0.0241,0.2268,30.6000
popular,2010-2024,Comedia,34,0,Final trágico,y_tragico,34,0.0784,0.0241,0.2268,30.6000
popular,2010-2024,Comedia,34,0,Feliz o agridulce,y_resolucion_positiva,34,0.8431,0.6775,0.9322,30.6000
popular,2010-2024,Comedia,34,0,Tono de cierre positivo,y_tono_positivo,34,0.7451,0.5697,0.8659,30.6000
popular,2010-2024,Comedia,34,0,Protagonista sobrevive,y_sobrevive,33,0.9400,0.7950,0.9845,29.7619
popular,2010-2024,Comedia,34,0,Objetivo logrado,y_objetivo,31,0.7917,0.6114,0.9017,28.0976
popular,2010-2024,Comedia,34,0,Justicia narrativa,y_justicia,19,0.4000,0.2086,0.6277,17.3077
popular,2010-2024,Comedia,34,0,Vínculos fortalecidos,y_relaciones,32,0.7500,0.5691,0.8720,28.8000
popular,2010-2024,Comedia,34,0,Visión de la vida (−2 a +2),vision_vida,34,0.8407,0.5008,1.1805,
popular,2010-2024,Drama,22,0,Final feliz,y_feliz,22,0.3636,0.1906,0.5810,19.8000
popular,2010-2024,Drama,22,0,Final agridulce,y_agridulce,22,0.5455,0.3372,0.7389,19.8000
popular,2010-2024,Drama,22,0,Final ambiguo,y_ambiguo,22,0.0606,0.0122,0.2518,19.8000
popular,2010-2024,Drama,22,0,Final trágico,y_tragico,22,0.0303,0.0037,0.2096,19.8000
popular,2010-2024,Drama,22,0,Feliz o agridulce,y_resolucion_positiva,22,0.9091,0.7090,0.9762,19.8000
popular,2010-2024,Drama,22,0,Tono de cierre positivo,y_tono_positivo,22,0.5758,0.3638,0.7631,19.8000
popular,2010-2024,Drama,22,0,Protagonista sobrevive,y_sobrevive,21,0.8750,0.6621,0.9615,18.9630
popular,2010-2024,Drama,22,0,Objetivo logrado,y_objetivo,16,0.8400,0.5869,0.9510,14.5349
popular,2010-2024,Drama,22,0,Justicia narrativa,y_justicia,13,0.4000,0.1803,0.6689,11.7647
popular,2010-2024,Drama,22,0,Vínculos fortalecidos,y_relaciones,19,0.3929,0.2022,0.6229,17.0435
popular,2010-2024,Drama,22,0,Visión de la vida (−2 a +2),vision_vida,22,0.7803,0.3842,1.1764,
popular,2010-2024,Romance,6,0,Final feliz,y_feliz,6,0.4000,0.1250,0.7568,5.5556
popular,2010-2024,Romance,6,0,Final agridulce,y_agridulce,6,0.6000,0.2432,0.8750,5.5556
popular,2010-2024,Romance,6,0,Final ambiguo,y_ambiguo,6,0.0000,0.0000,0.4088,5.5556
popular,2010-2024,Romance,6,0,Final trágico,y_tragico,6,0.0000,0.0000,0.4088,5.5556
popular,2010-2024,Romance,6,0,Feliz o agridulce,y_resolucion_positiva,6,1.0000,0.5912,1.0000,5.5556
popular,2010-2024,Romance,6,0,Tono de cierre positivo,y_tono_positivo,6,0.7000,0.3141,0.9224,5.5556
popular,2010-2024,Romance,6,0,Protagonista sobrevive,y_sobrevive,6,0.7000,0.3141,0.9224,5.5556
popular,2010-2024,Romance,6,0,Objetivo logrado,y_objetivo,6,0.6000,0.2432,0.8750,5.5556
popular,2010-2024,Romance,6,0,Justicia narrativa,y_justicia,3,0.0000,0.0000,0.5903,2.6667
popular,2010-2024,Romance,6,0,Vínculos fortalecidos,y_relaciones,6,0.5000,0.1803,0.8197,5.5556
popular,2010-2024,Romance,6,0,Visión de la vida (−2 a +2),vision_vida,6,0.8250,-0.1660,1.8160,
popular,2010-2024,Terror,36,0,Final feliz,y_feliz,36,0.4082,0.2568,0.5792,32.0133
popular,2010-2024,Terror,36,0,Final agridulce,y_agridulce,36,0.3061,0.1746,0.4792,32.0133
popular,2010-2024,Terror,36,0,Final ambiguo,y_ambiguo,36,0.1224,0.0482,0.2776,32.0133
popular,2010-2024,Terror,36,0,Final trágico,y_tragico,36,0.1633,0.0731,0.3256,32.0133
popular,2010-2024,Terror,36,0,Feliz o agridulce,y_resolucion_positiva,36,0.7143,0.5417,0.8410,32.0133
popular,2010-2024,Terror,36,0,Tono de cierre positivo,y_tono_positivo,34,0.6000,0.4238,0.7536,30.2239
popular,2010-2024,Terror,36,0,Protagonista sobrevive,y_sobrevive,36,0.5510,0.3827,0.7085,32.0133
popular,2010-2024,Terror,36,0,Objetivo logrado,y_objetivo,35,0.5745,0.4022,0.7304,31.1127
popular,2010-2024,Terror,36,0,Justicia narrativa,y_justicia,32,0.4773,0.3077,0.6522,28.4706
popular,2010-2024,Terror,36,0,Vínculos fortalecidos,y_relaciones,33,0.4545,0.2903,0.6293,29.3333
popular,2010-2024,Terror,36,0,Visión de la vida (−2 a +2),vision_vida,36,0.2321,-0.1807,0.6450,
popular,2010-2024,Thriller/crimen,25,0,Final feliz,y_feliz,25,0.3611,0.1964,0.5666,22.3448
popular,2010-2024,Thriller/crimen,25,0,Final agridulce,y_agridulce,25,0.2222,0.0986,0.4273,22.3448
popular,2010-2024,Thriller/crimen,25,0,Final ambiguo,y_ambiguo,25,0.0278,0.0035,0.1906,22.3448
popular,2010-2024,Thriller/crimen,25,0,Final trágico,y_tragico,25,0.3889,0.2178,0.5926,22.3448
popular,2010-2024,Thriller/crimen,25,0,Feliz o agridulce,y_resolucion_positiva,25,0.5833,0.3819,0.7603,22.3448
popular,2010-2024,Thriller/crimen,25,0,Tono de cierre positivo,y_tono_positivo,25,0.4444,0.2621,0.6431,22.3448
popular,2010-2024,Thriller/crimen,25,0,Protagonista sobrevive,y_sobrevive,24,0.6857,0.4746,0.8405,21.4912
popular,2010-2024,Thriller/crimen,25,0,Objetivo logrado,y_objetivo,24,0.5714,0.3676,0.7536,21.4912
popular,2010-2024,Thriller/crimen,25,0,Justicia narrativa,y_justicia,23,0.5152,0.3144,0.7111,20.5472
popular,2010-2024,Thriller/crimen,25,0,Vínculos fortalecidos,y_relaciones,22,0.3438,0.1757,0.5628,19.6923
popular,2010-2024,Thriller/crimen,25,0,Visión de la vida (−2 a +2),vision_vida,25,0.0069,-0.5288,0.5427,
