frame,periodo,n_peliculas,n_no_clasificables,medida,variable,n,estimacion,ic95_inf,ic95_sup,n_efectivo
amplio,1980-1989,50,3,Final feliz,y_feliz,47,0.5740,0.4323,0.7045,46.9453
amplio,1980-1989,50,3,Final agridulce,y_agridulce,47,0.2345,0.1363,0.3728,46.9453
amplio,1980-1989,50,3,Final ambiguo,y_ambiguo,47,0.0640,0.0220,0.1719,46.9453
amplio,1980-1989,50,3,Final trágico,y_tragico,47,0.1276,0.0598,0.2517,46.9453
amplio,1980-1989,50,3,Feliz o agridulce,y_resolucion_positiva,47,0.8085,0.6744,0.8959,46.9453
amplio,1980-1989,50,3,Tono de cierre positivo,y_tono_positivo,44,0.7959,0.6554,0.8889,43.9473
amplio,1980-1989,50,3,Protagonista sobrevive,y_sobrevive,44,0.8845,0.7578,0.9493,43.9473
amplio,1980-1989,50,3,Objetivo logrado,y_objetivo,39,0.7715,0.6190,0.8752,38.9537
amplio,1980-1989,50,3,Justicia narrativa,y_justicia,38,0.4983,0.3469,0.6501,37.9543
amplio,1980-1989,50,3,Vínculos fortalecidos,y_relaciones,42,0.5252,0.3785,0.6678,41.9489
amplio,1980-1989,50,3,Visión de la vida (−2 a +2),vision_vida,46,0.6082,0.3265,0.8899,
amplio,1990-1999,50,8,Final feliz,y_feliz,42,0.6659,0.5146,0.7893,41.9573
amplio,1990-1999,50,8,Final agridulce,y_agridulce,42,0.2629,0.1537,0.4118,41.9573
amplio,1990-1999,50,8,Final ambiguo,y_ambiguo,42,0.0000,0.0000,0.0839,41.9573
amplio,1990-1999,50,8,Final trágico,y_tragico,42,0.0713,0.0245,0.1900,41.9573
amplio,1990-1999,50,8,Feliz o agridulce,y_resolucion_positiva,42,0.9287,0.8100,0.9755,41.9573
amplio,1990-1999,50,8,Tono de cierre positivo,y_tono_positivo,42,0.8081,0.6653,0.8992,41.9573
amplio,1990-1999,50,8,Protagonista sobrevive,y_sobrevive,41,0.8510,0.7124,0.9295,40.9579
amplio,1990-1999,50,8,Objetivo logrado,y_objetivo,39,0.8465,0.7030,0.9278,38.9613
amplio,1990-1999,50,8,Justicia narrativa,y_justicia,39,0.7204,0.5647,0.8365,38.9603
amplio,1990-1999,50,8,Vínculos fortalecidos,y_relaciones,39,0.5660,0.4115,0.7087,38.9597
amplio,1990-1999,50,8,Visión de la vida (−2 a +2),vision_vida,41,0.8135,0.5159,1.1110,
amplio,2000-2009,50,7,Final feliz,y_feliz,43,0.6763,0.5270,0.7967,42.9588
amplio,2000-2009,50,7,Final agridulce,y_agridulce,43,0.1376,0.0643,0.2705,42.9588
amplio,2000-2009,50,7,Final ambiguo,y_ambiguo,43,0.0710,0.0247,0.1878,42.9588
amplio,2000-2009,50,7,Final trágico,y_tragico,43,0.1150,0.0499,0.2433,42.9588
amplio,2000-2009,50,7,Feliz o agridulce,y_resolucion_positiva,43,0.8140,0.6738,0.9026,42.9588
amplio,2000-2009,50,7,Tono de cierre positivo,y_tono_positivo,41,0.7813,0.6337,0.8806,40.9601
amplio,2000-2009,50,7,Protagonista sobrevive,y_sobrevive,43,0.8851,0.7568,0.9502,42.9588
amplio,2000-2009,50,7,Objetivo logrado,y_objetivo,37,0.8127,0.6599,0.9065,36.9631
amplio,2000-2009,50,7,Justicia narrativa,y_justicia,29,0.6586,0.4767,0.8033,28.9711
amplio,2000-2009,50,7,Vínculos fortalecidos,y_relaciones,38,0.6052,0.4470,0.7440,37.9629
amplio,2000-2009,50,7,Visión de la vida (−2 a +2),vision_vida,44,0.6436,0.3113,0.9759,
amplio,2010-2024,100,5,Final feliz,y_feliz,95,0.4992,0.3933,0.6052,81.7192
amplio,2010-2024,100,5,Final agridulce,y_agridulce,95,0.2615,0.1784,0.3659,81.7192
amplio,2010-2024,100,5,Final ambiguo,y_ambiguo,95,0.0463,0.0177,0.1157,81.7192
amplio,2010-2024,100,5,Final trágico,y_tragico,95,0.1930,0.1220,0.2915,81.7192
amplio,2010-2024,100,5,Feliz o agridulce,y_resolucion_positiva,95,0.7607,0.6578,0.8402,81.7192
amplio,2010-2024,100,5,Tono de cierre positivo,y_tono_positivo,94,0.6912,0.5836,0.7813,80.7537
amplio,2010-2024,100,5,Protagonista sobrevive,y_sobrevive,94,0.7305,0.6251,0.8151,80.9619
amplio,2010-2024,100,5,Objetivo logrado,y_objetivo,81,0.6471,0.5299,0.7490,69.6258
amplio,2010-2024,100,5,Justicia narrativa,y_justicia,73,0.3354,0.2317,0.4578,63.6564
amplio,2010-2024,100,5,Vínculos fortalecidos,y_relaciones,92,0.5073,0.3994,0.6145,79.1752
amplio,2010-2024,100,5,Visión de la vida (−2 a +2),vision_vida,97,0.3062,0.0418,0.5706,
popular,1980-1989,150,0,Final feliz,y_feliz,150,0.5667,0.4867,0.6433,150.0000
popular,1980-1989,150,0,Final agridulce,y_agridulce,150,0.2667,0.2024,0.3426,150.0000
popular,1980-1989,150,0,Final ambiguo,y_ambiguo,150,0.0667,0.0366,0.1184,150.0000
popular,1980-1989,150,0,Final trágico,y_tragico,150,0.1000,0.0615,0.1584,150.0000
popular,1980-1989,150,0,Feliz o agridulce,y_resolucion_positiva,150,0.8333,0.7655,0.8845,150.0000
popular,1980-1989,150,0,Tono de cierre positivo,y_tono_positivo,149,0.7450,0.6694,0.8082,149.0000
popular,1980-1989,150,0,Protagonista sobrevive,y_sobrevive,146,0.8082,0.7368,0.8638,146.0000
popular,1980-1989,150,0,Objetivo logrado,y_objetivo,130,0.7077,0.6244,0.7790,130.0000
popular,1980-1989,150,0,Justicia narrativa,y_justicia,123,0.5610,0.4727,0.6455,123.0000
popular,1980-1989,150,0,Vínculos fortalecidos,y_relaciones,136,0.5735,0.4895,0.6535,136.0000
popular,1980-1989,150,0,Visión de la vida (−2 a +2),vision_vida,150,0.6117,0.4469,0.7765,
popular,1990-1999,150,0,Final feliz,y_feliz,150,0.6600,0.5810,0.7310,150.0000
popular,1990-1999,150,0,Final agridulce,y_agridulce,150,0.2467,0.1846,0.3214,150.0000
popular,1990-1999,150,0,Final ambiguo,y_ambiguo,150,0.0200,0.0068,0.0571,150.0000
popular,1990-1999,150,0,Final trágico,y_tragico,150,0.0733,0.0414,0.1265,150.0000
popular,1990-1999,150,0,Feliz o agridulce,y_resolucion_positiva,150,0.9067,0.8494,0.9436,150.0000
popular,1990-1999,150,0,Tono de cierre positivo,y_tono_positivo,149,0.7852,0.7126,0.8436,149.0000
popular,1990-1999,150,0,Protagonista sobrevive,y_sobrevive,149,0.8188,0.7492,0.8724,149.0000
popular,1990-1999,150,0,Objetivo logrado,y_objetivo,143,0.7902,0.7163,0.8489,143.0000
popular,1990-1999,150,0,Justicia narrativa,y_justicia,134,0.6642,0.5806,0.7386,134.0000
popular,1990-1999,150,0,Vínculos fortalecidos,y_relaciones,142,0.6831,0.6026,0.7539,142.0000
popular,1990-1999,150,0,Visión de la vida (−2 a +2),vision_vida,150,0.8817,0.7365,1.0268,
popular,2000-2009,150,0,Final feliz,y_feliz,150,0.5733,0.4933,0.6497,150.0000
popular,2000-2009,150,0,Final agridulce,y_agridulce,150,0.2867,0.2203,0.3636,150.0000
popular,2000-2009,150,0,Final ambiguo,y_ambiguo,150,0.0800,0.0464,0.1346,150.0000
popular,2000-2009,150,0,Final trágico,y_tragico,150,0.0600,0.0319,0.1101,150.0000
popular,2000-2009,150,0,Feliz o agridulce,y_resolucion_positiva,150,0.8600,0.7954,0.9066,150.0000
popular,2000-2009,150,0,Tono de cierre positivo,y_tono_positivo,148,0.7500,0.6745,0.8128,148.0000
popular,2000-2009,150,0,Protagonista sobrevive,y_sobrevive,147,0.8231,0.7535,0.8763,147.0000
popular,2000-2009,150,0,Objetivo logrado,y_objetivo,143,0.7832,0.7088,0.8429,143.0000
popular,2000-2009,150,0,Justicia narrativa,y_justicia,120,0.5750,0.4856,0.6598,120.0000
popular,2000-2009,150,0,Vínculos fortalecidos,y_relaciones,145,0.5655,0.4842,0.6435,145.0000
popular,2000-2009,150,0,Visión de la vida (−2 a +2),vision_vida,150,0.8383,0.6801,0.9966,
popular,2010-2024,300,1,Final feliz,y_feliz,299,0.5768,0.5171,0.6344,269.1602
popular,2010-2024,300,1,Final agridulce,y_agridulce,299,0.2895,0.2386,0.3464,269.1602
popular,2010-2024,300,1,Final ambiguo,y_ambiguo,299,0.0713,0.0462,0.1084,269.1602
popular,2010-2024,300,1,Final trágico,y_tragico,299,0.0624,0.0392,0.0979,269.1602
popular,2010-2024,300,1,Feliz o agridulce,y_resolucion_positiva,299,0.8664,0.8205,0.9019,269.1602
popular,2010-2024,300,1,Tono de cierre positivo,y_tono_positivo,295,0.7692,0.7149,0.8159,265.4402
popular,2010-2024,300,1,Protagonista sobrevive,y_sobrevive,288,0.8234,0.7724,0.8650,259.6940
popular,2010-2024,300,1,Objetivo logrado,y_objetivo,287,0.7719,0.7170,0.8188,258.7308
popular,2010-2024,300,1,Justicia narrativa,y_justicia,246,0.6102,0.5447,0.6720,221.7692
popular,2010-2024,300,1,Vínculos fortalecidos,y_relaciones,284,0.6103,0.5493,0.6681,255.6000
popular,2010-2024,300,1,Visión de la vida (−2 a +2),vision_vida,299,0.9413,0.8312,1.0513,
