reason,1980-1989,1990-1999,2000-2009,2010-2019,2020-2024,total
votos_bajo_umbral,19678,19337,31666,68277,40424,179382
sin_duracion,10390,11793,14598,31817,23458,92056
genero_no_ficcion,2153,3222,12504,34738,17957,70574
duracion_menor_umbral,2254,4117,9876,18438,9001,43686
nacionalidad_no_establecida_o_no_eeuu,1448,1828,4571,8531,5201,21579
sin_genero,3369,2481,2104,2474,1522,11950
adulto,3415,1175,430,785,430,6235
sin_articulo_wikipedia,15,29,91,278,89,502
anio_inconsistente_imdb_wikidata,12,10,12,26,11,71
