contraste,diferencia_minima,n_por_cohorte_necesario,n_total_necesario_2cohortes_mas_referencia
Final feliz: 1990-1999 vs 2010-2024 (n2 = 2·n1),10 pp,293.0,879.0
Final feliz: 1990-1999 vs 2010-2024 (n2 = 2·n1),15 pp,130.0,390.0
Final feliz: 1990-1999 vs 2010-2024 (n2 = 2·n1),20 pp,73.0,218.0
Visión de la vida: diferencia de medias (grupos iguales),0.2 puntos,551.0,
Visión de la vida: diferencia de medias (grupos iguales),0.3 puntos,245.0,
Visión de la vida: diferencia de medias (grupos iguales),0.4 puntos,138.0,
"MDE con capacidad elegida: popular 150/cohorte, 90s vs 2010-2024",13.8 pp,,
"MDE con capacidad elegida: popular 150/cohorte, 90s vs una cohorte",16.0 pp,,
"MDE con capacidad elegida: amplio 50/cohorte, 90s vs 2010-2024",23.9 pp,,
