frame,cohort,n,reconocida_A,reconocida_B,reconocida_alguno,reconocida_ambos
amplio,1980-1989,50,0.640,0.460,0.660,0.440
amplio,1990-1999,50,0.760,0.680,0.800,0.640
amplio,2000-2009,50,0.660,0.620,0.740,0.540
amplio,2010-2019,50,0.580,0.380,0.580,0.380
amplio,2020-2024,50,0.440,0.340,0.580,0.200
popular,1980-1989,150,1.000,0.940,1.000,0.940
popular,1990-1999,150,1.000,0.980,1.000,0.980
popular,2000-2009,150,1.000,0.993,1.000,0.993
popular,2010-2019,150,1.000,0.993,1.000,0.993
popular,2020-2024,150,1.000,0.973,1.000,0.973
