especificacion,marco,variable,valor_1990s,valor_comparado,grupo_comparado,diff,diff_lo,diff_hi,ratio,ratio_lo,ratio_hi,n1,n0
"Principal: final feliz, peso de diseño",popular,y_feliz,0.6600,0.5768,2010-2024,-0.0832,-0.1793,0.0126,0.8740,0.7486,1.0216,299,150
Definición amplia: feliz o agridulce,popular,y_resolucion_positiva,0.9067,0.8664,2010-2024,-0.0403,-0.0996,0.0228,0.9556,0.8936,1.0265,299,150
Definición estricta: feliz y tono de cierre positivo,popular,y_feliz_estricto,0.6533,0.5746,2010-2024,-0.0787,-0.1768,0.0173,0.8795,0.7505,1.0302,299,150
Ponderado por popularidad (votos IMDb),popular,y_feliz,0.5100,0.5295,2010-2024,0.0194,-0.1551,0.1777,1.0381,0.7549,1.4589,299,150
Incluye no clasificables como no felices,popular,y_feliz_incl_nc,0.6600,0.5756,2010-2024,-0.0844,-0.1778,0.0132,0.8721,0.7513,1.0235,300,150
Excluye películas reconocidas por algún anotador,popular,y_feliz,,,2010-2024,,,,,,,0,0
Excluye películas reconocidas por ambos anotadores,popular,y_feliz,1.0000,0.6667,2010-2024,-0.3333,-0.8000,0.0000,0.6667,0.2000,1.0000,5,3
Solo etiquetas del anotador A (sin adjudicación),popular,y_feliz_A,0.6667,0.5612,2010-2024,-0.1054,-0.2021,-0.0087,0.8419,0.7200,0.9863,299,150
Solo etiquetas del anotador B (sin adjudicación),popular,y_feliz_B,0.6667,0.5964,2010-2024,-0.0703,-0.1664,0.0253,0.8946,0.7713,1.0421,297,150
Solo acuerdo inicial entre anotadores,popular,y_feliz,0.6861,0.6115,2010-2024,-0.0746,-0.1746,0.0262,0.8913,0.7649,1.0417,268,137
Solo confianza alta (3) en ambos,popular,y_feliz,0.9241,0.8429,2010-2024,-0.0811,-0.1670,0.0080,0.9122,0.8259,1.0089,126,79
Solo producciones solo de EE. UU.,popular,y_feliz,0.6746,0.6258,2010-2024,-0.0488,-0.1526,0.0614,0.9276,0.7912,1.1014,213,126
Umbral de popularidad más estricto (top 20/año),popular,y_feliz,0.5741,0.5000,2010-2024,-0.0741,-0.2378,0.0866,0.8710,0.6436,1.1804,119,54
Solo década completa 2010-2019,popular,y_feliz,0.6600,0.5867,2010-2019,-0.0733,-0.1867,0.0333,0.8889,0.7383,1.0556,150,150
Solo 2020-2024,popular,y_feliz,0.6600,0.5570,2020-2024,-0.1030,-0.2100,0.0046,0.8440,0.7011,1.0070,149,150
"Visión de la vida (media, escala −2 a +2)",popular,vision_vida,0.8817,0.9413,2010-2024,0.0596,-0.1103,0.2378,1.0676,0.8888,1.3195,299,150
Visión de la vida ponderada por votos,popular,vision_vida,0.7187,0.8999,2010-2024,0.1812,-0.1710,0.5305,1.2522,0.8227,2.2604,299,150
Tono de cierre positivo,popular,y_tono_positivo,0.7852,0.7692,2010-2024,-0.0160,-0.0979,0.0660,0.9796,0.8814,1.0905,295,149
Final trágico,popular,y_tragico,0.0733,0.0624,2010-2024,-0.0110,-0.0622,0.0357,0.8504,0.4222,1.9049,299,150
"Principal: final feliz, peso de diseño",amplio,y_feliz,0.6659,0.4992,2010-2024,-0.1666,-0.3463,0.0093,0.7498,0.5454,1.0163,95,42
Definición amplia: feliz o agridulce,amplio,y_resolucion_positiva,0.9287,0.7607,2010-2024,-0.1680,-0.2889,-0.0425,0.8191,0.7012,0.9516,95,42
Definición estricta: feliz y tono de cierre positivo,amplio,y_feliz_estricto,0.6659,0.4848,2010-2024,-0.1811,-0.3620,-0.0027,0.7280,0.5282,0.9951,95,42
Ponderado por popularidad (votos IMDb),amplio,y_feliz,0.6093,0.4355,2010-2024,-0.1738,-0.5513,0.2409,0.7148,0.3441,1.7103,95,42
Incluye no clasificables como no felices,amplio,y_feliz_incl_nc,0.5618,0.4729,2010-2024,-0.0889,-0.2616,0.0826,0.8417,0.6001,1.1831,100,50
Excluye películas reconocidas por algún anotador,amplio,y_feliz,0.6004,0.5403,2010-2024,-0.0601,-0.4971,0.4053,0.8998,0.4692,2.9109,39,5
Excluye películas reconocidas por ambos anotadores,amplio,y_feliz,0.8347,0.5776,2010-2024,-0.2571,-0.4794,0.0130,0.6920,0.5000,1.0213,66,12
Solo etiquetas del anotador A (sin adjudicación),amplio,y_feliz_A,0.6659,0.4992,2010-2024,-0.1666,-0.3463,0.0093,0.7498,0.5454,1.0163,95,42
Solo etiquetas del anotador B (sin adjudicación),amplio,y_feliz_B,0.6193,0.5220,2010-2024,-0.0973,-0.2802,0.0893,0.8429,0.6128,1.1757,96,42
Solo acuerdo inicial entre anotadores,amplio,y_feliz,0.6840,0.5335,2010-2024,-0.1505,-0.3347,0.0462,0.7800,0.5694,1.0819,87,38
Solo confianza alta (3) en ambos,amplio,y_feliz,0.9392,0.6687,2010-2024,-0.2705,-0.4727,-0.0611,0.7120,0.5205,0.9286,35,17
Solo producciones solo de EE. UU.,amplio,y_feliz,0.6280,0.5410,2010-2024,-0.0870,-0.2855,0.1121,0.8615,0.6182,1.2402,81,35
Umbral de popularidad más estricto (top 20/año),amplio,y_feliz,0.5000,0.4617,2010-2024,-0.0383,-0.5734,0.7500,0.9234,0.0000,4.0000,3,4
Solo década completa 2010-2019,amplio,y_feliz,0.6659,0.4715,2010-2019,-0.1943,-0.3929,0.0105,0.7081,0.4775,1.0199,47,42
Solo 2020-2024,amplio,y_feliz,0.6659,0.5626,2020-2024,-0.1032,-0.3037,0.1000,0.8450,0.5937,1.1786,48,42
"Visión de la vida (media, escala −2 a +2)",amplio,vision_vida,0.8135,0.3062,2010-2024,-0.5072,-0.8935,-0.1257,0.3764,0.0407,0.7986,97,41
Visión de la vida ponderada por votos,amplio,vision_vida,0.8650,0.6689,2010-2024,-0.1962,-0.9698,0.5339,0.7732,0.2532,3.2518,97,41
Tono de cierre positivo,amplio,y_tono_positivo,0.8081,0.6912,2010-2024,-0.1169,-0.2708,0.0435,0.8553,0.6929,1.0628,94,42
Final trágico,amplio,y_tragico,0.0713,0.1930,2010-2024,0.1217,-0.0010,0.2411,2.7064,0.9807,10.1356,95,42
