id,tconst,titulo,year,final,optimismo,tono
PA4DF0E72,tt0111161,The Shawshank Redemption,1994,FELIZ,2.0,-0.5
PEDA4BDCF,tt0468569,The Dark Knight,2008,AGRIDULCE,-0.5,-2.0
P7DB51895,tt1375666,Inception,2010,AMBIGUO,0.0,-0.5
P61847057,tt0137523,Fight Club,1999,AGRIDULCE,-1.5,-1.0
PC05A0F4D,tt0816692,Interstellar,2014,FELIZ,1.0,0.0
PF1CCA02B,tt0109830,Forrest Gump,1994,AGRIDULCE,2.0,1.0
P0A3968B6,tt0110912,Pulp Fiction,1994,AGRIDULCE,-0.5,-1.0
P1FA5C0A0,tt0133093,The Matrix,1999,FELIZ,1.0,-1.0
P159A40A6,tt0120737,The Lord of the Rings: The Fellowship of the Ring,2001,AGRIDULCE,1.0,-1.0
P4461057A,tt0167260,The Lord of the Rings: The Return of the King,2003,AGRIDULCE,1.0,-0.5
