id,tconst,batch,palabras_originales,truncada
F031D0D78,tt0116823,piloto_01,851,False
F0CC0B184,tt1179904,piloto_01,866,False
F16E123EB,tt0089271,piloto_01,542,False
F16F2A01B,tt0083190,piloto_01,570,False
F18803669,tt1065073,piloto_01,732,False
F1A6BC3E2,tt0119019,piloto_01,413,False
F1CFC06E6,tt0103303,piloto_01,437,False
F32302BD9,tt2704998,piloto_01,707,False
F3D1AB51E,tt0218067,piloto_01,202,False
F41FF803C,tt0108160,piloto_01,550,False
F445D8447,tt1018830,piloto_01,575,False
F46F8C492,tt3758814,piloto_01,719,False
F58E88E01,tt1251743,piloto_01,977,False
F5E7212AD,tt0086637,piloto_01,335,False
F61232EB2,tt0327597,piloto_01,698,False
F6260BD7A,tt0119081,piloto_01,751,False
F6820F8CD,tt0093894,piloto_01,557,False
F69397824,tt14556184,piloto_01,480,False
F6BC24395,tt0091557,piloto_01,682,False
F71C19060,tt0427944,piloto_01,623,False
F74319451,tt0083670,piloto_01,583,False
F79EC577F,tt0970179,piloto_01,675,False
F7AB5333E,tt0119137,piloto_01,533,False
F7FADBA1E,tt3470600,piloto_01,696,False
F7FBA1F8E,tt10016180,piloto_01,690,False
F84679CD0,tt0213149,piloto_01,586,False
F890CD9BF,tt0121766,piloto_01,607,False
F8BA173FA,tt0084805,piloto_01,589,False
F8E9B4888,tt0116922,piloto_01,668,False
F9049C4DE,tt21469794,piloto_01,486,False
F90F8E803,tt9860728,piloto_01,630,False
F937A9248,tt4058836,piloto_01,846,False
F988240DA,tt3420504,piloto_01,440,False
F9937C64F,tt0089173,piloto_01,592,False
F99747DE5,tt0361620,piloto_01,495,False
F9984D49D,tt0086340,piloto_01,595,False
F9B8F480D,tt1855199,piloto_01,565,False
F9EBA1A99,tt1428538,piloto_01,673,False
FA65D7A01,tt1259571,piloto_01,570,False
FAFBACAD8,tt0107206,piloto_01,746,False
FB00E5D5A,tt14849194,piloto_01,757,False
FBD882A31,tt3183660,piloto_01,769,False
FBE9DE22B,tt0385002,piloto_01,806,False
FC43882ED,tt0116213,piloto_01,512,False
FC621BA8B,tt29268110,piloto_01,658,False
FC6F7A6AC,tt11952606,piloto_01,578,False
FD954E540,tt10838180,piloto_01,807,False
FE0DC178F,tt0113497,piloto_01,679,False
FE3ED0851,tt7097896,piloto_01,477,False
FFCEC1ECE,tt0086969,piloto_01,594,False
