id,tconst,idioma,palabras_originales,truncada,batch
S00045D9A,tt0284722,en,149,False,series_01
S00261760,tt2632424,en,986,False,series_01
S00398D54,tt1710308,en,399,False,series_01
S003DA7A8,tt1495746,tmdb,74,False,series_01
S004F6721,tt0092492,en,387,False,series_01
S00523150,tt0080269,en,102,False,series_01
S00A682B3,tt2431438,en,315,False,series_01
S00CE2ADE,tt0364845,en,545,False,series_01
S00D48044,tt7472896,en,293,False,series_01
S00D9425C,tt0235923,en,506,False,series_01
S00E301F0,tt0092423,en,1444,True,series_01
S00EC12BA,tt0236893,en,292,False,series_01
S00F45DB0,tt0201391,en,2484,True,series_01
S01168279,tt2788316,en,380,False,series_01
S013314E2,tt32474482,es,177,False,series_01
S01452E55,tt13064902,en,150,False,series_01
S0177AC95,tt10495654,es,241,False,series_01
S017C79EC,tt7456722,en,125,False,series_01
S01A8F423,tt1663676,en,325,False,series_01
S01AD96BE,tt8416494,en,373,False,series_01
S01C0442C,tt2275451,es,271,False,series_01
S023C1F6C,tt0090638,en,288,False,series_01
S0250FFA3,tt1081731,es,143,False,series_01
S025C90E9,tt1292277,es,111,False,series_01
S0277118D,tt0085101,en,185,False,series_01
S02788FAD,tt34866681,tmdb,35,False,series_01
S02952A2D,tt2092158,es,618,False,series_01
S02A0916E,tt1753345,es,150,False,series_01
S02B4B7F8,tt0099363,en,122,False,series_01
S02CD5F18,tt9174558,en,329,False,series_01
S030D0723,tt0103442,en,4712,True,series_01
S032E567F,tt0118276,en,1420,True,series_01
S032F0E3A,tt0285341,en,413,False,series_01
S035E84F4,tt7569576,en,331,False,series_01
S0365D906,tt28298539,es,156,False,series_01
S036DF794,tt6932244,en,179,False,series_01
S037EC72A,tt0796264,en,388,False,series_01
S0395E895,tt6226232,en,733,False,series_01
S039C1644,tt0081836,tmdb,32,False,series_01
S03F0E6F7,tt0173664,en,257,False,series_01
S041DB467,tt2805096,en,229,False,series_01
S04275453,tt0086681,en,346,False,series_01
S045AD694,tt2235759,en,297,False,series_01
S04772101,tt0090528,en,518,False,series_01
S04FDB064,tt0157246,en,595,False,series_01
S051010B4,tt1442434,es,336,False,series_01
S0538F85D,tt32420734,en,128,False,series_01
S057F21D4,tt1043061,tmdb,55,False,series_01
S05A5896F,tt1534366,es,511,False,series_01
S05B6CCB6,tt1140100,en,257,False,series_01
S05C3C9EC,tt0167743,en,427,False,series_02
S06193628,tt10370978,es,170,False,series_02
S06276F3B,tt34231642,es,116,False,series_02
S063219E2,tt1043813,en,411,False,series_02
S064AFDB7,tt0096732,tmdb,68,False,series_02
S0661FB96,tt1561755,en,328,False,series_02
S0672A4F3,tt27787158,es,112,False,series_02
S06BA9D61,tt35509002,ca,184,False,series_02
S06C54C1C,tt0844441,en,1936,True,series_02
S06CBD9F1,tt0098800,en,282,False,series_02
S06E1AEA0,tt1740299,en,1906,True,series_02
S06F0507A,tt2677972,es,362,False,series_02
S0717000F,tt0084972,en,274,False,series_02
S07653D3A,tt0773264,en,695,False,series_02
S0791C59D,tt27788849,es,121,False,series_02
S07BB8BD0,tt8835216,tmdb,45,False,series_02
S07C0623E,tt0290983,en,204,False,series_02
S07C3A30A,tt0283203,en,148,False,series_02
S07F6757A,tt18072556,es,129,False,series_02
S07FEDE2A,tt4016454,en,444,False,series_02
S084A5EB5,tt18923754,en,555,False,series_02
S0854C9E1,tt0086687,en,381,False,series_02
S08625C19,tt1728102,en,262,False,series_02
S0882976C,tt6317068,en,308,False,series_02
S0888AD43,tt15837600,en,196,False,series_02
S088A62CC,tt0101120,en,367,False,series_02
S0890BDDF,tt0835241,es,189,False,series_02
S08E8F3D7,tt1227926,en,856,False,series_02
S08F10FEB,tt0128890,en,242,False,series_02
S08FB76F9,tt0112056,en,277,False,series_02
S0905B5EB,tt0440981,es,1748,True,series_02
S092FDCDD,tt4485006,es,1014,False,series_02
S0936B492,tt1103987,en,1090,False,series_02
S0942E376,tt12637874,en,459,False,series_02
S098C3CE6,tt0086822,en,440,False,series_02
S09C76BE2,tt0090461,en,508,False,series_02
S09E27FC5,tt9731242,es,185,False,series_02
S09F4D66A,tt0094582,en,1189,True,series_02
S0A04BEB4,tt1153059,es,251,False,series_02
S0A10CCB8,tt4236770,en,250,False,series_02
S0A1DF14C,tt13111078,tmdb,45,False,series_02
S0A795120,tt3732680,tmdb,156,False,series_02
S0A8815AB,tt12809988,en,256,False,series_02
S0AC0296A,tt0090410,en,2222,True,series_02
S0AC92EE8,tt0321018,tmdb,41,False,series_02
S0AD5BD4B,tt0283721,ca,327,False,series_02
S0AF69406,tt4158110,en,388,False,series_02
S0B04FA31,tt0231040,es,203,False,series_02
S0B170D39,tt11157300,es,258,False,series_02
S0B2BB752,tt0186762,en,2567,True,series_02
S0B4D52B0,tt18335752,en,144,False,series_03
S0B5EC30D,tt0217910,en,203,False,series_03
S0B6B28AE,tt1439741,en,308,False,series_03
S0B927EBC,tt0131613,en,2162,True,series_03
S0B9ADF15,tt0417299,en,851,False,series_03
S0BA433ED,tt0147747,en,497,False,series_03
S0BABFA2B,tt33204276,en,127,False,series_03
S0BC56D6A,tt0149460,en,1413,True,series_03
S0BD0A7D6,tt0823617,tmdb,131,False,series_03
S0BD30C1F,tt1127229,es,688,False,series_03
S0BE39185,tt4851888,es,302,False,series_03
S0C3E98B7,tt0118381,tmdb,57,False,series_03
S0C681547,tt7440726,en,233,False,series_03
S0C6D8495,tt0285331,en,1127,True,series_03
S0CA278EA,tt0105958,en,386,False,series_03
S0CB7CC70,tt2741602,en,737,False,series_03
S0CFD3BAB,tt0320000,en,130,False,series_03
S0D054B4C,tt0423757,ca,165,False,series_03
S0D315F56,tt0085099,en,169,False,series_03
S0D436A19,tt0118421,en,366,False,series_03
S0D4C0C3F,tt9412454,es,217,False,series_03
S0D897840,tt1623368,tmdb,87,False,series_03
S0DA702E1,tt0105928,en,313,False,series_03
S0DCD549C,tt1788634,es,2825,True,series_03
S0DD00A92,tt10813940,en,270,False,series_03
S0DD092CF,tt0088634,en,1428,True,series_03
S0E335BA1,tt36874850,es,172,False,series_03
S0E38487E,tt4418844,es,124,False,series_03
S0E57A169,tt3281796,en,232,False,series_03
S0EA00573,tt14403178,en,225,False,series_03
S0ED876A4,tt0955322,en,412,False,series_03
S0EE326DA,tt0101088,en,312,False,series_03
S0EF827BD,tt0118379,en,134,False,series_03
S0F240A7C,tt0127471,en,186,False,series_03
S0F3163E1,tt0174378,en,170,False,series_03
S0F54FA42,tt0321021,en,1254,True,series_03
S0F95A59F,tt15571732,en,357,False,series_03
S0FCE3AA1,tt0092659,en,750,False,series_03
S101F22CE,tt0460091,en,880,False,series_03
S105CB6F8,tt8543390,en,114,False,series_03
S1084304E,tt0362372,es,394,False,series_03
S10C6FF2A,tt12327578,en,457,False,series_03
S10F3C5E9,tt17042618,fr,118,False,series_03
S1125A554,tt9813792,en,170,False,series_03
S11C7D08A,tt11737520,en,353,False,series_03
S120E8B2F,tt0080197,en,490,False,series_03
S122815BF,tt0103562,en,127,False,series_03
S124A3315,tt0462076,es,204,False,series_03
S129E7557,tt10371088,es,209,False,series_03
S12B460D3,tt0101065,en,305,False,series_03
S12C40795,tt0206511,en,174,False,series_04
S12D853FD,tt1632701,en,1451,True,series_04
S12F72151,tt0879937,es,292,False,series_04
S12FDBF9B,tt0370194,en,1335,True,series_04
S13137067,tt0108778,en,240,False,series_04
S131A0EBE,tt0090390,en,485,False,series_04
S13772DE9,tt37379474,tmdb,60,False,series_04
S13D13F0F,tt0421030,en,320,False,series_04
S141FC9BF,tt0320052,en,722,False,series_04
S143B8933,tt8382834,es,260,False,series_04
S145647A8,tt0088571,en,416,False,series_04
S146E84F2,tt1190634,en,537,False,series_04
S14707AA2,tt8517780,es,159,False,series_04
S1482549E,tt6474378,en,206,False,series_04
S14A5F19C,tt8778064,en,168,False,series_04
S14C1887E,tt31429675,en,104,False,series_04
S14F064DA,tt9639820,es,289,False,series_04
S152A7FFD,tt13365348,en,158,False,series_04
S157672DA,tt0297494,en,423,False,series_04
S15A4F62F,tt1538438,es,630,False,series_04
S15C1D67D,tt0475464,es,268,False,series_04
S15CD414B,tt1439629,en,372,False,series_04
S15E4709D,tt0353115,en,189,False,series_04
S160E9FD7,tt8690776,es,331,False,series_04
S162CEE1E,tt0115393,ca,147,False,series_04
S163C1F2F,tt0318997,en,483,False,series_04
S16860A1C,tt0483530,es,190,False,series_04
S1695E4EF,tt3921180,en,485,False,series_04
S16ADF87F,tt21194996,es,279,False,series_04
S16E8F1A7,tt3489184,en,196,False,series_04
S16F05CDD,tt0220895,en,233,False,series_04
S16F7A7A0,tt6468322,es,682,False,series_04
S16FDFF57,tt3487382,en,437,False,series_04
S1705C92F,tt11623464,es,389,False,series_04
S170CA054,tt0092484,en,4947,True,series_04
S174A0290,tt0083483,en,484,False,series_04
S1763325C,tt7699238,tmdb,44,False,series_04
S179C9394,tt0887559,es,434,False,series_04
S17B42285,tt1870479,en,225,False,series_04
S17D69077,tt0386993,en,596,False,series_04
S17DCCB2F,tt2699128,en,447,False,series_04
S17F2056C,tt0106064,en,1495,True,series_04
S18185EC9,tt0115232,en,298,False,series_04
S184954CC,tt0303421,ca,127,False,series_04
S187AE802,tt0200276,en,288,False,series_04
S188CA04F,tt0084919,en,1166,True,series_04
S18A87F11,tt2056366,en,195,False,series_04
S18CB5699,tt10147520,es,292,False,series_04
S195706DA,tt2137109,en,906,False,series_04
S1970D866,tt5555260,en,409,False,series_04
S199C89BB,tt8550800,en,117,False,series_05
S19B84C81,tt4145384,en,371,False,series_05
S19C13DF8,tt1051220,en,267,False,series_05
S19C53EA0,tt7658402,en,357,False,series_05
S1A3F48E8,tt23649128,en,274,False,series_05
S1A5535D2,tt5296406,en,281,False,series_05
S1A6A9271,tt0086814,tmdb,52,False,series_05
S1A74296F,tt0112064,en,294,False,series_05
S1AAEEA08,tt0310460,en,259,False,series_05
S1AAF18DB,tt3694782,ca,133,False,series_05
S1AF2AB3B,tt2710394,en,417,False,series_05
S1AF4DB99,tt1637670,es,134,False,series_05
S1B541C4D,tt0118289,en,362,False,series_05
S1B78B34F,tt4162922,es,105,False,series_05
S1B897589,tt5089936,es,240,False,series_05
S1B8D3910,tt17075746,es,149,False,series_05
S1B8DBB3A,tt0115275,en,345,False,series_05
S1BD57367,tt0360265,es,248,False,series_05
S1BFA4E32,tt11709206,es,361,False,series_05
S1C7358E7,tt0081859,en,100,False,series_05
S1C84D696,tt0088246,ca,153,False,series_05
S1C91245B,tt0085029,en,238,False,series_05
S1C9D0D09,tt0084992,tmdb,63,False,series_05
S1C9F7FB4,tt1382579,es,329,False,series_05
S1CA44B6B,tt0126173,en,515,False,series_05
S1CE4EA6C,tt2211129,en,153,False,series_05
S1CFF572E,tt0260652,es,227,False,series_05
S1D2A744C,tt0085011,en,324,False,series_05
S1D36A51C,tt0220892,en,185,False,series_05
S1E006016,tt0315690,es,196,False,series_05
S1E34D370,tt0320055,en,255,False,series_05
S1E6992CC,tt0109373,es,291,False,series_05
S1E6CC828,tt0246430,en,834,False,series_05
S1E6FB71C,tt5954824,es,125,False,series_05
S1E981DEB,tt14599306,es,186,False,series_05
S1ECBC7C6,tt0108927,en,311,False,series_05
S1ED68FF4,tt0898332,en,450,False,series_05
S1EE128E1,tt0175058,en,324,False,series_05
S1F6DD8AF,tt0103477,en,316,False,series_05
S1FA4C5D7,tt0092469,en,235,False,series_05
S1FAA22E0,tt11337908,en,208,False,series_05
S1FE9ED0C,tt0125602,tmdb,74,False,series_05
S201F4496,tt10230502,es,225,False,series_05
S205CD28D,tt3501584,en,306,False,series_05
S2074D6BD,tt2375692,en,462,False,series_05
S20928C82,tt1515193,en,818,False,series_05
S20C74474,tt32881242,ca,194,False,series_05
S20DED38D,tt0944947,en,1207,True,series_05
S20EC69C1,tt0306274,en,391,False,series_05
S20FF8B2C,tt8575476,es,200,False,series_05
S21083E20,tt0194624,en,423,False,series_06
S211A949A,tt0098924,en,323,False,series_06
S212F11BE,tt1195935,en,210,False,series_06
S216F4CF3,tt0115341,en,977,False,series_06
S2174060F,tt0914387,en,3138,True,series_06
S21855773,tt4418020,es,142,False,series_06
S21943937,tt1024810,es,2240,True,series_06
S219643C3,tt0096543,en,173,False,series_06
S22178C4A,tt0081863,en,112,False,series_06
S2295E503,tt0106115,en,270,False,series_06
S22E47B5D,tt3749900,en,380,False,series_06
S230AC936,tt0250842,es,172,False,series_06
S232F27DF,tt1703925,en,150,False,series_06
S23352AEE,tt0096725,en,121,False,series_06
S2337967F,tt0412175,en,206,False,series_06
S233EE096,tt2177489,en,141,False,series_06
S2342FF6D,tt0112047,en,100,False,series_06
S237B9EC8,tt13457822,es,127,False,series_06
S23D45DDA,tt9764386,es,302,False,series_06
S24594CB4,tt1790326,es,679,False,series_06
S247B68BC,tt0108988,en,146,False,series_06
S24A88140,tt0094511,en,278,False,series_06
S24AE501D,tt2649356,en,250,False,series_06
S24F790A9,tt1839683,en,629,False,series_06
S25058A1C,tt5580146,en,221,False,series_06
S2524C7FA,tt0956056,es,539,False,series_06
S2525CBE9,tt3254016,es,263,False,series_06
S254CE5DE,tt0081861,en,132,False,series_06
S25558534,tt0081918,en,259,False,series_06
S25B9E388,tt7905506,es,229,False,series_06
S25FB6D4B,tt30494784,fr,107,False,series_06
S261C7288,tt0489606,en,157,False,series_06
S263D2D49,tt0166910,tmdb,34,False,series_06
S26477A83,tt4068740,es,142,False,series_06
S267FEE5F,tt23872886,tmdb,27,False,series_06
S26834E69,tt1001482,en,397,False,series_06
S268FB684,tt0108758,en,436,False,series_06
S26950DD4,tt0205214,en,291,False,series_06
S269DFF63,tt11198330,en,310,False,series_06
S26FBB89C,tt2261391,en,179,False,series_06
S27103C77,tt21994560,es,153,False,series_06
S2791BFDE,tt3044680,es,109,False,series_06
S279A79A8,tt11712058,en,159,False,series_06
S279BA6C4,tt0098878,en,431,False,series_06
S27C59323,tt1660055,en,370,False,series_06
S27CF1F00,tt1727706,fr,349,False,series_06
S27DBC377,tt0384766,en,460,False,series_06
S2808207F,tt1758772,en,458,False,series_06
S2827785D,tt0237123,en,235,False,series_06
S2851814B,tt0102962,en,177,False,series_06
S2890CEF7,tt2356777,en,373,False,series_07
S28D4DDD2,tt0103405,en,371,False,series_07
S28E5373D,tt1441109,en,357,False,series_07
S2911DE62,tt0184761,en,241,False,series_07
S2932C711,tt22073352,es,136,False,series_07
S29460261,tt8297022,es,180,False,series_07
S294DC867,tt8134186,tmdb,31,False,series_07
S29744680,tt0115137,en,138,False,series_07
S297A530A,tt33204697,en,184,False,series_07
S297A568F,tt0090537,es,555,False,series_07
S2A166CBD,tt21206964,es,123,False,series_07
S2A607A65,tt0098830,en,393,False,series_07
S2AAEEB2E,tt5590794,es,216,False,series_07
S2AE08C43,tt0758737,en,313,False,series_07
S2B3152A7,tt0238784,en,460,False,series_07
S2B541B73,tt0819742,es,168,False,series_07
S2B70133A,tt0799922,en,756,False,series_07
S2B7EC341,tt4301160,en,216,False,series_07
S2BA17B12,tt0127385,en,230,False,series_07
S2BC18708,tt0395843,en,254,False,series_07
S2BC76274,tt0254923,es,118,False,series_07
S2BD04ACC,tt0324864,en,346,False,series_07
S2BD26817,tt1307824,en,312,False,series_07
S2BFE0BF0,tt4524056,es,464,False,series_07
S2C0D5A18,tt0922037,es,681,False,series_07
S2C2DB9D4,tt0285371,en,191,False,series_07
S2C3A1FD1,tt0115221,en,257,False,series_07
S2C41FB17,tt0115195,en,1247,True,series_07
S2C603CCB,tt0830361,en,1799,True,series_07
S2C6743E2,tt0094578,en,1618,True,series_07
S2C8E62D7,tt0278877,en,220,False,series_07
S2C9BE51D,tt1826940,en,505,False,series_07
S2CB22910,tt0101121,en,404,False,series_07
S2CE2B052,tt0090459,en,442,False,series_07
S2CF123CE,tt8111088,en,456,False,series_07
S2D06400B,tt31019484,tmdb,27,False,series_07
S2D25AD72,tt2654580,en,340,False,series_07
S2D2A6A86,tt0165057,tmdb,39,False,series_07
S2D4ABFD6,tt0178145,en,322,False,series_07
S2D5C7FEF,tt13146488,en,496,False,series_07
S2D81F309,tt0192910,es,273,False,series_07
S2D951434,tt13323392,es,391,False,series_07
S2DA5490A,tt0259153,en,2703,True,series_07
S2DB6BD76,tt0115218,en,792,False,series_07
S2E1A6825,tt14716434,es,179,False,series_07
S2E3A61B9,tt7909970,en,258,False,series_07
S2E4D41F4,tt0112196,en,233,False,series_07
S2E60A4CC,tt0934814,en,544,False,series_07
S2E8FB262,tt0098794,es,262,False,series_07
S2EC9460D,tt3843168,en,253,False,series_07
S2ED58BA7,tt0327280,tmdb,33,False,series_08
S2EED97D1,tt15764846,es,151,False,series_08
S2F09C2F0,tt0096985,en,102,False,series_08
S2F175E93,tt1453159,en,116,False,series_08
S2F340803,tt0154061,en,275,False,series_08
S2F7D3289,tt0115392,en,537,False,series_08
S2F878F20,tt0421460,en,342,False,series_08
S2F9F7DF4,tt0083412,en,152,False,series_08
S2FA9F7C6,tt0112186,en,258,False,series_08
S2FDB6D95,tt0268858,es,213,False,series_08
S2FE68D5E,tt0088576,en,349,False,series_08
S3005545F,tt8666010,es,182,False,series_08
S30135EDE,tt26576161,en,107,False,series_08
S302288D0,tt3322310,en,438,False,series_08
S30275B3E,tt1856010,en,1582,True,series_08
S302BB092,tt0472027,en,1463,True,series_08
S303B4C73,tt0293737,en,276,False,series_08
S303C8B81,tt0105935,en,332,False,series_08
S30411996,tt0245612,tmdb,85,False,series_08
S30484639,tt1698292,es,903,False,series_08
S3062F45D,tt0096635,en,653,False,series_08
S3076EEF9,tt13880448,es,287,False,series_08
S30812B24,tt0424658,tmdb,65,False,series_08
S30BE4664,tt3091322,es,313,False,series_08
S30DEC9AD,tt0273345,en,207,False,series_08
S30EEAE03,tt3148542,tmdb,37,False,series_08
S310242D5,tt0299345,es,572,False,series_08
S3130B0FC,tt0103360,en,173,False,series_08
S31642856,tt8682948,en,282,False,series_08
S3174AFDB,tt4998212,en,216,False,series_08
S3175BB33,tt0105946,en,837,False,series_08
S3176A57D,tt1309526,es,191,False,series_08
S31CC799C,tt6439752,en,340,False,series_08
S3202E0BA,tt0458253,en,135,False,series_08
S321E95B8,tt2802850,en,897,False,series_08
S32414D53,tt0229935,es,299,False,series_08
S3243A0C8,tt0338580,en,199,False,series_08
S32F99EDA,tt0086802,en,116,False,series_08
S333B0AB9,tt8038148,es,269,False,series_08
S335ABF8A,tt5580540,en,245,False,series_08
S3362522D,tt1320315,es,452,False,series_08
S337F3C50,tt1267310,tmdb,75,False,series_08
S33ABCDAF,tt0804503,en,331,False,series_08
S33CB61DB,tt0286397,en,292,False,series_08
S33EE93B5,tt0496424,en,493,False,series_08
S33FE27D1,tt13308276,es,193,False,series_08
S3413FD3E,tt14016500,en,277,False,series_08
S34254906,tt0252781,es,225,False,series_08
S3456B6EB,tt6741278,en,398,False,series_08
S34727AC0,tt0207120,en,272,False,series_08
S34ADD589,tt7905548,es,204,False,series_09
S34B8E891,tt0203268,en,280,False,series_09
S34D6C539,tt0129712,en,253,False,series_09
S34EFC9B3,tt0285333,en,1761,True,series_09
S35198781,tt4635282,en,411,False,series_09
S353A6F4D,tt0331744,en,871,False,series_09
S35852080,tt3214648,es,637,False,series_09
S35E7212F,tt9140554,en,492,False,series_09
S35F92964,tt0197148,en,444,False,series_09
S36155E4E,tt31173096,es,134,False,series_09
S3620567A,tt1442437,en,340,False,series_09
S36290E79,tt31067371,es,102,False,series_09
S362F87B5,tt0866442,en,347,False,series_09
S3647F2A9,tt0080277,en,215,False,series_09
S36512BE4,tt0327322,es,181,False,series_09
S36722DA2,tt16027014,en,352,False,series_09
S36803D3C,tt7555582,tmdb,36,False,series_09
S36CA59FC,tt8962124,en,321,False,series_09
S36E7879F,tt0235917,en,304,False,series_09
S37093CB6,tt1615919,en,176,False,series_09
S3728165B,tt0476099,es,166,False,series_09
S372D2E72,tt0090540,en,176,False,series_09
S375AD810,tt1942683,en,702,False,series_09
S37717850,tt0243069,en,342,False,series_09
S377295EB,tt0248654,en,261,False,series_09
S37AD2749,tt0118360,en,500,False,series_09
S37C39B62,tt14463542,es,200,False,series_09
S37CCBBA9,tt1179229,es,247,False,series_09
S37F9789B,tt5057054,en,316,False,series_09
S37F9D7E4,tt10689614,es,265,False,series_09
S37FA0198,tt29902246,es,155,False,series_09
S3801ED4A,tt8291284,en,153,False,series_09
S3814E279,tt0839188,en,545,False,series_09
S38270A1C,tt1695360,en,815,False,series_09
S38429643,tt5691552,en,250,False,series_09
S38681F9B,tt2261227,en,272,False,series_09
S38898E1F,tt0081856,en,3503,True,series_09
S38CFB0C7,tt2647544,en,544,False,series_09
S38F60734,tt0813715,en,339,False,series_09
S391150A5,tt0105932,en,1185,True,series_09
S39257F86,tt1825379,es,234,False,series_09
S392DAB00,tt31262522,es,143,False,series_09
S3959802F,tt1604099,en,300,False,series_09
S397D7990,tt6601950,es,134,False,series_09
S3990203E,tt0273855,en,130,False,series_09
S3991994E,tt0112084,en,136,False,series_09
S39BE7A82,tt31973545,es,125,False,series_09
S39C337FB,tt0126171,en,339,False,series_09
S39EE9501,tt34385331,en,137,False,series_09
S3A21B840,tt3566726,en,407,False,series_09
S3A55DDFF,tt1728967,es,318,False,series_10
S3A5B6B65,tt1704638,es,321,False,series_10
S3A714119,tt0197182,en,290,False,series_10
S3A8C3AA5,tt2304589,en,138,False,series_10
S3A9314AE,tt5788792,en,460,False,series_10
S3AC8B685,tt2937900,en,297,False,series_10
S3AD2281E,tt0084970,en,372,False,series_10
S3AD81B6B,tt0086760,en,451,False,series_10
S3B3579F3,tt2070791,en,847,False,series_10
S3B646C72,tt0085088,en,337,False,series_10
S3BC0069D,tt0081896,en,378,False,series_10
S3C2816B4,tt8772296,en,341,False,series_10
S3C38F346,tt13875494,en,192,False,series_10
S3C616DD0,tt2403776,en,372,False,series_10
S3C7EB804,tt5101192,es,255,False,series_10
S3C806D65,tt0268081,ca,140,False,series_10
S3C902A41,tt32306399,es,159,False,series_10
S3CC5705D,tt1625130,tmdb,55,False,series_10
S3CD5626D,tt0330251,en,1190,True,series_10
S3CEC2DF8,tt0824262,es,1171,True,series_10
S3D38F76D,tt0174422,en,332,False,series_10
S3D8DBAF5,tt0452718,en,628,False,series_10
S3D9D8498,tt0083377,en,165,False,series_10
S3DA0E0F9,tt0124234,es,179,False,series_10
S3DAAE342,tt33539520,tmdb,44,False,series_10
S3DE79FF1,tt1551632,en,632,False,series_10
S3E012A06,tt7826376,en,192,False,series_10
S3E0B9B14,tt0144701,en,369,False,series_10
S3E37E315,tt0103584,en,484,False,series_10
S3E4D1EAC,tt0459724,es,611,False,series_10
S3E5B7A11,tt1378167,en,654,False,series_10
S3E85E65C,tt0165961,en,678,False,series_10
S3E8781B9,tt1492966,en,330,False,series_10
S3E914DAE,tt0115322,en,655,False,series_10
S3E9859F0,tt0790772,en,609,False,series_10
S3ED80544,tt8714904,en,228,False,series_10
S3EF5582E,tt0115200,en,371,False,series_10
S3F8506F6,tt0122335,es,270,False,series_10
S3FABC25B,tt11794812,en,309,False,series_10
S3FE27330,tt13016388,en,314,False,series_10
S40196EE8,tt6048596,en,281,False,series_10
S4023FE1D,tt6512054,ca,235,False,series_10
S4041B35B,tt23728826,tmdb,43,False,series_10
S406CD3C4,tt0285337,es,199,False,series_10
S40B1C154,tt17220216,en,204,False,series_10
S40B71B5A,tt0106140,en,285,False,series_10
S4114E7E9,tt31810018,tmdb,26,False,series_10
S411AE222,tt0405590,es,144,False,series_10
S41306333,tt0088528,en,401,False,series_10
S4145EC40,tt0086824,en,233,False,series_10
S418D154E,tt0411008,en,2283,True,series_11
S41A2CF5B,tt0106122,en,256,False,series_11
S41B8AFC1,tt0397442,en,336,False,series_11
S41C9F729,tt0352112,es,255,False,series_11
S41F55691,tt0083447,en,189,False,series_11
S41F90337,tt2188671,en,369,False,series_11
S420190FE,tt0101178,en,1068,False,series_11
S4209EF88,tt0092468,en,359,False,series_11
S4214F1B7,tt2934286,en,384,False,series_11
S42447232,tt0439100,en,498,False,series_11
S425418AC,tt7772588,en,551,False,series_11
S42615C8B,tt0080198,tmdb,83,False,series_11
S427E3FA4,tt13443470,en,446,False,series_11
S4291A797,tt10517218,tmdb,137,False,series_11
S42A01ACE,tt26687216,tmdb,97,False,series_11
S42A547CE,tt0108684,en,205,False,series_11
S42BD54F1,tt9486226,es,177,False,series_11
S42D16BDF,tt1592154,en,881,False,series_11
S42DBD2DA,tt0086767,tmdb,32,False,series_11
S42DED9BB,tt1067590,ca,220,False,series_11
S42E043D8,tt0115284,es,637,False,series_11
S43149429,tt11016042,en,200,False,series_11
S436B4CFD,tt0348913,en,488,False,series_11
S437CAD23,tt10234724,en,298,False,series_11
S437CCB5C,tt0106079,en,1884,True,series_11
S4402DF66,tt10883660,es,1180,True,series_11
S44C3263D,tt0763243,es,1479,True,series_11
S44DEBB5E,tt31522591,tmdb,42,False,series_11
S451A61E7,tt8740614,en,107,False,series_11
S454265B7,tt0318233,en,412,False,series_11
S45536F97,tt0163929,en,1992,True,series_11
S4566D5F3,tt31092106,fr,126,False,series_11
S45BCAE63,tt0364817,en,385,False,series_11
S45EF96F2,tt2364582,en,362,False,series_11
S466B0C0A,tt4834206,en,366,False,series_11
S4695F050,tt0972534,en,326,False,series_11
S469DAB82,tt0126158,en,747,False,series_11
S46BEF91B,tt11895484,es,146,False,series_11
S46C85A9F,tt1230180,en,375,False,series_11
S4706F8A4,tt0088559,en,284,False,series_11
S4712A077,tt0118266,en,305,False,series_11
S475284CD,tt6524350,en,407,False,series_11
S478901E2,tt0165581,en,291,False,series_11
S47964A9F,tt0086662,en,495,False,series_11
S479D8E80,tt4092270,es,461,False,series_11
S47A3EAD1,tt9077530,en,179,False,series_11
S47AA6E50,tt6025022,en,632,False,series_11
S47AD6D70,tt0375355,en,163,False,series_11
S47C14630,tt8064302,en,349,False,series_11
S47F8EABC,tt7956374,es,133,False,series_11
S480E110A,tt0805669,en,253,False,series_12
S4816F791,tt0108847,en,159,False,series_12
S4828C303,tt0139769,en,515,False,series_12
S484B3315,tt2219252,ca,343,False,series_12
S484B6CE3,tt1301480,es,192,False,series_12
S48962BFA,tt1839578,en,549,False,series_12
S48BB36C9,tt0098798,en,241,False,series_12
S490476E7,tt0101042,en,368,False,series_12
S4915CD37,tt0217579,en,747,False,series_12
S495FA988,tt0115378,en,251,False,series_12
S496C24F2,tt0098929,en,571,False,series_12
S496D63E6,tt1698445,es,2083,True,series_12
S499AFE78,tt0452046,en,339,False,series_12
S49A1F308,tt0094514,en,1754,True,series_12
S49C6136E,tt0187627,es,397,False,series_12
S49C8B8FE,tt1595859,en,538,False,series_12
S4A39B744,tt15463246,es,147,False,series_12
S4A78004D,tt1867472,es,253,False,series_12
S4A799B05,tt0092402,en,210,False,series_12
S4A7AD5DD,tt11719562,es,172,False,series_12
S4A88F61D,tt0282315,en,121,False,series_12
S4A90BB6C,tt9253284,en,515,False,series_12
S4AE300C1,tt4093912,es,173,False,series_12
S4B77500D,tt0098762,en,384,False,series_12
S4B953E22,tt2158626,es,237,False,series_12
S4BC0B2D2,tt0275137,en,430,False,series_12
S4C57A3BE,tt0112220,en,141,False,series_12
S4C776573,tt7562112,en,318,False,series_12
S4CA413E5,tt2357547,en,443,False,series_12
S4CF3E7C0,tt0318913,en,773,False,series_12
S4D1E5BD2,tt15567174,en,378,False,series_12
S4D1F424B,tt40470161,tmdb,44,False,series_12
S4D902CCB,tt2193041,en,154,False,series_12
S4DE25688,tt0099884,es,129,False,series_12
S4DFB1E0C,tt11126994,en,277,False,series_12
S4E168566,tt0281432,en,331,False,series_12
S4E18E6FE,tt1641349,en,291,False,series_12
S4E34B89E,tt13200640,es,214,False,series_12
S4E540BEE,tt28229356,es,210,False,series_12
S4E846AE2,tt8951078,tmdb,45,False,series_12
S4EF1FA3A,tt7328120,es,362,False,series_12
S4F0B4011,tt8415836,en,246,False,series_12
S4F80AD46,tt2350164,es,392,False,series_12
S4F82504A,tt1416765,en,316,False,series_12
S4F8AEF54,tt0340477,en,954,False,series_12
S4F95EC57,tt4011172,es,182,False,series_12
S4FD2FA18,tt0090527,en,329,False,series_12
S4FDAFE59,tt0174385,es,125,False,series_12
S4FF2BACE,tt10160804,en,351,False,series_12
S50098821,tt6970700,es,398,False,series_12
S50372E8C,tt2404696,es,1873,True,series_13
S5056D764,tt0407362,en,754,False,series_13
S506BE78B,tt0429413,es,484,False,series_13
S508E12C7,tt0081903,en,152,False,series_13
S50BED3C4,tt0088510,en,260,False,series_13
S5112F428,tt0865409,en,149,False,series_13
S5119BC7B,tt1691593,es,1378,True,series_13
S514AFECC,tt14186672,en,141,False,series_13
S518DA927,tt38734636,tmdb,31,False,series_13
S51C751E2,tt0460651,en,449,False,series_13
S51FBA4A9,tt0086734,en,404,False,series_13
S520EB8A4,tt14463552,es,170,False,series_13
S522B96D2,tt0103559,en,299,False,series_13
S530B82F8,tt9756000,es,204,False,series_13
S5310D343,tt0465327,en,822,False,series_13
S531B7AD4,tt38582409,es,120,False,series_13
S531BF8D9,tt1205836,es,147,False,series_13
S532064A3,tt1723816,en,448,False,series_13
S537C3528,tt5266278,es,151,False,series_13
S53860FBE,tt1305793,ca,302,False,series_13
S53D6F1AB,tt5096706,es,200,False,series_13
S540A7AB8,tt0192877,es,2119,True,series_13
S54201040,tt0222589,es,244,False,series_13
S54248C2A,tt4288182,en,497,False,series_13
S5436A97C,tt0363328,en,426,False,series_13
S5442929C,tt1495708,en,188,False,series_13
S544B78B4,tt1183865,en,208,False,series_13
S5455E25F,tt11514868,en,107,False,series_13
S547F8BCE,tt0355987,en,698,False,series_13
S548A19CE,tt3718778,en,499,False,series_13
S54C45A57,tt23143876,es,200,False,series_13
S54F61B28,tt0859592,en,635,False,series_13
S55199ED2,tt11067738,tmdb,52,False,series_13
S5538BAAE,tt0278238,en,628,False,series_13
S553F17F0,tt12626014,es,237,False,series_13
S55593407,tt1790024,es,702,False,series_13
S5576DB2A,tt0450542,es,180,False,series_13
S557AA2AC,tt8413806,tmdb,34,False,series_13
S5580C9FC,tt0080266,tmdb,68,False,series_13
S5586AABD,tt2094262,en,367,False,series_13
S55B7E549,tt10714778,es,184,False,series_13
S55B99A50,tt5156892,es,212,False,series_13
S55BDC09B,tt0080242,en,106,False,series_13
S55C8D74D,tt0874936,en,578,False,series_13
S55E2743A,tt0292800,en,437,False,series_13
S55EB16FE,tt31656537,es,129,False,series_13
S55EDF477,tt1520211,en,1268,True,series_13
S561769AF,tt0081933,en,473,False,series_13
S5619F5F1,tt0092329,en,1360,True,series_13
S5636A6E5,tt2281375,en,421,False,series_13
S566E5821,tt0121955,en,910,False,series_14
S5696ACEA,tt0173547,en,168,False,series_14
S56AC9D74,tt0098802,en,576,False,series_14
S56BC75DC,tt0092400,en,336,False,series_14
S56D426A5,tt0318883,en,385,False,series_14
S56E85C3D,tt0118480,en,953,False,series_14
S5735FF69,tt10062292,en,1228,True,series_14
S5747D030,tt2981532,es,279,False,series_14
S57C1C5D0,tt2575988,en,1694,True,series_14
S57CAFCD8,tt2091188,tmdb,50,False,series_14
S57DCBC6F,tt0083479,en,539,False,series_14
S57F07A7E,tt0459066,es,239,False,series_14
S57F12F53,tt2879552,en,173,False,series_14
S5805C7DD,tt5674718,es,686,False,series_14
S580814A7,tt8290362,en,275,False,series_14
S5817C596,tt0092571,en,678,False,series_14
S5827F64B,tt0108787,en,227,False,series_14
S585B6D12,tt0085075,en,812,False,series_14
S58AB6455,tt0115285,en,296,False,series_14
S58D6A289,tt0190178,en,346,False,series_14
S58E08095,tt15435876,en,315,False,series_14
S58EB7FDB,tt18261546,es,140,False,series_14
S5922893A,tt7520794,en,243,False,series_14
S5947E683,tt0081849,en,102,False,series_14
S594F49C8,tt0904208,en,2203,True,series_14
S59521C97,tt15320362,en,119,False,series_14
S59524695,tt26446256,es,222,False,series_14
S596A6150,tt0297606,tmdb,144,False,series_14
S59F19061,tt0103505,en,157,False,series_14
S5A116853,tt4189022,en,215,False,series_14
S5A45399E,tt6763664,en,302,False,series_14
S5A83B648,tt4918898,tmdb,28,False,series_14
S5A9337FB,tt7631058,en,583,False,series_14
S5ACF3EA2,tt1751634,en,310,False,series_14
S5B050482,tt21622048,es,150,False,series_14
S5B0C5909,tt0165048,es,188,False,series_14
S5B0DD947,tt0338623,es,173,False,series_14
S5B1633E9,tt0187635,en,1838,True,series_14
S5B18A856,tt2661044,en,489,False,series_14
S5B2668B0,tt0086742,en,379,False,series_14
S5B4E481B,tt0320038,en,157,False,series_14
S5B4FE7AE,tt16026746,en,513,False,series_14
S5BB039C8,tt1077046,es,401,False,series_14
S5BCCCFE2,tt0092339,en,100,False,series_14
S5C22B7D8,tt0470635,es,298,False,series_14
S5C598D3F,tt0106168,en,519,False,series_14
S5C9A84FE,tt2114701,es,1280,True,series_14
S5CA7BD23,tt0413573,en,1204,True,series_14
S5CBEE48A,tt7180852,es,448,False,series_14
S5CDB97B3,tt1073204,es,291,False,series_14
S5CF2B11D,tt21066182,en,375,False,series_15
S5D676A94,tt5290382,en,271,False,series_15
S5D836761,tt10986410,en,366,False,series_15
S5DAAFAD6,tt0080249,en,362,False,series_15
S5DF683AB,tt6625730,es,366,False,series_15
S5DFD7F15,tt31418326,es,145,False,series_15
S5E0D1BB5,tt0362359,en,880,False,series_15
S5E0E2C65,tt0103522,en,259,False,series_15
S5E1D7C54,tt1299313,es,268,False,series_15
S5E3CAB89,tt14104222,es,110,False,series_15
S5E43686C,tt3032476,en,539,False,series_15
S5EB3CE84,tt0108894,en,480,False,series_15
S5EF375DA,tt37050740,es,142,False,series_15
S5F01B695,tt20096840,es,141,False,series_15
S5F07CF94,tt0094559,en,1672,True,series_15
S5F150C14,tt29615330,es,155,False,series_15
S5F422836,tt14688458,en,245,False,series_15
S5F5A492C,tt0851851,en,1011,False,series_15
S5F90B164,tt7684260,es,272,False,series_15
S5FD13D8E,tt0081906,en,195,False,series_15
S5FFB9ECA,tt0456207,es,123,False,series_15
S60243E3E,tt0948538,en,216,False,series_15
S603C1BC6,tt7134908,es,400,False,series_15
S60881180,tt1235547,en,274,False,series_15
S6099A0B2,tt0208629,en,680,False,series_15
S60CB5ED6,tt0088515,en,232,False,series_15
S60E46261,tt0118475,en,630,False,series_15
S60E4B688,tt30839571,tmdb,91,False,series_15
S60FEE7B9,tt0093436,es,169,False,series_15
S6105716F,tt1225901,en,412,False,series_15
S6109B391,tt0273366,en,363,False,series_15
S6193E219,tt7203552,en,450,False,series_15
S61BB94BA,tt4145054,en,265,False,series_15
S61BDA3CF,tt32327588,es,170,False,series_15
S61C6ABC0,tt1166121,es,157,False,series_15
S6206C732,tt14879018,en,111,False,series_15
S622C7FA9,tt1817385,ca,100,False,series_15
S625094E6,tt14164730,en,246,False,series_15
S625C56F6,tt9055008,en,221,False,series_15
S627AB6B1,tt3061046,en,443,False,series_15
S628EAE5A,tt27444205,en,188,False,series_15
S62995F8A,tt9208876,en,408,False,series_15
S63078344,tt0479607,es,195,False,series_15
S630A91DD,tt28803868,es,135,False,series_15
S630DE871,tt0758745,en,448,False,series_15
S634178ED,tt14586350,en,191,False,series_15
S6341947A,tt0286342,en,266,False,series_15
S6360B585,tt10474134,es,154,False,series_15
S636EBA85,tt1567432,en,262,False,series_15
S63987DBF,tt30527421,es,164,False,series_15
S63CE13C3,tt0364828,en,528,False,series_16
S640E8855,tt0247144,en,179,False,series_16
S64243978,tt14278524,tmdb,36,False,series_16
S644776AE,tt31710822,tmdb,27,False,series_16
S64BF7952,tt1404147,es,216,False,series_16
S64F5398B,tt42178219,tmdb,34,False,series_16
S6534DBA6,tt0340281,en,275,False,series_16
S654C8504,tt0361201,en,328,False,series_16
S6589DC2E,tt2071645,en,296,False,series_16
S65A20778,tt13666762,es,195,False,series_16
S65B08928,tt0098790,en,331,False,series_16
S65BF34C2,tt2787764,it,585,False,series_16
S65D3A4AD,tt0185106,es,164,False,series_16
S65D92F8D,tt0118484,en,1525,True,series_16
S66373216,tt27331527,en,188,False,series_16
S66383D78,tt0373732,en,244,False,series_16
S668D9D61,tt3609352,en,269,False,series_16
S66D243E0,tt4635276,en,158,False,series_16
S66EB4637,tt0172049,en,303,False,series_16
S66F8C909,tt0242949,en,1014,False,series_16
S67079DEB,tt0083464,tmdb,57,False,series_16
S6731D44A,tt6235602,es,188,False,series_16
S6731EC44,tt0115351,en,762,False,series_16
S6783CA13,tt2640044,en,245,False,series_16
S67A2211A,tt5016504,en,114,False,series_16
S67A4C18E,tt5868826,es,366,False,series_16
S67D921BD,tt0121932,en,314,False,series_16
S68191B4D,tt1929755,es,1870,True,series_16
S68221E36,tt16418808,en,132,False,series_16
S6828CC7A,tt0214357,es,421,False,series_16
S6834652C,tt0094469,en,597,False,series_16
S683592A7,tt0080274,en,748,False,series_16
S6835C3E4,tt13911628,en,149,False,series_16
S68ECB589,tt36874852,es,157,False,series_16
S68F2B9AF,tt0096569,en,408,False,series_16
S69222AC6,tt0374463,en,345,False,series_16
S69576BD4,tt0077094,es,302,False,series_16
S69644855,tt7587136,es,271,False,series_16
S69819506,tt3480018,es,1590,True,series_16
S6990E184,tt0472954,en,414,False,series_16
S6995E55A,tt1845504,es,599,False,series_16
S69A56C67,tt0084997,en,690,False,series_16
S69B52C7A,tt0086671,en,182,False,series_16
S69BE1CF6,tt0120960,es,103,False,series_16
S69CD3A92,tt9288030,en,255,False,series_16
S69F353E0,tt0096579,en,735,False,series_16
S6A08DB64,tt1344204,en,172,False,series_16
S6A30938E,tt0096694,en,249,False,series_16
S6A440EA6,tt0085031,en,114,False,series_16
S6A48F250,tt36412591,es,168,False,series_16
S6A5BAF73,tt0142032,en,238,False,series_17
S6AA29055,tt3339966,en,1143,True,series_17
S6AACC1D8,tt0434672,en,510,False,series_17
S6AC8670A,tt0098862,it,863,False,series_17
S6AD9C338,tt0112086,en,4194,True,series_17
S6AFDDB22,tt8712204,en,645,False,series_17
S6B1C62E8,tt28074401,es,120,False,series_17
S6B2E00CD,tt12324366,en,386,False,series_17
S6B675513,tt10857160,en,266,False,series_17
S6BA9887A,tt12262202,en,295,False,series_17
S6BBBF0F5,tt10064124,es,288,False,series_17
S6BC338F3,tt0485842,en,155,False,series_17
S6C4900DC,tt0085112,en,300,False,series_17
S6C8219AC,tt12795100,es,169,False,series_17
S6C955D89,tt0364774,en,266,False,series_17
S6CFCD889,tt28235948,es,159,False,series_17
S6D227814,tt2955402,es,273,False,series_17
S6D3D6971,tt3766376,en,193,False,series_17
S6D5D0AE5,tt14153790,en,218,False,series_17
S6D7B82FE,tt7137906,en,395,False,series_17
S6DBC451F,tt0397306,en,2286,True,series_17
S6DC04B18,tt0106056,tmdb,141,False,series_17
S6DE905A2,tt1819509,tmdb,43,False,series_17
S6E44FD62,tt0082461,en,270,False,series_17
S6E50D136,tt8987918,es,105,False,series_17
S6E6CB296,tt6548228,en,124,False,series_17
S6F29AE47,tt0235916,en,256,False,series_17
S6F6E046D,tt7950706,es,177,False,series_17
S6F8DAC42,tt0094449,en,275,False,series_17
S6F9AE054,tt2011533,es,2172,True,series_17
S6F9CA4BA,tt1277973,es,334,False,series_17
S6FA46D7E,tt1321725,es,139,False,series_17
S6FACA344,tt1847905,es,1927,True,series_17
S6FB72DBC,tt1304919,es,123,False,series_17
S6FBD7332,tt0306414,en,302,False,series_17
S6FC1AFDE,tt3913562,es,344,False,series_17
S6FCF7840,tt0106017,en,723,False,series_17
S6FF11A95,tt1832767,es,113,False,series_17
S700A8723,tt1458523,es,158,False,series_17
S705966DB,tt0096673,tmdb,32,False,series_17
S706FA4BC,tt0324721,ca,149,False,series_17
S7073FD41,tt4546290,es,2840,True,series_17
S70819CF1,tt0111945,en,1827,True,series_17
S708D3169,tt0115157,en,591,False,series_17
S7097FC3E,tt4270492,en,1590,True,series_17
S710AC69A,tt0087583,en,851,False,series_17
S7120B0E3,tt6975960,tmdb,88,False,series_17
S719E80CB,tt5071412,en,327,False,series_17
S71DDF413,tt36495086,tmdb,91,False,series_17
S720A2AF2,tt5511582,en,219,False,series_17
S720BAF3A,tt8333560,es,104,False,series_18
S72432016,tt0101205,en,328,False,series_18
S72503B9D,tt0130414,en,1514,True,series_18
S7283217D,tt0460619,en,201,False,series_18
S728B8649,tt18273742,es,180,False,series_18
S72A1E278,tt0348914,en,2549,True,series_18
S72C6BC6B,tt7049682,en,286,False,series_18
S72D84894,tt27995114,en,289,False,series_18
S73034AE9,tt0122353,en,139,False,series_18
S73287CD3,tt0118300,en,1025,False,series_18
S7334B734,tt2296682,en,185,False,series_18
S7388D302,tt5134214,es,202,False,series_18
S73CD3D3D,tt0354306,es,302,False,series_18
S73DA1ED4,tt38607962,tmdb,61,False,series_18
S73FDBB37,tt0112041,en,1017,False,series_18
S74078F4A,tt0406439,es,177,False,series_18
S740865E2,tt0105950,en,475,False,series_18
S740E1B92,tt0094516,en,134,False,series_18
S740F625D,tt32267726,tmdb,59,False,series_18
S743ABB57,tt0164292,en,2540,True,series_18
S7456F43C,tt0106145,en,1702,True,series_18
S746047E6,tt9731222,es,325,False,series_18
S7463C498,tt1073507,en,199,False,series_18
S7466749C,tt1486217,en,247,False,series_18
S74755926,tt37538765,es,102,False,series_18
S74785F70,tt2234222,en,445,False,series_18
S748213E1,tt0094484,en,6667,True,series_18
S74CDCCB9,tt30141000,es,196,False,series_18
S74D78AB5,tt0085051,en,274,False,series_18
S74DAAD95,tt0098919,en,1024,False,series_18
S74DBEDAE,tt22169620,es,163,False,series_18
S74EFB6F1,tt4047038,en,310,False,series_18
S751AF496,tt16358384,en,517,False,series_18
S751CB9D5,tt0092359,en,277,False,series_18
S751E2B8D,tt0101130,en,449,False,series_18
S752D2B23,tt36303968,en,136,False,series_18
S75424FBA,tt23806252,es,155,False,series_18
S7547949F,tt0136658,en,178,False,series_18
S755D4CE0,tt0255734,en,200,False,series_18
S7599AB21,tt0111970,en,612,False,series_18
S759A1E41,tt3780386,es,178,False,series_18
S75C42788,tt0856136,gl,142,False,series_18
S75D3F3D1,tt0083481,en,154,False,series_18
S75E48B17,tt1266020,en,805,False,series_18
S7606BD80,tt1405406,en,275,False,series_18
S763B525A,tt0112040,en,563,False,series_18
S76C791DE,tt0439344,es,251,False,series_18
S76CD7377,tt4068834,es,338,False,series_18
S77170295,tt13833978,en,443,False,series_18
S7760D079,tt0118298,en,344,False,series_18
S77F944D6,tt0085106,en,783,False,series_19
S7816FB9A,tt1843230,en,1078,False,series_19
S781B6C5E,tt13623126,en,314,False,series_19
S783F0CAB,tt0090436,en,422,False,series_19
S78B1B6CF,tt1821681,en,650,False,series_19
S78D7F27A,tt0247081,en,204,False,series_19
S793702B8,tt0387199,en,289,False,series_19
S79691B6F,tt36849871,en,116,False,series_19
S797D896D,tt0401747,en,628,False,series_19
S7981E7CA,tt16030542,en,154,False,series_19
S79A7CD7C,tt0123816,en,2921,True,series_19
S79D5EFA1,tt0101199,en,1891,True,series_19
S79D6BC2D,tt1483161,tmdb,91,False,series_19
S79E29A90,tt7331764,es,112,False,series_19
S79EB3581,tt0137330,en,1415,True,series_19
S79EDE055,tt11311302,en,138,False,series_19
S7A02031A,tt0103488,en,109,False,series_19
S7A1C99B2,tt22871368,ca,157,False,series_19
S7A285616,tt2164295,es,223,False,series_19
S7A5F38D4,tt0247827,en,1005,False,series_19
S7A7ADE2D,tt2219163,es,625,False,series_19
S7A81E587,tt1784167,es,104,False,series_19
S7A85C8C0,tt0302447,es,14746,True,series_19
S7A95C8A4,tt4574334,en,683,False,series_19
S7AA0A28A,tt0410975,en,1712,True,series_19
S7AA6E600,tt32252772,tmdb,81,False,series_19
S7AB02DA5,tt0117086,en,105,False,series_19
S7ABA6817,tt0094540,en,635,False,series_19
S7AECAFA6,tt0206617,tmdb,72,False,series_19
S7AFFFDA4,tt8387272,es,346,False,series_19
S7B01E9B9,tt4719586,es,528,False,series_19
S7B08EC6E,tt0162065,en,1608,True,series_19
S7B374F02,tt35674865,es,116,False,series_19
S7B38D67F,tt2095924,es,260,False,series_19
S7B48C36E,tt0083399,en,348,False,series_19
S7B49FE72,tt0080832,en,260,False,series_19
S7B4E5631,tt35618070,en,133,False,series_19
S7B63A320,tt0472642,es,194,False,series_19
S7B7634B0,tt0106179,en,604,False,series_19
S7B9CCF26,tt0222518,en,331,False,series_19
S7BAC07FE,tt10383046,es,298,False,series_19
S7BD3396C,tt0433721,es,248,False,series_19
S7BF8370F,tt1099686,es,185,False,series_19
S7C4842C3,tt9731266,es,273,False,series_19
S7C52777F,tt10048342,en,272,False,series_19
S7C7F12D3,tt0078669,tmdb,65,False,series_19
S7C9B99FA,tt0090506,en,321,False,series_19
S7CA00D2C,tt7158972,es,136,False,series_19
S7CA41820,tt0925266,en,478,False,series_19
S7CBFE73D,tt0081858,en,624,False,series_19
S7CC6FF1F,tt0081873,en,1472,True,series_20
S7CCBFE1D,tt1781725,tmdb,113,False,series_20
S7CD9F048,tt9204160,es,204,False,series_20
S7CFEE6E2,tt0167552,en,303,False,series_20
S7D22FAA4,tt14218830,en,357,False,series_20
S7D364FD5,tt7090454,es,272,False,series_20
S7D62E502,tt27843828,es,359,False,series_20
S7D9307CD,tt0247082,en,392,False,series_20
S7DA29823,tt0098957,en,232,False,series_20
S7DA50C08,tt0353049,en,142,False,series_20
S7DBDCAFE,tt33797175,es,136,False,series_20
S7E12EDC2,tt10149980,es,301,False,series_20
S7E13624E,tt9415632,es,362,False,series_20
S7E52B891,tt26656917,en,142,False,series_20
S7E5B7CCA,tt0770762,en,562,False,series_20
S7EAFC2D2,tt0207275,en,627,False,series_20
S7EC97E37,tt0305062,es,267,False,series_20
S7EE7DBED,tt0081957,tmdb,83,False,series_20
S7EF1933A,tt0085090,tmdb,44,False,series_20
S7F061201,tt2660806,en,581,False,series_20
S7F1E5D91,tt1985387,es,284,False,series_20
S7F26CD45,tt11396318,es,242,False,series_20
S7F5F042F,tt31137273,en,153,False,series_20
S7F6BA10A,tt1192169,en,192,False,series_20
S7F7FDE8E,tt0090520,en,261,False,series_20
S80195BBE,tt0085033,en,441,False,series_20
S8058D66E,tt0088476,tmdb,41,False,series_20
S80616D7B,tt0118303,en,240,False,series_20
S806A3B73,tt10168312,en,445,False,series_20
S808682B6,tt1898069,en,399,False,series_20
S8132B091,tt0105986,en,466,False,series_20
S813D29B5,tt4181172,en,196,False,series_20
S815F9DC0,tt0210413,en,117,False,series_20
S81709771,tt0801425,en,308,False,series_20
S8178ECD9,tt18350198,es,153,False,series_20
S818DF6A9,tt0138956,en,149,False,series_20
S81B62F11,tt1229989,es,278,False,series_20
S81C371EE,tt0081870,es,278,False,series_20
S81F29BEB,tt0096684,en,479,False,series_20
S820C1289,tt0243061,en,680,False,series_20
S8229C5CE,tt4477976,en,124,False,series_20
S8246812A,tt10293938,en,217,False,series_20
S82593C5D,tt0124955,es,324,False,series_20
S8284D762,tt0108755,en,425,False,series_20
S8292207D,tt0338639,es,270,False,series_20
S82ADD02B,tt0118460,en,624,False,series_20
S82CCD566,tt9204170,es,333,False,series_20
S8370ACAE,tt0475784,en,853,False,series_20
S839F65A5,tt0083391,tmdb,135,False,series_20
S83CE93DA,tt0088693,en,925,False,series_20
S83E59FE5,tt6631632,tmdb,25,False,series_21
S83FE2DAD,tt2699110,en,417,False,series_21
S842BE1D9,tt0496343,en,382,False,series_21
S842EF02F,tt0361217,en,359,False,series_21
S84501F26,tt2300923,en,120,False,series_21
S8485ECC7,tt0115144,en,556,False,series_21
S848DCF86,tt2189221,en,371,False,series_21
S84B47933,tt0315429,en,576,False,series_21
S84F6AD0E,tt0398417,en,1114,True,series_21
S85101845,tt7235466,en,211,False,series_21
S85203752,tt1985443,tmdb,100,False,series_21
S853E143C,tt10464754,es,199,False,series_21
S8579E374,tt0289830,en,1259,True,series_21
S8584633E,tt0086789,en,355,False,series_21
S85C595E8,tt33040400,tmdb,33,False,series_21
S85CFCD33,tt0289646,tmdb,59,False,series_21
S85DD60C7,tt0090525,en,946,False,series_21
S85EB696B,tt0086816,en,215,False,series_21
S85FEB72E,tt13031912,en,497,False,series_21
S86167588,tt33797172,tmdb,68,False,series_21
S863086DF,tt0106004,en,385,False,series_21
S866C610D,tt0094510,en,318,False,series_21
S866EA965,tt2401256,tmdb,25,False,series_21
S86743069,tt4474344,en,182,False,series_21
S868D4703,tt1988853,es,261,False,series_21
S8690A849,tt5096734,tmdb,50,False,series_21
S869C46EB,tt1771194,es,366,False,series_21
S86B91F22,tt1489428,en,1443,True,series_21
S86BC7763,tt0470640,es,108,False,series_21
S86C79E91,tt9018736,en,411,False,series_21
S86D9F153,tt0312109,en,761,False,series_21
S86EC047A,tt1235099,en,295,False,series_21
S86ECF476,tt5011816,en,237,False,series_21
S870E7A97,tt0103352,en,459,False,series_21
S872FCB35,tt0331134,es,284,False,series_21
S875355B9,tt11953308,gl,130,False,series_21
S8780D0C4,tt9165676,es,208,False,series_21
S87C0561E,tt0181262,en,403,False,series_21
S87DBB4DD,tt8760932,en,181,False,series_21
S882A5DE2,tt5743796,en,173,False,series_21
S88A7BCB2,tt13157618,en,314,False,series_21
S88E86F43,tt0098936,en,1744,True,series_21
S88F701A0,tt1312171,en,489,False,series_21
S89608145,tt1111854,tmdb,40,False,series_21
S896156F1,tt0805663,en,1654,True,series_21
S89863B49,tt14375500,es,259,False,series_21
S8A3569DE,tt1872397,es,157,False,series_21
S8A65B2D3,tt0457229,en,196,False,series_21
S8A831653,tt0083428,en,226,False,series_21
S8A8EB86E,tt0402711,en,238,False,series_21
S8A994148,tt0084996,en,240,False,series_22
S8AA009DA,tt36594331,en,241,False,series_22
S8AC51892,tt0960136,en,318,False,series_22
S8ACF3508,tt0092455,en,2751,True,series_22
S8AE35CCB,tt34719392,es,102,False,series_22
S8AF2E096,tt19244304,en,296,False,series_22
S8B0534AC,tt0396991,en,1322,True,series_22
S8B698C2F,tt8599532,en,131,False,series_22
S8B7BB483,tt0260615,en,130,False,series_22
S8C080F6F,tt14452776,en,266,False,series_22
S8C088DA1,tt3475734,en,400,False,series_22
S8C1DFB7E,tt0387736,en,1568,True,series_22
S8C287D98,tt3398228,en,490,False,series_22
S8C4D57F9,tt14509156,es,142,False,series_22
S8C8EA286,tt0414783,es,510,False,series_22
S8CA56151,tt0098780,en,250,False,series_22
S8CBCBF99,tt4052886,en,395,False,series_22
S8CE32686,tt1414420,ca,129,False,series_22
S8CE5FB61,tt2193021,en,801,False,series_22
S8CF994A1,tt0086827,en,551,False,series_22
S8D040A92,tt1442464,en,298,False,series_22
S8D2EEEC6,tt1119644,en,1384,True,series_22
S8D314EB0,tt7636244,en,179,False,series_22
S8D3FE09D,tt3230854,en,793,False,series_22
S8D555A85,tt0089787,es,217,False,series_22
S8D5C7481,tt0080289,en,214,False,series_22
S8D6115AA,tt23644332,es,150,False,series_22
S8D6493AE,tt0419326,en,496,False,series_22
S8D6F99D4,tt0108941,en,591,False,series_22
S8D974016,tt23739418,es,156,False,series_22
S8DAFAC74,tt6517102,en,350,False,series_22
S8DD10CD8,tt0108921,en,448,False,series_22
S8DD69BFA,tt0367345,en,314,False,series_22
S8E16394B,tt0085109,en,2547,True,series_22
S8E76107F,tt0112111,en,292,False,series_22
S8E99A4D8,tt6483832,en,162,False,series_22
S8EE49AE4,tt6315640,en,157,False,series_22
S8EFBB66C,tt0455275,en,1405,True,series_22
S8F252FE5,tt1600690,es,204,False,series_22
S8F6886BF,tt0198254,en,122,False,series_22
S8F916E4A,tt1324007,es,237,False,series_22
S8F932798,tt0092312,en,422,False,series_22
S8F9BFD1E,tt7550970,es,481,False,series_22
S8FB6F1C4,tt0080270,en,797,False,series_22
S9001F596,tt14828074,es,192,False,series_22
S9065B5B3,tt2249007,en,176,False,series_22
S9079341F,tt0458290,en,695,False,series_22
S90A66D64,tt0080202,en,347,False,series_22
S90BBA029,tt2017109,en,342,False,series_22
S91024142,tt15063296,es,263,False,series_22
S9134A760,tt0189296,es,446,False,series_23
S91C7E349,tt3514324,en,201,False,series_23
S91EBAF54,tt6470478,en,416,False,series_23
S91F03479,tt8879940,en,223,False,series_23
S923F61F6,tt0120756,en,310,False,series_23
S925211E6,tt3749002,es,371,False,series_23
S927D887A,tt4428122,en,285,False,series_23
S9281769D,tt9827854,en,163,False,series_23
S928FBC40,tt0460637,en,512,False,series_23
S92BA302E,tt7817340,en,106,False,series_23
S92CDF467,tt0083395,en,622,False,series_23
S92F4CE1F,tt1632824,es,350,False,series_23
S92FF049A,tt15576994,es,161,False,series_23
S93499B28,tt2189461,en,138,False,series_23
S937686F9,tt0454349,en,604,False,series_23
S93C9DFD9,tt0101198,en,1205,True,series_23
S93CAA5AC,tt1967684,es,140,False,series_23
S942858E0,tt35996744,ca,222,False,series_23
S943559E9,tt0313113,es,260,False,series_23
S94B23C25,tt0086759,en,173,False,series_23
S94B52E21,tt11167742,es,149,False,series_23
S94B55036,tt11853880,es,128,False,series_23
S94CAF95E,tt6058756,en,434,False,series_23
S94EA2355,tt4955642,en,474,False,series_23
S95021A3C,tt0418403,es,127,False,series_23
S95237875,tt0198253,en,250,False,series_23
S953EF4BB,tt1442402,es,165,False,series_23
S957244A0,tt0247091,en,272,False,series_23
S958FEB81,tt0381733,es,1834,True,series_23
S95967290,tt0090395,en,358,False,series_23
S95B6F373,tt0198093,es,130,False,series_23
S95E09E04,tt1595680,en,415,False,series_23
S9602BB02,tt6762348,es,510,False,series_23
S9611C524,tt0086823,en,2057,True,series_23
S962F1B33,tt11743610,en,155,False,series_23
S96A57D82,tt0083387,en,600,False,series_23
S96AB4612,tt0105941,en,431,False,series_23
S96C07946,tt4198042,ca,118,False,series_23
S96CBD9B1,tt33797171,ca,116,False,series_23
S96D3F995,tt0083488,en,915,False,series_23
S9707542C,tt4422836,en,209,False,series_23
S9795F155,tt0085050,en,1273,True,series_23
S97A4B62F,tt1288419,es,370,False,series_23
S97B06404,tt0115381,es,2221,True,series_23
S97CCE143,tt0212680,es,359,False,series_23
S97D5002A,tt11041332,en,430,False,series_23
S9892FACB,tt13062500,en,404,False,series_23
S98ACDC26,tt0235911,en,390,False,series_23
S98B25B10,tt0255725,es,106,False,series_23
S98BBBB1D,tt5868802,es,152,False,series_23
S991E1C87,tt0805661,en,303,False,series_24
S995E4BDA,tt7117634,es,191,False,series_24
S996FB226,tt2897576,en,151,False,series_24
S9972C4F4,tt0167720,en,582,False,series_24
S99BF4212,tt1441135,en,407,False,series_24
S99CA597F,tt15394254,es,116,False,series_24
S9A012123,tt0352089,es,280,False,series_24
S9A0B8DBA,tt35052656,es,131,False,series_24
S9A260BEC,tt1259436,es,191,False,series_24
S9A6E05F2,tt0103426,en,254,False,series_24
S9AA1651D,tt1132290,en,762,False,series_24
S9AB75785,tt12590266,en,320,False,series_24
S9AB779E8,tt0418435,es,133,False,series_24
S9AB956C1,tt4254242,en,165,False,series_24
S9AC2536E,tt0898266,en,590,False,series_24
S9AF50952,tt0092480,en,607,False,series_24
S9B0B82C7,tt0081871,en,860,False,series_24
S9B460ED8,tt8910922,en,387,False,series_24
S9B4DBF3C,tt0103512,en,362,False,series_24
S9B6585CB,tt0098763,en,202,False,series_24
S9B662468,tt8065786,es,369,False,series_24
S9B83BC0F,tt10466872,en,349,False,series_24
S9BA775CD,tt15677150,tmdb,40,False,series_24
S9BB77E71,tt22202452,en,307,False,series_24
S9BC1582D,tt0080216,en,314,False,series_24
S9BC5B473,tt23183618,es,131,False,series_24
S9BD7C099,tt5435008,en,392,False,series_24
S9BF71DA3,tt1315572,es,182,False,series_24
S9C0150F4,tt0233041,en,317,False,series_24
S9C768099,tt0090501,en,1916,True,series_24
S9C9C7722,tt18482892,es,274,False,series_24
S9D054E67,tt8622160,en,360,False,series_24
S9D19F773,tt7221388,en,443,False,series_24
S9D1EDF4A,tt7366338,en,386,False,series_24
S9D381F26,tt8690918,en,171,False,series_24
S9D3D0AAB,tt0094791,en,411,False,series_24
S9D9C4DE8,tt0096707,en,325,False,series_24
S9DA3DA14,tt0081443,en,142,False,series_24
S9DB3BCBB,tt1442462,en,377,False,series_24
S9DD08BFA,tt1837654,en,320,False,series_24
S9DD2BD09,tt1986770,en,253,False,series_24
S9DDE3822,tt0312098,en,426,False,series_24
S9DF695E4,tt0976014,en,3268,True,series_24
S9E02DAF6,tt0218769,en,718,False,series_24
S9E0438C1,tt0891408,es,170,False,series_24
S9E2B7527,tt0108968,en,794,False,series_24
S9E689667,tt1064899,en,297,False,series_24
S9E97A78F,tt8421350,en,297,False,series_24
S9EC14721,tt1597420,en,521,False,series_24
S9EC79046,tt0101223,en,120,False,series_24
S9EC93D4A,tt2660734,en,349,False,series_25
S9F02FB97,tt10888878,en,138,False,series_25
S9F19BA64,tt0412142,en,649,False,series_25
S9F2412B5,tt0170881,en,390,False,series_25
S9F5E6438,tt0180241,en,175,False,series_25
S9F739F86,tt0088640,en,178,False,series_25
S9F80C980,tt22091076,en,207,False,series_25
S9F847D87,tt0081925,tmdb,129,False,series_25
S9F9107A9,tt9794044,en,155,False,series_25
S9FA3B8F5,tt6486762,en,158,False,series_25
S9FC15272,tt5618256,en,126,False,series_25
S9FD2D359,tt0284718,tmdb,30,False,series_25
SA0417207,tt0138230,en,208,False,series_25
SA05AD42E,tt1865718,en,401,False,series_25
SA07B07B2,tt7408430,es,125,False,series_25
SA095D5F6,tt0108783,en,360,False,series_25
SA0ACE941,tt2618986,en,308,False,series_25
SA0B5C964,tt0192917,en,2040,True,series_25
SA0E4B9ED,tt1247747,tmdb,108,False,series_25
SA0E5B31B,tt0199214,en,198,False,series_25
SA0F6691C,tt0090500,en,102,False,series_25
SA149C71D,tt0172031,en,165,False,series_25
SA157B868,tt0106156,en,960,False,series_25
SA17084A5,tt35316779,es,113,False,series_25
SA171C410,tt4687880,tmdb,71,False,series_25
SA17BAF1F,tt13024344,es,208,False,series_25
SA17F950C,tt0395880,es,117,False,series_25
SA1A84548,tt0297174,es,2356,True,series_25
SA1B378D4,tt0111880,en,340,False,series_25
SA22B1D2F,tt0844653,en,308,False,series_25
SA230C84F,tt7660850,en,385,False,series_25
SA24501E7,tt0285370,en,103,False,series_25
SA2452940,tt27557289,tmdb,25,False,series_25
SA2591F5A,tt0092381,en,192,False,series_25
SA25AB215,tt13918776,en,177,False,series_25
SA269356A,tt0097810,en,236,False,series_25
SA288ECD4,tt1508099,es,176,False,series_25
SA2C83090,tt1219024,en,378,False,series_25
SA2EAF1CA,tt0080221,en,402,False,series_25
SA2F196A9,tt0115372,en,502,False,series_25
SA304C2F2,tt2372162,en,793,False,series_25
SA3076AE7,tt0090455,en,189,False,series_25
SA31CF981,tt27531478,es,198,False,series_25
SA31F8295,tt1188965,es,332,False,series_25
SA364D8F2,tt0910812,en,754,False,series_25
SA3697831,tt9077350,it,482,False,series_25
SA3712BB6,tt13138498,es,160,False,series_25
SA3803C97,tt1245696,es,202,False,series_25
SA3A95D39,tt1582459,en,472,False,series_25
SA416A9C9,tt0912343,en,346,False,series_25
SA4347F03,tt0264235,en,341,False,series_26
SA463774C,tt0098749,en,476,False,series_26
SA463C223,tt1704134,es,137,False,series_26
SA47B8782,tt15716776,en,205,False,series_26
SA4AD616C,tt0121678,es,221,False,series_26
SA50320EF,tt5952634,en,288,False,series_26
SA546AC90,tt0112022,en,263,False,series_26
SA55127C3,tt10311932,es,122,False,series_26
SA59EF495,tt0104523,en,284,False,series_26
SA5A33623,tt34991493,en,135,False,series_26
SA5BB875F,tt0103484,en,240,False,series_26
SA5C60B31,tt0092476,en,353,False,series_26
SA5EC0536,tt1825133,en,264,False,series_26
SA635F315,tt0405576,en,227,False,series_26
SA68528C0,tt19899644,es,122,False,series_26
SA6B70B5C,tt1837576,en,2034,True,series_26
SA6D831DB,tt0126170,en,507,False,series_26
SA6E24B49,tt26658061,es,132,False,series_26
SA6FFAD99,tt0208614,en,376,False,series_26
SA74622D1,tt0244353,en,2782,True,series_26
SA74892B8,tt0203259,en,668,False,series_26
SA75AC33A,tt0081900,en,856,False,series_26
SA75AF925,tt0487849,es,4234,True,series_26
SA7AAF481,tt31806037,en,281,False,series_26
SA7AE6398,tt1232320,en,294,False,series_26
SA7D1DE5F,tt0318252,en,479,False,series_26
SA7EFEE51,tt0147752,en,374,False,series_26
SA7FCD77F,tt16437242,tmdb,139,False,series_26
SA8251460,tt0112175,en,1606,True,series_26
SA8472590,tt0103428,en,215,False,series_26
SA8B0FE7E,tt0772145,en,452,False,series_26
SA8B1B501,tt2578560,en,123,False,series_26
SA8B91CEC,tt0424600,en,1423,True,series_26
SA8B9FFE9,tt13622776,en,383,False,series_26
SA8D07CE4,tt0088631,en,328,False,series_26
SA8FCC3FB,tt0092410,en,359,False,series_26
SA92FEB1C,tt11280740,en,302,False,series_26
SA948E011,tt27349314,es,121,False,series_26
SA9B3D524,tt0231051,ca,183,False,series_26
SA9B4F159,tt0103359,en,338,False,series_26
SA9DE8585,tt16288804,es,253,False,series_26
SAA205568,tt0810788,en,376,False,series_26
SAA2EF0F0,tt36832679,tmdb,28,False,series_26
SAA47A4C8,tt0158552,en,1017,False,series_26
SAA7CA98F,tt0090466,en,1196,True,series_26
SAA879E8D,tt3749022,es,281,False,series_26
SAAA5B1A3,tt7587890,en,315,False,series_26
SAAC3F223,tt0286486,en,1754,True,series_26
SAAC89A33,tt0108958,en,111,False,series_26
SAAF7F4EC,tt0083500,en,376,False,series_26
SAB14DEC9,tt4944694,es,241,False,series_27
SAB2AA733,tt10681240,es,129,False,series_27
SAB7E0318,tt6905686,en,236,False,series_27
SAB8D51F2,tt0144065,en,153,False,series_27
SAB940249,tt0096639,en,1973,True,series_27
SABA8FEB7,tt17564828,es,182,False,series_27
SABCC7CDE,tt32146392,tmdb,28,False,series_27
SAC0FCDCC,tt0083486,en,510,False,series_27
SAC1DEBE0,tt0167742,en,644,False,series_27
SAC3D1369,tt1086804,tmdb,52,False,series_27
SAC5401BB,tt0090418,en,358,False,series_27
SAC5693E8,tt0134247,en,339,False,series_27
SAC593011,tt0118364,en,326,False,series_27
SAC5DE580,tt13915876,es,102,False,series_27
SAC8633B8,tt30459041,en,124,False,series_27
SACA4CA62,tt14989818,es,242,False,series_27
SACB919E4,tt1916868,es,235,False,series_27
SACC9F3FE,tt0284713,en,180,False,series_27
SACE58C04,tt2262532,en,282,False,series_27
SAD32E015,tt13195218,es,202,False,series_27
SAD683B89,tt0773262,en,482,False,series_27
SADB1D175,tt0784896,en,261,False,series_27
SADDB3495,tt3520702,en,1223,True,series_27
SADE34BCA,tt13347046,es,183,False,series_27
SADEBF9C3,tt43625977,tmdb,66,False,series_27
SAE927C0A,tt0106126,en,1661,True,series_27
SAE9B08C9,tt35578133,tmdb,29,False,series_27
SAEA122C4,tt0805666,en,140,False,series_27
SAEECF5A5,tt0094531,en,206,False,series_27
SAEFBE85D,tt0111942,en,729,False,series_27
SAEFFA485,tt0235918,en,2248,True,series_27
SAF190A40,tt0103373,en,107,False,series_27
SAF590410,tt0173556,en,293,False,series_27
SAF840BAA,tt34779099,es,106,False,series_27
SAF8F6BBD,tt0955346,en,1026,False,series_27
SAF9308AE,tt5770786,en,258,False,series_27
SAFD2032A,tt0112095,en,350,False,series_27
SAFDEEAA0,tt2930604,en,457,False,series_27
SAFF79E9E,tt0302190,es,150,False,series_27
SB04EDBA8,tt0092323,en,306,False,series_27
SB050F49D,tt6111130,en,354,False,series_27
SB062A951,tt9561862,en,314,False,series_27
SB0D536C5,tt0124953,es,164,False,series_27
SB0F6EF21,tt0103408,en,342,False,series_27
SB1084368,tt33546863,en,105,False,series_27
SB12DCD6B,tt4786824,en,482,False,series_27
SB16CBACE,tt1319735,tmdb,61,False,series_27
SB17B498E,tt0213370,tmdb,40,False,series_27
SB17F5EDE,tt29386497,ca,132,False,series_27
SB1A6C662,tt2309295,en,361,False,series_27
SB1C111C3,tt0115083,en,215,False,series_28
SB1EBDEFD,tt0478934,ca,107,False,series_28
SB24A0384,tt0381798,en,3965,True,series_28
SB262F32E,tt0209069,en,314,False,series_28
SB2803D21,tt8806524,en,607,False,series_28
SB298D5FC,tt33059022,tmdb,73,False,series_28
SB29FC339,tt7636656,en,106,False,series_28
SB2EAEA4A,tt26545992,en,294,False,series_28
SB31F0E68,tt27987047,en,278,False,series_28
SB327F853,tt1194476,es,133,False,series_28
SB328E991,tt0113483,en,512,False,series_28
SB33B2157,tt0118414,en,972,False,series_28
SB34F7B37,tt0285351,en,257,False,series_28
SB35DE60D,tt0108876,en,410,False,series_28
SB38F9B74,tt0092319,en,669,False,series_28
SB3957DC5,tt13309742,en,117,False,series_28
SB39E79E8,tt2972448,es,659,False,series_28
SB3B54EBB,tt2124494,es,373,False,series_28
SB3B94888,tt1844624,en,3170,True,series_28
SB3C89A67,tt7255502,en,123,False,series_28
SB3D1D55A,tt0098818,en,493,False,series_28
SB3E101FB,tt5114356,en,335,False,series_28
SB3FAF99D,tt0279077,en,329,False,series_28
SB4065FAF,tt9170108,en,153,False,series_28
SB4531705,tt22325164,es,2198,True,series_28
SB48000DB,tt0098910,en,538,False,series_28
SB497C4FA,tt0368530,en,718,False,series_28
SB4D227BB,tt0106367,en,733,False,series_28
SB4F93427,tt5164196,en,312,False,series_28
SB4FE32DB,tt0412253,en,862,False,series_28
SB4FE8EEB,tt0087244,en,108,False,series_28
SB511E778,tt0124946,es,180,False,series_28
SB5373303,tt2006421,es,432,False,series_28
SB55D7D3A,tt1741256,en,171,False,series_28
SB5B51879,tt1179817,en,903,False,series_28
SB5EB9398,tt0080233,en,219,False,series_28
SB6178399,tt1360377,es,192,False,series_28
SB65E11CE,tt13697652,tmdb,32,False,series_28
SB67630B9,tt2788432,en,305,False,series_28
SB6AF9004,tt6471068,es,5563,True,series_28
SB6C7D1BE,tt5232792,en,230,False,series_28
SB6ED5006,tt4550086,es,621,False,series_28
SB7351648,tt0206500,en,432,False,series_28
SB74F111A,tt0086744,en,214,False,series_28
SB7549986,tt0097553,en,225,False,series_28
SB75F8083,tt1415889,en,442,False,series_28
SB75FF43E,tt0101081,en,123,False,series_28
SB79D1B5A,tt19231492,tmdb,34,False,series_28
SB7C8F453,tt5303598,ca,152,False,series_28
SB7D981E0,tt0184111,en,488,False,series_28
SB7DC57FD,tt1682487,es,281,False,series_29
SB83EE160,tt1828327,en,234,False,series_29
SB84153C0,tt0244926,en,245,False,series_29
SB85D019B,tt0092357,en,640,False,series_29
SB861B18D,tt0090496,en,263,False,series_29
SB8641F02,tt30460310,en,268,False,series_29
SB86556E2,tt2022713,en,139,False,series_29
SB870036F,tt0108761,en,229,False,series_29
SB8A000DD,tt2009038,es,130,False,series_29
SB8BECC93,tt0086764,en,430,False,series_29
SB8C96B5D,tt1305826,en,613,False,series_29
SB8DB5557,tt0103491,en,223,False,series_29
SB9257F8A,tt0101190,en,304,False,series_29
SB93192B2,tt1202429,tmdb,31,False,series_29
SB947CB28,tt0374455,en,1476,True,series_29
SB965452D,tt1632902,es,361,False,series_29
SB96F435A,tt0101084,en,548,False,series_29
SB9840A34,tt6156584,en,1379,True,series_29
SB9C7E5EA,tt0197159,en,534,False,series_29
SB9D5C094,tt0083455,en,324,False,series_29
SBA857833,tt0098352,en,226,False,series_29
SBAAFA2B6,tt7538258,es,116,False,series_29
SBAB469C3,tt26670955,tmdb,27,False,series_29
SBAFDD81F,tt29511598,tmdb,29,False,series_29
SBB0895F0,tt4136774,es,574,False,series_29
SBB11CF25,tt11815682,en,306,False,series_29
SBB12F5A3,tt1327801,en,1107,True,series_29
SBB33BE06,tt0098888,en,214,False,series_29
SBB42EB90,tt0283808,es,328,False,series_29
SBB5DF863,tt3006802,en,2198,True,series_29
SBB6222F6,tt33043892,en,184,False,series_29
SBB8ED45D,tt0112065,tmdb,78,False,series_29
SBBBF34C3,tt0481033,es,256,False,series_29
SBBD50B83,tt0190169,en,797,False,series_29
SBBDEBFCC,tt0108937,en,373,False,series_29
SBBF032C3,tt2651246,es,414,False,series_29
SBC3FB06C,tt10990110,es,236,False,series_29
SBC874D03,tt0083433,en,247,False,series_29
SBC89D7B3,tt2149175,en,320,False,series_29
SBCA3F2F7,tt3148266,en,269,False,series_29
SBCAEDFB2,tt2097031,es,259,False,series_29
SBCC2001F,tt4888908,es,153,False,series_29
SBCCE23F7,tt0220880,en,340,False,series_29
SBCF1F2CC,tt0103435,en,177,False,series_29
SBD0F7AD4,tt20477492,es,122,False,series_29
SBD175F92,tt0367279,en,217,False,series_29
SBD37EEEA,tt0088513,en,365,False,series_29
SBD3A6872,tt3865236,tmdb,42,False,series_29
SBD4C3A07,tt1077045,es,227,False,series_29
SBD526C5F,tt2103085,en,141,False,series_29
SBD6FA8DB,tt0118375,en,894,False,series_30
SBD9838C7,tt3205802,en,1104,False,series_30
SBD9F5587,tt0135114,es,175,False,series_30
SBDA8169F,tt0131664,en,148,False,series_30
SBDB09E2E,tt7671598,en,127,False,series_30
SBDB50197,tt0482857,en,1799,True,series_30
SBDBF955C,tt3322312,en,556,False,series_30
SBDD34976,tt9140560,en,464,False,series_30
SBDE873A3,tt0329859,es,173,False,series_30
SBDF05524,tt8976944,es,347,False,series_30
SBE0103DC,tt13966962,en,341,False,series_30
SBE087695,tt7569592,en,367,False,series_30
SBE43B3FE,tt0096708,en,261,False,series_30
SBE916E9A,tt1837492,en,340,False,series_30
SBE982EA6,tt8597326,es,189,False,series_30
SBEF1CD6B,tt2293719,es,344,False,series_30
SBF1EEDFA,tt0279600,en,300,False,series_30
SBF57FCFE,tt0115109,en,740,False,series_30
SBF5EA210,tt1637727,en,340,False,series_30
SBF615E55,tt0320970,en,125,False,series_30
SBF8BE643,tt1512800,es,274,False,series_30
SBFA9D317,tt1759761,en,556,False,series_30
SBFD16C98,tt0206512,en,743,False,series_30
SBFE74AA2,tt0084978,en,286,False,series_30
SC01B2ED9,tt3116086,es,743,False,series_30
SC02D79B4,tt2452242,en,241,False,series_30
SC05C550C,tt29614148,es,290,False,series_30
SC06432E4,tt0433309,en,203,False,series_30
SC0828CF0,tt0111873,en,313,False,series_30
SC09554E3,tt4051972,es,477,False,series_30
SC0A06C19,tt0204993,en,644,False,series_30
SC0A35709,tt0169414,en,217,False,series_30
SC0CA1D50,tt0480783,es,134,False,series_30
SC0D6880E,tt0101184,tmdb,36,False,series_30
SC10F6402,tt13106334,es,130,False,series_30
SC10FD8EA,tt0088610,en,281,False,series_30
SC110A2EC,tt0092345,en,1269,True,series_30
SC11B5AE6,tt35466672,en,256,False,series_30
SC123205B,tt2435192,en,112,False,series_30
SC15D7371,tt0083413,en,486,False,series_30
SC1689D9B,tt9859436,en,108,False,series_30
SC184E1D7,tt0086787,en,1358,True,series_30
SC1902AE7,tt0094490,en,467,False,series_30
SC1B34EDA,tt14786934,en,134,False,series_30
SC1BAEA50,tt0112230,en,494,False,series_30
SC1BCA2DA,tt0391610,es,318,False,series_30
SC1DBCC31,tt0119974,es,168,False,series_30
SC244CE05,tt11698590,es,130,False,series_30
SC26ACF74,tt0227972,en,1926,True,series_30
SC26EBC04,tt0084258,en,188,False,series_30
SC2C96156,tt1807424,es,183,False,series_31
SC2DB9336,tt0147746,en,660,False,series_31
SC2DBCDB6,tt0460690,en,1661,True,series_31
SC2F42135,tt0484394,es,160,False,series_31
SC2FE36F1,tt0166048,en,187,False,series_31
SC3289F84,tt0096560,en,444,False,series_31
SC36D729D,tt0149437,en,433,False,series_31
SC3BB17AE,tt0115270,en,417,False,series_31
SC3C82D6A,tt5834204,en,474,False,series_31
SC3FBEA2A,tt22355610,es,151,False,series_31
SC410614F,tt2191671,en,486,False,series_31
SC44687BB,tt0086756,en,716,False,series_31
SC45072DB,tt5266260,es,186,False,series_31
SC46EAC2B,tt24069848,en,104,False,series_31
SC4E02300,tt4061080,en,185,False,series_31
SC4EB41BE,tt0429305,en,285,False,series_31
SC54E58C6,tt0290966,en,402,False,series_31
SC555408D,tt0149547,en,267,False,series_31
SC56DE85B,tt0088616,en,299,False,series_31
SC5902834,tt0368479,en,331,False,series_31
SC59EC3AC,tt1831804,en,300,False,series_31
SC5A7EC5D,tt2861424,en,271,False,series_31
SC5A9E58E,tt0185906,en,256,False,series_31
SC5BED552,tt8917542,es,117,False,series_31
SC5D22958,tt13159924,en,288,False,series_31
SC5E2E070,tt0086817,en,252,False,series_31
SC5ED520E,tt0141842,en,503,False,series_31
SC5F20A66,tt0083467,en,1019,False,series_31
SC6031106,tt7908628,en,225,False,series_31
SC60D6C2B,tt7930010,es,176,False,series_31
SC61B600D,tt0115320,en,542,False,series_31
SC6316025,tt0106028,en,563,False,series_31
SC6F1F9A9,tt8134470,en,129,False,series_31
SC724FD60,tt0381780,es,478,False,series_31
SC7288DDA,tt0112225,en,282,False,series_31
SC7356DD7,tt33332385,en,151,False,series_31
SC75685BD,tt1446482,es,115,False,series_31
SC76ADDB0,tt1600194,en,323,False,series_31
SC7730E26,tt0103524,en,794,False,series_31
SC7ABAC96,tt1830617,en,374,False,series_31
SC7DC5C5F,tt0115163,en,742,False,series_31
SC7E1FC38,tt0115167,en,397,False,series_31
SC8019ABE,tt0165561,tmdb,60,False,series_31
SC84F87D3,tt0821927,ca,1210,True,series_31
SC8797DD7,tt2654620,en,242,False,series_31
SC89D6C6C,tt9460858,es,322,False,series_31
SC89E3221,tt0083474,en,141,False,series_31
SC8A51D91,tt1797404,en,1312,True,series_31
SC90008ED,tt0096582,en,1195,True,series_31
SC9437BD4,tt0361240,en,320,False,series_31
SC956B58A,tt0976192,en,525,False,series_32
SC9800E5A,tt0417373,en,262,False,series_32
SC985E54B,tt0352074,es,132,False,series_32
SC9B54F5F,tt0486657,en,128,False,series_32
SC9BA5F7C,tt1836037,en,1732,True,series_32
SC9BDEEBF,tt0088563,en,275,False,series_32
SC9CAAF8B,tt0935095,tmdb,28,False,series_32
SC9D70BA3,tt9272462,es,205,False,series_32
SC9E58F8A,tt0135659,en,664,False,series_32
SC9F913AC,tt6970710,es,373,False,series_32
SCA4DA9D5,tt1463141,es,346,False,series_32
SCA7125B4,tt11131962,tmdb,25,False,series_32
SCA9E8972,tt1076950,tmdb,78,False,series_32
SCACB47FE,tt0095678,en,170,False,series_32
SCADEC3C4,tt0098844,en,904,False,series_32
SCAFF4B98,tt1699748,en,511,False,series_32
SCB121B4D,tt14728968,es,160,False,series_32
SCB429E03,tt17677860,en,122,False,series_32
SCB4D9AA8,tt33035373,en,164,False,series_32
SCB553545,tt0115231,en,388,False,series_32
SCB619211,tt10574558,en,208,False,series_32
SCB7D9263,tt3230454,en,607,False,series_32
SCB9E91B4,tt31713273,es,162,False,series_32
SCBA6A3D3,tt1519931,en,283,False,series_32
SCC038FE6,tt0115376,en,302,False,series_32
SCC28DC41,tt10970552,en,318,False,series_32
SCC648281,tt1626038,en,361,False,series_32
SCC6A454A,tt1299368,en,419,False,series_32
SCC6EAC0E,tt1610527,en,163,False,series_32
SCC85E2EF,tt0460627,en,339,False,series_32
SCCB7CA25,tt1578873,en,397,False,series_32
SCCBC0B4D,tt2543312,en,2237,True,series_32
SCCBD8DF2,tt0103466,en,1091,False,series_32
SCCD096B2,tt0094455,en,753,False,series_32
SCCE7CC26,tt0108872,en,218,False,series_32
SCCEEC433,tt0233033,en,399,False,series_32
SCD123AB9,tt1820922,es,110,False,series_32
SCD1FBC11,tt0081837,en,370,False,series_32
SCD30C437,tt4102564,es,210,False,series_32
SCD31560B,tt0106057,en,1634,True,series_32
SCD732273,tt1578145,es,148,False,series_32
SCD7F4CD3,tt1807233,tmdb,46,False,series_32
SCD853E3F,tt7949218,en,270,False,series_32
SCD91BC67,tt0094517,en,6801,True,series_32
SCDB4F871,tt2707408,en,686,False,series_32
SCE213594,tt0491738,en,460,False,series_32
SCE342E3D,tt1334303,es,336,False,series_32
SCE88A3A9,tt0366025,en,225,False,series_32
SCE9895DA,tt10721998,ca,783,False,series_32
SCEBB4AB4,tt0124958,es,304,False,series_32
SCECC6140,tt3351126,es,127,False,series_33
SCF17DC80,tt0389564,en,1957,True,series_33
SCF401472,tt8961508,es,102,False,series_33
SCF43B0A0,tt0092324,en,534,False,series_33
SCF56BD96,tt0098752,en,231,False,series_33
SCF747176,tt6802068,tmdb,28,False,series_33
SCFD6F3BA,tt8103070,en,228,False,series_33
SD015202E,tt13991232,en,173,False,series_33
SD0232EAC,tt0088470,en,568,False,series_33
SD0512568,tt14661396,en,283,False,series_33
SD0673D55,tt0103586,en,578,False,series_33
SD0C864D5,tt15787870,es,280,False,series_33
SD0D3111F,tt5675620,en,417,False,series_33
SD12A17B5,tt0312081,en,199,False,series_33
SD12CEE30,tt0094473,es,239,False,series_33
SD1400BAA,tt0088628,en,361,False,series_33
SD1635465,tt0092325,en,1429,True,series_33
SD17C882B,tt6511502,es,192,False,series_33
SD1A57C14,tt0320808,en,227,False,series_33
SD1BDD51B,tt20252368,es,193,False,series_33
SD1C15ABC,tt7749846,es,341,False,series_33
SD1F661F6,tt0094562,en,364,False,series_33
SD1FD443A,tt0094521,en,2049,True,series_33
SD215F73D,tt0387714,en,165,False,series_33
SD225553C,tt0361243,en,874,False,series_33
SD25053C4,tt31510819,en,197,False,series_33
SD259459A,tt1586680,en,162,False,series_33
SD26A7DCE,tt0278866,en,519,False,series_33
SD29A20BB,tt6740146,es,289,False,series_33
SD2C21922,tt14269590,en,262,False,series_33
SD2C47D08,tt0787490,en,821,False,series_33
SD2EEDDAB,tt0088591,en,423,False,series_33
SD2F8FB9C,tt0096610,en,279,False,series_33
SD317B745,tt0115257,tmdb,25,False,series_33
SD321C00D,tt0386676,en,2142,True,series_33
SD34E56F0,tt0120570,en,175,False,series_33
SD386ADF0,tt2402207,tmdb,44,False,series_33
SD3B9FCA9,tt0262985,en,921,False,series_33
SD3FB8A6E,tt0118984,en,663,False,series_33
SD4180FCF,tt14044212,en,284,False,series_33
SD42BB64F,tt0213327,en,259,False,series_33
SD4622DAB,tt0108983,en,1102,True,series_33
SD481EA77,tt0823333,en,395,False,series_33
SD4936250,tt8740976,en,109,False,series_33
SD4E6B228,tt3040130,es,937,False,series_33
SD512A596,tt14417718,en,166,False,series_33
SD51C3936,tt5363918,en,203,False,series_33
SD5429D3E,tt9731288,es,196,False,series_33
SD54AE064,tt2708480,en,331,False,series_33
SD55A5DA0,tt0101069,en,219,False,series_33
SD5921493,tt0090925,tmdb,90,False,series_34
SD5925C9D,tt0111932,en,356,False,series_34
SD5A740B3,tt0163438,en,532,False,series_34
SD5CAE1CB,tt1981558,en,177,False,series_34
SD5F0C64D,tt7158674,tmdb,94,False,series_34
SD634B5C5,tt1534363,es,275,False,series_34
SD666C214,tt0756509,en,138,False,series_34
SD6834323,tt14824792,en,221,False,series_34
SD6AA44E5,tt1751105,en,398,False,series_34
SD6B118C1,tt0112197,en,872,False,series_34
SD6E03E6D,tt8344544,es,123,False,series_34
SD6E12564,tt0799862,en,376,False,series_34
SD6E5B672,tt0112206,en,461,False,series_34
SD74CA4B3,tt30494226,tmdb,54,False,series_34
SD74F033B,tt7423538,en,125,False,series_34
SD7699D14,tt14253638,es,286,False,series_34
SD7CF838C,tt0088527,en,168,False,series_34
SD7FFA6CB,tt0386180,en,154,False,series_34
SD811E34A,tt9446688,en,104,False,series_34
SD81D469A,tt0090503,en,146,False,series_34
SD820B48F,tt0338590,ca,1713,True,series_34
SD8262093,tt0094456,en,326,False,series_34
SD84CC327,tt0105933,en,215,False,series_34
SD84D645D,tt0083476,tmdb,28,False,series_34
SD877BBB5,tt1967677,tmdb,112,False,series_34
SD8782FA1,tt0995832,en,109,False,series_34
SD89692A4,tt0156205,en,1494,True,series_34
SD8C41A0E,tt0098674,en,413,False,series_34
SD8EF4288,tt1255913,tmdb,64,False,series_34
SD91A157D,tt16419378,tmdb,49,False,series_34
SD93AB9E0,tt0127569,en,300,False,series_34
SD9853E96,tt17491088,en,219,False,series_34
SD9918DA9,tt0187636,en,2885,True,series_34
SD9999380,tt0083437,en,268,False,series_34
SD9A90434,tt0080219,en,894,False,series_34
SD9A9291E,tt0081930,en,286,False,series_34
SD9AC7E17,tt0094433,en,300,False,series_34
SD9BAB4B3,tt12708542,en,465,False,series_34
SD9BEC9CB,tt0083461,en,225,False,series_34
SD9CCACFF,tt2712740,en,361,False,series_34
SDA396853,tt0170982,en,324,False,series_34
SDA4CE4DA,tt0460649,en,5808,True,series_34
SDA547B51,tt0395890,tmdb,89,False,series_34
SDA62839B,tt5171438,en,666,False,series_34
SDA688C5B,tt0437745,en,851,False,series_34
SDA75DF3B,tt0415463,en,218,False,series_34
SDA84EC8B,tt16021642,tmdb,52,False,series_34
SDA8518A7,tt2243973,en,375,False,series_34
SDA8C0E07,tt0084969,en,826,False,series_34
SDA9A51AE,tt15438246,tmdb,26,False,series_34
SDAC73551,tt0112167,en,344,False,series_35
SDB3059F7,tt0786885,es,361,False,series_35
SDB4E5568,tt0092363,en,365,False,series_35
SDB51BC36,tt4209256,en,345,False,series_35
SDB56DC33,tt0247729,en,457,False,series_35
SDB7CD66B,tt0273028,en,103,False,series_35
SDB841046,tt0419315,en,670,False,series_35
SDBE27831,tt1213404,en,256,False,series_35
SDC408F01,tt0108915,en,812,False,series_35
SDC498BD4,tt0424589,tmdb,50,False,series_35
SDC4BCE6F,tt0099864,en,779,False,series_35
SDC77EFFC,tt8466564,en,524,False,series_35
SDCC625C2,tt0472641,es,104,False,series_35
SDCCC2E27,tt18988142,es,150,False,series_35
SDCE64210,tt10698534,es,213,False,series_35
SDCF1EF90,tt31938062,en,420,False,series_35
SDD0D493E,tt22188654,es,144,False,series_35
SDD27FA15,tt0361256,en,158,False,series_35
SDD7F5E5E,tt3322314,en,394,False,series_35
SDE65DC1F,tt0493093,en,784,False,series_35
SDEA54F65,tt4932330,es,164,False,series_35
SDEA7BC61,tt8337662,es,304,False,series_35
SDEB27EED,tt0211377,en,139,False,series_35
SDECB471A,tt11519748,es,262,False,series_35
SDED9A00C,tt5348176,en,305,False,series_35
SDF14DEBB,tt3825328,es,496,False,series_35
SDF2AA496,tt7286156,es,152,False,series_35
SDF593946,tt27599915,es,160,False,series_35
SDF7AAA3E,tt1178180,en,322,False,series_35
SDFAE3F22,tt0101124,en,327,False,series_35
SDFF0658A,tt2955414,es,178,False,series_35
SDFF24195,tt8740790,en,331,False,series_35
SE007A9FE,tt0096504,tmdb,43,False,series_35
SE0099B10,tt0088612,tmdb,26,False,series_35
SE03D2CF0,tt6164872,es,203,False,series_35
SE06A2FBF,tt0081869,en,341,False,series_35
SE072F5D7,tt1864750,es,345,False,series_35
SE090E2E5,tt12782398,es,179,False,series_35
SE0953E72,tt0090444,en,1926,True,series_35
SE0B9C396,tt7016936,en,339,False,series_35
SE0BF7FC5,tt0124938,es,138,False,series_35
SE0D99C88,tt0159206,en,2065,True,series_35
SE10FAEC1,tt0366005,en,630,False,series_35
SE116143C,tt0759475,en,219,False,series_35
SE161B5AC,tt13980362,es,327,False,series_35
SE1A12106,tt31106325,tmdb,83,False,series_35
SE1B6C287,tt21867228,es,156,False,series_35
SE1BFB266,tt0096554,en,309,False,series_35
SE1F8C2D5,tt8787372,es,443,False,series_35
SE20F05B1,tt0460644,en,370,False,series_35
SE2C24198,tt1661526,tmdb,55,False,series_36
SE2DFBCFA,tt0088478,en,170,False,series_36
SE31A03D5,tt1796960,en,422,False,series_36
SE34D998D,tt0853224,es,322,False,series_36
SE370D133,tt3107288,en,891,False,series_36
SE3E45A99,tt0112178,en,1017,False,series_36
SE442CBBE,tt6693154,es,108,False,series_36
SE4484A0E,tt0185103,en,1705,True,series_36
SE45EFD50,tt0088526,en,329,False,series_36
SE4A31E1D,tt0979432,en,325,False,series_36
SE4B9E8F1,tt0212679,en,183,False,series_36
SE4EF6275,tt0343314,en,341,False,series_36
SE52E864D,tt0892535,en,382,False,series_36
SE53C8C0C,tt3307710,tmdb,34,False,series_36
SE56965CD,tt26933824,en,169,False,series_36
SE5BE8C9E,tt2758950,en,482,False,series_36
SE5C0118B,tt32937780,en,105,False,series_36
SE5D104CB,tt1286039,en,595,False,series_36
SE5F675B5,tt36020545,it,122,False,series_36
SE64237DE,tt30444310,en,114,False,series_36
SE64A86F4,tt1553656,en,350,False,series_36
SE6A860D4,tt0096643,en,276,False,series_36
SE6CE82A8,tt1837642,en,291,False,series_36
SE6D1CD84,tt0202748,en,311,False,series_36
SE6D8E454,tt1358522,en,266,False,series_36
SE6F7EE9A,tt0233044,en,500,False,series_36
SE75AA2E6,tt8500086,es,133,False,series_36
SE75DEBF3,tt0088595,en,515,False,series_36
SE7782FD0,tt7654820,es,247,False,series_36
SE778C91B,tt1442449,en,1513,True,series_36
SE789E176,tt2017382,es,154,False,series_36
SE78D1C26,tt0089645,en,200,False,series_36
SE791E485,tt27705913,es,137,False,series_36
SE7BBC3F2,tt1124373,en,1063,False,series_36
SE7C0FB4B,tt0085032,en,361,False,series_36
SE7D15038,tt6970690,es,202,False,series_36
SE7D4F125,tt1196946,en,379,False,series_36
SE7E39217,tt10155688,en,278,False,series_36
SE81F99B7,tt0143031,es,366,False,series_36
SE82175DD,tt0090481,en,335,False,series_36
SE85238E5,tt0096542,en,747,False,series_36
SE86B465C,tt0194622,en,423,False,series_36
SE87E6415,tt27497448,en,149,False,series_36
SE885A8E0,tt32974250,es,137,False,series_36
SE89825EC,tt4532368,en,1006,False,series_36
SE8A448EE,tt1641384,en,329,False,series_36
SE8BF0175,tt0103417,en,555,False,series_36
SE8C40F7B,tt31536241,es,127,False,series_36
SE8CC58CA,tt9612516,en,154,False,series_36
SE8EA1256,tt4580372,es,737,False,series_36
SE904112B,tt0115082,en,364,False,series_37
SE9227899,tt1534370,es,1530,True,series_37
SE93C552D,tt2467372,en,330,False,series_37
SE94383D0,tt28013708,en,180,False,series_37
SE95179DC,tt0801294,es,230,False,series_37
SE9824BCC,tt0111910,en,478,False,series_37
SE9B8C7A4,tt30817086,tmdb,31,False,series_37
SE9BF64C8,tt0948186,es,135,False,series_37
SE9CD5A26,tt0213346,es,652,False,series_37
SE9D5BA5A,tt0760437,en,289,False,series_37
SEA1E0DF8,tt0096557,en,323,False,series_37
SEA2FC4AC,tt0094466,en,286,False,series_37
SEA31881C,tt3540354,es,265,False,series_37
SEA4C7A36,tt0085017,en,366,False,series_37
SEAC74273,tt0950701,en,192,False,series_37
SEB12D6E2,tt1714204,en,206,False,series_37
SEB148B1B,tt1462059,en,839,False,series_37
SEB2E6906,tt0100361,en,1167,True,series_37
SEB3D9CE5,tt5159898,es,217,False,series_37
SEB3E5727,tt0426371,en,402,False,series_37
SEB4F10D9,tt8634332,en,311,False,series_37
SEB5DF3F9,tt9737326,en,135,False,series_37
SEB8DA6CD,tt0764959,es,147,False,series_37
SEB8F6FBB,tt1077065,es,343,False,series_37
SEBBDB68C,tt13668894,en,351,False,series_37
SEBC2A8B1,tt21278500,es,162,False,series_37
SEC034129,tt0118254,en,436,False,series_37
SEC1C7C87,tt0244365,en,1356,True,series_37
SEC2ACD7D,tt0101115,en,1773,True,series_37
SEC38DEB1,tt1181917,en,559,False,series_37
SEC45F7E1,tt20198626,es,124,False,series_37
SEC6A37A8,tt7462410,en,213,False,series_37
SECD1824F,tt16024584,es,168,False,series_37
SECD46DFE,tt0115369,en,460,False,series_37
SECD817C1,tt2006371,es,527,False,series_37
SED49D328,tt7335184,en,398,False,series_37
SED8627A7,tt0080240,en,751,False,series_37
SEDCB09F0,tt0337762,en,134,False,series_37
SEE365CD6,tt0096531,en,314,False,series_37
SEE718E10,tt7197710,es,140,False,series_37
SEE801EF1,tt1582457,en,345,False,series_37
SEECB8CA3,tt0275140,en,2211,True,series_37
SEEFA2DF2,tt0758790,en,2255,True,series_37
SEF2FFE61,tt8749198,en,211,False,series_37
SEF5B97A3,tt0098900,en,156,False,series_37
SEF6FC9F8,tt14954666,en,245,False,series_37
SEF705F99,tt0101169,en,184,False,series_37
SEF89E9AE,tt1213218,en,321,False,series_37
SEF8D11EC,tt2172103,en,523,False,series_37
SEF9ED1A6,tt8693266,es,469,False,series_37
SEFA47FF7,tt3502248,en,861,False,series_38
SEFC6F600,tt0101076,en,315,False,series_38
SEFF8C345,tt0205700,en,1197,True,series_38
SF008D2A3,tt0088583,en,3767,True,series_38
SF020550D,tt5866074,es,381,False,series_38
SF024B62E,tt0085044,en,134,False,series_38
SF02B1AA1,tt1289380,es,172,False,series_38
SF0E2E56F,tt0106172,en,272,False,series_38
SF0FE5565,tt0098795,en,266,False,series_38
SF0FF9796,tt0098904,en,1596,True,series_38
SF101325B,tt0101050,en,226,False,series_38
SF1217181,tt0083409,en,720,False,series_38
SF124FDF1,tt0177443,en,249,False,series_38
SF14AF783,tt0193676,en,382,False,series_38
SF17DC7BF,tt10857164,en,267,False,series_38
SF1AC9D95,tt0965394,en,1134,True,series_38
SF1C89D31,tt0086765,en,605,False,series_38
SF1C91192,tt0083470,en,1771,True,series_38
SF1D0A52B,tt0165052,en,2803,True,series_38
SF1E3EE84,tt21278506,es,112,False,series_38
SF20938A5,tt0165598,en,890,False,series_38
SF268033E,tt1832979,en,604,False,series_38
SF272870F,tt20600980,en,275,False,series_38
SF2BE65D9,tt4379450,es,483,False,series_38
SF2C7D9F1,tt0138967,en,181,False,series_38
SF309066B,tt1107270,es,352,False,series_38
SF30E38EC,tt0972412,en,2253,True,series_38
SF325010B,tt0489974,en,156,False,series_38
SF3264747,tt5516154,en,103,False,series_38
SF35C4D64,tt13323004,es,138,False,series_38
SF36033C6,tt0111999,en,392,False,series_38
SF3A02F3C,tt0080291,en,246,False,series_38
SF3A34691,tt0094526,en,361,False,series_38
SF3A572D0,tt0407384,en,702,False,series_38
SF3DC71C0,tt2218952,es,112,False,series_38
SF3F4D701,tt33029688,es,126,False,series_38
SF41AAEEB,tt0096550,en,206,False,series_38
SF4225873,tt0852863,en,633,False,series_38
SF446A359,tt0804484,en,320,False,series_38
SF45D7EC8,tt1608180,en,181,False,series_38
SF46944F5,tt2758770,en,307,False,series_38
SF47158E9,tt0259127,en,100,False,series_38
SF4872467,tt11691774,en,213,False,series_38
SF4F5B029,tt0108757,en,177,False,series_38
SF5071275,tt0083466,en,365,False,series_38
SF50DF822,tt0294097,en,261,False,series_38
SF539F25C,tt0096535,en,117,False,series_38
SF545BA28,tt0219446,en,301,False,series_38
SF550252F,tt0122352,es,176,False,series_38
SF574487C,tt5420376,en,201,False,series_38
SF5E69BF4,tt6473344,en,121,False,series_39
SF5FA4C53,tt0863046,en,708,False,series_39
SF63901E1,tt20883126,es,186,False,series_39
SF6703445,tt0462128,en,779,False,series_39
SF697E9C6,tt1845307,en,772,False,series_39
SF69D650A,tt10986050,en,103,False,series_39
SF6B7E32D,tt5574490,en,366,False,series_39
SF6D0DFB0,tt0106112,en,1137,True,series_39
SF6D1A000,tt0303461,en,933,False,series_39
SF712D8E1,tt14463608,es,240,False,series_39
SF746C252,tt0460681,en,1823,True,series_39
SF762A3AE,tt0115215,en,1642,True,series_39
SF7C67194,tt4604612,en,328,False,series_39
SF7ED144F,tt0086730,en,545,False,series_39
SF802DB6F,tt14881288,ca,121,False,series_39
SF8093620,tt5396928,es,168,False,series_39
SF82A6CAF,tt0313043,en,351,False,series_39
SF8DE56ED,tt11658082,es,216,False,series_39
SF8E0393A,tt5180504,en,374,False,series_39
SF922C5C9,tt15135124,tmdb,32,False,series_39
SF92BE947,tt12446242,es,218,False,series_39
SF960AC80,tt0300865,en,340,False,series_39
SF964A038,tt0103380,en,100,False,series_39
SF96C45CE,tt0903747,en,475,False,series_39
SF978ECF2,tt0104541,en,317,False,series_39
SF97B8757,tt0182576,en,286,False,series_39
SF98A0911,tt0108724,en,407,False,series_39
SF98F29A0,tt3007572,en,192,False,series_39
SF995B191,tt0083430,en,261,False,series_39
SF9BA523B,tt1587678,en,320,False,series_39
SF9E19F7C,tt0835434,en,345,False,series_39
SF9E63B03,tt3581920,en,256,False,series_39
SFA2215CC,tt13377972,es,361,False,series_39
SFA63BA0F,tt0086793,en,473,False,series_39
SFA86D087,tt0098948,en,423,False,series_39
SFAA3DE49,tt0094512,en,205,False,series_39
SFAB53628,tt0083482,en,130,False,series_39
SFAC66E44,tt0106080,en,295,False,series_39
SFAC990C4,tt0318910,es,129,False,series_39
SFADDB957,tt0259141,en,568,False,series_39
SFB132583,tt8476166,es,215,False,series_39
SFB334B85,tt0262973,en,613,False,series_39
SFB4D0FEC,tt9204142,es,153,False,series_39
SFB5F3E47,tt3920596,en,210,False,series_39
SFB717153,tt0096697,en,938,False,series_39
SFB92EA15,tt0088618,en,333,False,series_39
SFBE3A65D,tt10147644,es,301,False,series_39
SFBE62844,tt0387728,ca,100,False,series_39
SFC090F35,tt2262308,en,309,False,series_39
SFC149028,tt8068860,en,201,False,series_39
SFC211252,tt9169516,en,102,False,series_40
SFC382511,tt0108734,en,395,False,series_40
SFC58F019,tt0287839,en,951,False,series_40
SFC7B489A,tt0080299,en,640,False,series_40
SFCB57817,tt0163949,en,325,False,series_40
SFCB60B12,tt0112123,en,1073,False,series_40
SFCEC0697,tt0222517,en,274,False,series_40
SFCFCFA3B,tt0118466,en,331,False,series_40
SFD434C69,tt0112173,en,3192,True,series_40
SFD4EC41C,tt0101188,en,521,False,series_40
SFD9275ED,tt1381020,es,1331,True,series_40
SFD9396E2,tt2628232,en,433,False,series_40
SFDB10F9B,tt33400118,es,117,False,series_40
SFDCC444F,tt8712456,es,129,False,series_40
SFDD6087D,tt2891574,tmdb,42,False,series_40
SFDF73528,tt0319969,en,240,False,series_40
SFDF8F17C,tt13406094,en,313,False,series_40
SFE32BE8B,tt13623632,en,271,False,series_40
SFE43ABE9,tt1190689,en,1298,True,series_40
SFE684AB0,tt1135300,en,1064,False,series_40
SFE771513,tt1826205,tmdb,28,False,series_40
SFE8CDE1B,tt0094447,en,219,False,series_40
SFEAD669D,tt1506996,es,314,False,series_40
SFEDCD350,tt0083780,es,212,False,series_40
SFEE4F41D,tt9894488,es,149,False,series_40
SFEEF19DC,tt0892700,en,448,False,series_40
SFF08BE02,tt0111875,en,2347,True,series_40
SFF0E3847,tt4230076,en,430,False,series_40
SFF388EE4,tt3743822,en,362,False,series_40
SFF5E5449,tt0118437,en,468,False,series_40
SFF625EE3,tt0095670,es,135,False,series_40
SFF710660,tt8089592,en,134,False,series_40
SFF77546A,tt2522778,tmdb,45,False,series_40
SFF9BAEBA,tt0134269,en,260,False,series_40
SFF9EBFB4,tt7490342,es,181,False,series_40
SFFA094C9,tt0312172,en,491,False,series_40
SFFA81AAD,tt6625452,es,278,False,series_40
SFFCB2F9E,tt0212671,en,563,False,series_40
SFFCBA9F7,tt0084967,en,644,False,series_40
SFFCE56D2,tt0085065,en,254,False,series_40
SFFF927E6,tt0369179,en,835,False,series_40
