id,_swap,_batch
S00A682B3,True,series_adj_01
S00D9425C,False,series_adj_01
S032E567F,False,series_adj_01
S032F0E3A,False,series_adj_01
S037EC72A,True,series_adj_01
S04772101,False,series_adj_01
S051010B4,True,series_adj_01
S05A5896F,False,series_adj_01
S05B6CCB6,False,series_adj_01
S05C3C9EC,False,series_adj_01
S0661FB96,False,series_adj_01
S06CBD9F1,False,series_adj_01
S06F0507A,True,series_adj_01
S0717000F,True,series_adj_01
S0791C59D,True,series_adj_01
S07C3A30A,True,series_adj_01
S0854C9E1,True,series_adj_01
S088A62CC,True,series_adj_01
S08F10FEB,True,series_adj_01
S08FB76F9,True,series_adj_01
S0905B5EB,True,series_adj_01
S092FDCDD,False,series_adj_01
S098C3CE6,False,series_adj_01
S09C76BE2,True,series_adj_01
S0A795120,True,series_adj_01
S0A8815AB,True,series_adj_01
S0AC92EE8,True,series_adj_01
S0AD5BD4B,False,series_adj_01
S0B5EC30D,True,series_adj_01
S0B927EBC,True,series_adj_01
S0BA433ED,True,series_adj_01
S0C681547,False,series_adj_01
S0DCD549C,False,series_adj_01
S0F240A7C,False,series_adj_01
S101F22CE,True,series_adj_01
S1084304E,False,series_adj_01
S11C7D08A,False,series_adj_01
S12B460D3,False,series_adj_01
S15CD414B,False,series_adj_01
S17D69077,False,series_adj_01
S184954CC,True,series_adj_02
S1B541C4D,True,series_adj_02
S1C84D696,False,series_adj_02
S1C91245B,False,series_adj_02
S1CFF572E,True,series_adj_02
S1D2A744C,True,series_adj_02
S1D36A51C,True,series_adj_02
S1E6992CC,False,series_adj_02
S1EE128E1,False,series_adj_02
S205CD28D,True,series_adj_02
S20EC69C1,True,series_adj_02
S20FF8B2C,False,series_adj_02
S211A949A,True,series_adj_02
S21943937,False,series_adj_02
S219643C3,False,series_adj_02
S230AC936,True,series_adj_02
S233EE096,False,series_adj_02
S237B9EC8,True,series_adj_02
S24594CB4,True,series_adj_02
S268FB684,False,series_adj_02
S27C59323,False,series_adj_02
S27CF1F00,True,series_adj_02
S27DBC377,True,series_adj_02
S2808207F,False,series_adj_02
S28D4DDD2,False,series_adj_02
S2BFE0BF0,False,series_adj_02
S2C3A1FD1,True,series_adj_02
S2C6743E2,True,series_adj_02
S2C8E62D7,False,series_adj_02
S2DB6BD76,True,series_adj_02
S2E60A4CC,True,series_adj_02
S2F878F20,False,series_adj_02
S2FA9F7C6,True,series_adj_02
S302288D0,True,series_adj_02
S303C8B81,False,series_adj_02
S30484639,False,series_adj_02
S3076EEF9,True,series_adj_02
S3130B0FC,True,series_adj_02
S3176A57D,False,series_adj_02
S3202E0BA,True,series_adj_02
S333B0AB9,True,series_adj_03
S34254906,False,series_adj_03
S3456B6EB,False,series_adj_03
S35198781,False,series_adj_03
S353A6F4D,False,series_adj_03
S35E7212F,False,series_adj_03
S3647F2A9,True,series_adj_03
S36512BE4,True,series_adj_03
S36803D3C,False,series_adj_03
S372D2E72,True,series_adj_03
S37717850,False,series_adj_03
S38CFB0C7,True,series_adj_03
S39C337FB,True,series_adj_03
S3A5B6B65,False,series_adj_03
S3AD81B6B,False,series_adj_03
S3BC0069D,False,series_adj_03
S3CEC2DF8,False,series_adj_03
S3D8DBAF5,False,series_adj_03
S3DA0E0F9,True,series_adj_03
S3E0B9B14,False,series_adj_03
S3E9859F0,True,series_adj_03
S406CD3C4,True,series_adj_03
S40B1C154,False,series_adj_03
S411AE222,False,series_adj_03
S4145EC40,False,series_adj_03
S41A2CF5B,True,series_adj_03
S41F55691,True,series_adj_03
S4291A797,True,series_adj_03
S42A547CE,False,series_adj_03
S42D16BDF,True,series_adj_03
S42DBD2DA,False,series_adj_03
S42DED9BB,True,series_adj_03
S44DEBB5E,True,series_adj_03
S454265B7,True,series_adj_03
S45BCAE63,False,series_adj_03
S4695F050,True,series_adj_03
S469DAB82,True,series_adj_03
S478901E2,False,series_adj_03
S47964A9F,True,series_adj_03
S480E110A,False,series_adj_03
S48BB36C9,True,series_adj_04
S4915CD37,True,series_adj_04
S495FA988,False,series_adj_04
S496C24F2,False,series_adj_04
S499AFE78,True,series_adj_04
S4A88F61D,False,series_adj_04
S4C57A3BE,False,series_adj_04
S4D1E5BD2,True,series_adj_04
S4F0B4011,False,series_adj_04
S4F82504A,True,series_adj_04
S4F8AEF54,False,series_adj_04
S4FD2FA18,False,series_adj_04
S4FDAFE59,True,series_adj_04
S506BE78B,True,series_adj_04
S508E12C7,False,series_adj_04
S50BED3C4,False,series_adj_04
S5119BC7B,False,series_adj_04
S51C751E2,False,series_adj_04
S51FBA4A9,False,series_adj_04
S522B96D2,True,series_adj_04
S531BF8D9,False,series_adj_04
S532064A3,True,series_adj_04
S537C3528,True,series_adj_04
S53860FBE,False,series_adj_04
S53D6F1AB,False,series_adj_04
S540A7AB8,False,series_adj_04
S54248C2A,True,series_adj_04
S5442929C,True,series_adj_04
S547F8BCE,True,series_adj_04
S54C45A57,True,series_adj_04
S54F61B28,True,series_adj_04
S5538BAAE,False,series_adj_04
S553F17F0,False,series_adj_04
S55593407,True,series_adj_04
S5576DB2A,True,series_adj_04
S5586AABD,True,series_adj_04
S55B99A50,True,series_adj_04
S55BDC09B,False,series_adj_04
S55C8D74D,False,series_adj_04
S55E2743A,True,series_adj_04
S55EDF477,True,series_adj_05
S561769AF,False,series_adj_05
S5619F5F1,True,series_adj_05
S5636A6E5,False,series_adj_05
S5696ACEA,False,series_adj_05
S56D426A5,False,series_adj_05
S56E85C3D,False,series_adj_05
S5947E683,True,series_adj_05
S5A9337FB,True,series_adj_05
S5B0C5909,True,series_adj_05
S5B1633E9,False,series_adj_05
S5B4FE7AE,True,series_adj_05
S5BB039C8,False,series_adj_05
S5C598D3F,False,series_adj_05
S5CF2B11D,False,series_adj_05
S5D836761,False,series_adj_05
S5DAAFAD6,True,series_adj_05
S603C1BC6,False,series_adj_05
S6099A0B2,True,series_adj_05
S630DE871,True,series_adj_05
S6341947A,True,series_adj_05
S63CE13C3,True,series_adj_05
S640E8855,True,series_adj_05
S6534DBA6,True,series_adj_05
S6589DC2E,False,series_adj_05
S65BF34C2,True,series_adj_05
S668D9D61,False,series_adj_05
S6731EC44,True,series_adj_05
S67D921BD,False,series_adj_05
S6828CC7A,True,series_adj_05
S6834652C,False,series_adj_05
S68F2B9AF,True,series_adj_05
S69819506,False,series_adj_05
S69A56C67,True,series_adj_05
S69B52C7A,True,series_adj_05
S69F353E0,True,series_adj_05
S6A30938E,False,series_adj_05
S6B2E00CD,False,series_adj_05
S6B675513,False,series_adj_05
S6BA9887A,True,series_adj_05
S6C8219AC,True,series_adj_06
S6C955D89,True,series_adj_06
S6D3D6971,True,series_adj_06
S6DE905A2,True,series_adj_06
S6E50D136,False,series_adj_06
S6F29AE47,True,series_adj_06
S6FA46D7E,False,series_adj_06
S6FCF7840,True,series_adj_06
S7073FD41,False,series_adj_06
S70819CF1,True,series_adj_06
S7097FC3E,True,series_adj_06
S720A2AF2,True,series_adj_06
S72503B9D,False,series_adj_06
S72A1E278,False,series_adj_06
S7388D302,False,series_adj_06
S74078F4A,True,series_adj_06
S740E1B92,False,series_adj_06
S7456F43C,True,series_adj_06
S748213E1,True,series_adj_06
S74D78AB5,False,series_adj_06
S74DAAD95,False,series_adj_06
S74EFB6F1,True,series_adj_06
S7547949F,True,series_adj_06
S755D4CE0,False,series_adj_06
S7599AB21,False,series_adj_06
S75E48B17,True,series_adj_06
S76C791DE,False,series_adj_06
S76CD7377,True,series_adj_06
S77170295,True,series_adj_06
S7816FB9A,False,series_adj_06
S783F0CAB,True,series_adj_06
S79D5EFA1,True,series_adj_06
S79E29A90,True,series_adj_06
S7A285616,True,series_adj_06
S7A7ADE2D,True,series_adj_06
S7A85C8C0,True,series_adj_06
S7ABA6817,True,series_adj_06
S7B63A320,True,series_adj_06
S7C9B99FA,True,series_adj_06
S7CA41820,False,series_adj_06
S7CFEE6E2,False,series_adj_07
S7D22FAA4,False,series_adj_07
S7D9307CD,False,series_adj_07
S7F061201,False,series_adj_07
S7F26CD45,True,series_adj_07
S80616D7B,True,series_adj_07
S818DF6A9,False,series_adj_07
S81F29BEB,False,series_adj_07
S8229C5CE,True,series_adj_07
S82593C5D,False,series_adj_07
S83FE2DAD,False,series_adj_07
S8485ECC7,True,series_adj_07
S84F6AD0E,False,series_adj_07
S8584633E,True,series_adj_07
S85EB696B,True,series_adj_07
S863086DF,True,series_adj_07
S88A7BCB2,False,series_adj_07
S88F701A0,True,series_adj_07
S896156F1,True,series_adj_07
S89863B49,True,series_adj_07
S8A3569DE,False,series_adj_07
S8A8EB86E,False,series_adj_07
S8A994148,True,series_adj_07
S8AC51892,False,series_adj_07
S8C088DA1,False,series_adj_07
S8CE5FB61,True,series_adj_07
S8D5C7481,False,series_adj_07
S8D6493AE,False,series_adj_07
S8DD69BFA,True,series_adj_07
S8F9BFD1E,False,series_adj_07
S90A66D64,True,series_adj_07
S91C7E349,False,series_adj_07
S928FBC40,True,series_adj_07
S95021A3C,False,series_adj_07
S957244A0,True,series_adj_07
S95E09E04,False,series_adj_07
S96AB4612,True,series_adj_07
S96CBD9B1,True,series_adj_07
S96D3F995,True,series_adj_07
S9707542C,True,series_adj_07
S9795F155,False,series_adj_08
S97D5002A,True,series_adj_08
S996FB226,True,series_adj_08
S9A6E05F2,True,series_adj_08
S9AA1651D,True,series_adj_08
S9AB779E8,False,series_adj_08
S9AB956C1,True,series_adj_08
S9AC2536E,True,series_adj_08
S9B0B82C7,True,series_adj_08
S9B4DBF3C,True,series_adj_08
S9B6585CB,True,series_adj_08
S9BC1582D,False,series_adj_08
S9BD7C099,False,series_adj_08
S9C0150F4,True,series_adj_08
S9D381F26,False,series_adj_08
S9DA3DA14,True,series_adj_08
S9DDE3822,True,series_adj_08
S9E02DAF6,False,series_adj_08
S9EC14721,False,series_adj_08
S9F19BA64,False,series_adj_08
S9F2412B5,True,series_adj_08
S9F847D87,False,series_adj_08
SA0B5C964,False,series_adj_08
SA0E5B31B,True,series_adj_08
SA2C83090,False,series_adj_08
SA2EAF1CA,True,series_adj_08
SA2F196A9,False,series_adj_08
SA31F8295,True,series_adj_08
SA5BB875F,False,series_adj_08
SA5C60B31,True,series_adj_08
SA74892B8,True,series_adj_08
SA8251460,False,series_adj_08
SA8472590,True,series_adj_08
SA8B0FE7E,False,series_adj_08
SA8B91CEC,True,series_adj_08
SA8B9FFE9,False,series_adj_08
SA8D07CE4,False,series_adj_08
SA8FCC3FB,False,series_adj_08
SA9B4F159,True,series_adj_08
SAA205568,False,series_adj_08
SAAC89A33,False,series_adj_09
SAC0FCDCC,True,series_adj_09
SAC1DEBE0,False,series_adj_09
SAC3D1369,True,series_adj_09
SAC5401BB,True,series_adj_09
SADDB3495,True,series_adj_09
SADE34BCA,False,series_adj_09
SAEECF5A5,False,series_adj_09
SAF8F6BBD,True,series_adj_09
SAFD2032A,True,series_adj_09
SB1084368,False,series_adj_09
SB16CBACE,False,series_adj_09
SB39E79E8,True,series_adj_09
SB4531705,False,series_adj_09
SB48000DB,False,series_adj_09
SB497C4FA,True,series_adj_09
SB4D227BB,False,series_adj_09
SB4FE32DB,True,series_adj_09
SB4FE8EEB,True,series_adj_09
SB5EB9398,False,series_adj_09
SB65E11CE,True,series_adj_09
SB7351648,True,series_adj_09
SB74F111A,False,series_adj_09
SB75F8083,True,series_adj_09
SB7D981E0,True,series_adj_09
SB7DC57FD,False,series_adj_09
SB83EE160,True,series_adj_09
SB85D019B,True,series_adj_09
SB8DB5557,True,series_adj_09
SB93192B2,True,series_adj_09
SB947CB28,True,series_adj_09
SB96F435A,False,series_adj_09
SB9D5C094,True,series_adj_09
SBA857833,False,series_adj_09
SBAAFA2B6,True,series_adj_09
SBB0895F0,False,series_adj_09
SBB5DF863,False,series_adj_09
SBBBF34C3,True,series_adj_09
SBBD50B83,False,series_adj_09
SBBF032C3,True,series_adj_09
SBC3FB06C,True,series_adj_10
SBDD34976,False,series_adj_10
SC06432E4,False,series_adj_10
SC0828CF0,True,series_adj_10
SC0A35709,False,series_adj_10
SC0D6880E,True,series_adj_10
SC1DBCC31,False,series_adj_10
SC26ACF74,False,series_adj_10
SC2DB9336,True,series_adj_10
SC2FE36F1,True,series_adj_10
SC3289F84,False,series_adj_10
SC3BB17AE,True,series_adj_10
SC410614F,True,series_adj_10
SC44687BB,True,series_adj_10
SC6F1F9A9,False,series_adj_10
SC724FD60,True,series_adj_10
SC7E1FC38,False,series_adj_10
SC90008ED,False,series_adj_10
SC956B58A,True,series_adj_10
SCC038FE6,True,series_adj_10
SCCBD8DF2,False,series_adj_10
SCCD096B2,False,series_adj_10
SCD123AB9,True,series_adj_10
SCD1FBC11,False,series_adj_10
SCD30C437,False,series_adj_10
SCD31560B,False,series_adj_10
SCD91BC67,False,series_adj_10
SCE213594,False,series_adj_10
SCE88A3A9,True,series_adj_10
SCF56BD96,True,series_adj_10
SD015202E,True,series_adj_10
SD12CEE30,True,series_adj_10
SD1400BAA,False,series_adj_10
SD215F73D,True,series_adj_10
SD2F8FB9C,False,series_adj_10
SD4622DAB,False,series_adj_10
SD4E6B228,True,series_adj_10
SD5921493,True,series_adj_10
SD5A740B3,True,series_adj_10
SD7CF838C,True,series_adj_10
SD89692A4,False,series_adj_11
SD9999380,False,series_adj_11
SD9A9291E,True,series_adj_11
SD9CCACFF,True,series_adj_11
SDA547B51,True,series_adj_11
SDA62839B,True,series_adj_11
SDA75DF3B,False,series_adj_11
SDA8C0E07,True,series_adj_11
SDAC73551,True,series_adj_11
SDB4E5568,True,series_adj_11
SDB51BC36,False,series_adj_11
SDB56DC33,True,series_adj_11
SDBE27831,True,series_adj_11
SDC498BD4,True,series_adj_11
SDD27FA15,True,series_adj_11
SDF2AA496,False,series_adj_11
SE06A2FBF,True,series_adj_11
SE0953E72,False,series_adj_11
SE10FAEC1,True,series_adj_11
SE20F05B1,True,series_adj_11
SE4484A0E,False,series_adj_11
SE45EFD50,True,series_adj_11
SE4B9E8F1,True,series_adj_11
SE4EF6275,True,series_adj_11
SE6A860D4,False,series_adj_11
SE791E485,True,series_adj_11
SE7D4F125,False,series_adj_11
SE81F99B7,False,series_adj_11
SE82175DD,False,series_adj_11
SE85238E5,False,series_adj_11
SE86B465C,False,series_adj_11
SE87E6415,False,series_adj_11
SE89825EC,True,series_adj_11
SE904112B,False,series_adj_11
SE9227899,True,series_adj_11
SE9CD5A26,True,series_adj_11
SEA2FC4AC,True,series_adj_11
SEA4C7A36,False,series_adj_11
SEB12D6E2,True,series_adj_11
SEB3D9CE5,True,series_adj_11
SEB3E5727,True,series_adj_12
SEC034129,True,series_adj_12
SEC2ACD7D,True,series_adj_12
SEC38DEB1,True,series_adj_12
SECD1824F,True,series_adj_12
SEECB8CA3,False,series_adj_12
SEEFA2DF2,False,series_adj_12
SEF2FFE61,True,series_adj_12
SEF5B97A3,False,series_adj_12
SEF89E9AE,True,series_adj_12
SF0E2E56F,False,series_adj_12
SF101325B,True,series_adj_12
SF1AC9D95,False,series_adj_12
SF1C89D31,True,series_adj_12
SF1C91192,True,series_adj_12
SF268033E,False,series_adj_12
SF2C7D9F1,False,series_adj_12
SF35C4D64,False,series_adj_12
SF3A02F3C,False,series_adj_12
SF3A34691,True,series_adj_12
SF3A572D0,True,series_adj_12
SF3DC71C0,True,series_adj_12
SF5071275,False,series_adj_12
SF6D1A000,True,series_adj_12
SF746C252,True,series_adj_12
SF802DB6F,False,series_adj_12
SF960AC80,True,series_adj_12
SF98A0911,True,series_adj_12
SF9BA523B,True,series_adj_12
SFA86D087,True,series_adj_12
SFAA3DE49,False,series_adj_12
SFADDB957,False,series_adj_12
SFB334B85,False,series_adj_12
SFBE62844,True,series_adj_12
SFC382511,False,series_adj_12
SFC7B489A,False,series_adj_12
SFCB57817,True,series_adj_12
SFF08BE02,True,series_adj_12
SFFA094C9,True,series_adj_12
SFFCE56D2,False,series_adj_12
