id,_swap,_batch,_stage
G083A42E8,False,v2_adj_es5_01,v2_es5
G0D638110,False,v2_adj_es5_01,v2_es5
G0FCCA770,True,v2_adj_es5_01,v2_es5
G19576B4F,True,v2_adj_es5_01,v2_es5
G195E4831,True,v2_adj_es5_01,v2_es5
G1CBE8DB4,True,v2_adj_es5_01,v2_es5
G1CCC24B7,True,v2_adj_es5_01,v2_es5
G1D4FAF14,False,v2_adj_es5_01,v2_es5
G364A07E1,True,v2_adj_es5_01,v2_es5
G36612546,False,v2_adj_es5_01,v2_es5
G368B89D7,False,v2_adj_es5_01,v2_es5
G37D7FCD0,True,v2_adj_es5_01,v2_es5
G38155B44,False,v2_adj_es5_01,v2_es5
G3EF11830,False,v2_adj_es5_01,v2_es5
G4D36B646,True,v2_adj_es5_01,v2_es5
G4EEFD0BC,True,v2_adj_es5_01,v2_es5
G5290A346,False,v2_adj_es5_01,v2_es5
G576A6572,True,v2_adj_es5_01,v2_es5
G59ADD8B8,True,v2_adj_es5_01,v2_es5
G6B4DCE69,False,v2_adj_es5_01,v2_es5
G787EE374,True,v2_adj_es5_01,v2_es5
G7B2F4F5C,False,v2_adj_es5_01,v2_es5
G90629A2E,False,v2_adj_es5_01,v2_es5
G9BD8A637,True,v2_adj_es5_01,v2_es5
G9D2E3A63,True,v2_adj_es5_01,v2_es5
G9D7B59B3,True,v2_adj_es5_01,v2_es5
GAA2496E8,True,v2_adj_es5_01,v2_es5
GB3521CED,False,v2_adj_es5_01,v2_es5
GBF3B0D46,True,v2_adj_es5_01,v2_es5
GBF8C4FA7,True,v2_adj_es5_01,v2_es5
GC42C4756,True,v2_adj_es5_01,v2_es5
GCE72BB2A,False,v2_adj_es5_01,v2_es5
GD2A8DEFE,True,v2_adj_es5_01,v2_es5
GDBDA05C0,False,v2_adj_es5_01,v2_es5
GE2E6F99F,True,v2_adj_es5_01,v2_es5
GE827E26C,True,v2_adj_es5_01,v2_es5
GEA1A1F02,False,v2_adj_es5_01,v2_es5
GECF0B321,True,v2_adj_es5_01,v2_es5
GEF92E9F4,True,v2_adj_es5_01,v2_es5
GF2AB8CB8,False,v2_adj_es5_01,v2_es5
GFD9D5D18,False,v2_adj_es5_02,v2_es5
