id,tconst,idioma,palabras_originales,truncada,revision_url,batch
G01D15204,tt0475551,es,288,False,https://es.wikipedia.org/w/index.php?oldid=174181771,v2_es4_01
G0564D025,tt0268926,es,181,False,https://es.wikipedia.org/w/index.php?oldid=163138166,v2_es4_01
G0C49CDBD,tt8045170,es,260,False,https://es.wikipedia.org/w/index.php?oldid=166175980,v2_es4_01
G0C6EDC44,tt1288633,es,137,False,https://es.wikipedia.org/w/index.php?oldid=163053485,v2_es4_01
G0F18180C,tt0388341,es,299,False,https://es.wikipedia.org/w/index.php?oldid=165893930,v2_es4_01
G0F534908,tt7428476,es,200,False,https://es.wikipedia.org/w/index.php?oldid=171260669,v2_es4_01
G10311DBF,tt0416101,es,262,False,https://es.wikipedia.org/w/index.php?oldid=162200050,v2_es4_01
G10EE10B2,tt20674380,es,122,False,https://es.wikipedia.org/w/index.php?oldid=174908385,v2_es4_01
G10F97F42,tt6502956,es,248,False,https://es.wikipedia.org/w/index.php?oldid=172688498,v2_es4_01
G11609467,tt1077076,es,167,False,https://es.wikipedia.org/w/index.php?oldid=170622235,v2_es4_01
G118C66B8,tt21861446,es,120,False,https://es.wikipedia.org/w/index.php?oldid=174908388,v2_es4_01
G1293D011,tt6131208,en,162,False,https://en.wikipedia.org/w/index.php?oldid=1341406389,v2_es4_01
G18DD40E5,tt1530480,es,505,False,https://es.wikipedia.org/w/index.php?oldid=162335269,v2_es4_01
G199DA902,tt2378171,es,271,False,https://es.wikipedia.org/w/index.php?oldid=174078524,v2_es4_01
G1A0869F7,tt0981349,es,283,False,https://es.wikipedia.org/w/index.php?oldid=173467817,v2_es4_01
G1A40C64C,tt0420328,es,135,False,https://es.wikipedia.org/w/index.php?oldid=162142129,v2_es4_01
G1BE3A2AC,tt4176928,es,245,False,https://es.wikipedia.org/w/index.php?oldid=165848598,v2_es4_01
G1CAD9B32,tt2905422,es,196,False,https://es.wikipedia.org/w/index.php?oldid=159171865,v2_es4_01
G1EA2758A,tt0280999,es,592,False,https://es.wikipedia.org/w/index.php?oldid=165527485,v2_es4_01
G1FC1BCCB,tt7922238,es,699,False,https://es.wikipedia.org/w/index.php?oldid=172288381,v2_es4_01
G20DBA367,tt1188994,es,120,False,https://es.wikipedia.org/w/index.php?oldid=161357759,v2_es4_01
G235168FB,tt1839688,es,120,False,https://es.wikipedia.org/w/index.php?oldid=173345216,v2_es4_01
G23C55F6C,tt7605702,es,120,False,https://es.wikipedia.org/w/index.php?oldid=162278384,v2_es4_01
G24CA38E5,tt0428532,es,128,False,https://es.wikipedia.org/w/index.php?oldid=161734789,v2_es4_01
G251F5DF3,tt20599230,en,555,False,https://en.wikipedia.org/w/index.php?oldid=1360102702,v2_es4_01
G25259A27,tt0409936,es,260,False,https://es.wikipedia.org/w/index.php?oldid=164786920,v2_es4_01
G25DF3AEB,tt0436385,es,374,False,https://es.wikipedia.org/w/index.php?oldid=165737601,v2_es4_01
G26820B5D,tt0406542,es,186,False,https://es.wikipedia.org/w/index.php?oldid=164011225,v2_es4_01
G293E462A,tt0446701,en,208,False,https://en.wikipedia.org/w/index.php?oldid=1357202247,v2_es4_02
G2A6FF16A,tt2460348,es,205,False,https://es.wikipedia.org/w/index.php?oldid=162260350,v2_es4_02
G2C7B0F77,tt0382097,es,427,False,https://es.wikipedia.org/w/index.php?oldid=167249075,v2_es4_02
G2D3DC481,tt5187886,en,483,False,https://en.wikipedia.org/w/index.php?oldid=1341403816,v2_es4_02
G2D9D192F,tt5162658,en,553,False,https://en.wikipedia.org/w/index.php?oldid=1365876845,v2_es4_02
G2E2920C7,tt1331294,en,644,False,https://en.wikipedia.org/w/index.php?oldid=1341403362,v2_es4_02
G2E65A6AD,tt10940736,es,525,False,https://es.wikipedia.org/w/index.php?oldid=169767167,v2_es4_02
G2F3C36CE,tt16347374,es,2721,True,https://es.wikipedia.org/w/index.php?oldid=175075434,v2_es4_02
G329B74B8,tt5674842,es,282,False,https://es.wikipedia.org/w/index.php?oldid=174705692,v2_es4_02
G3479075D,tt13241688,es,271,False,https://es.wikipedia.org/w/index.php?oldid=174547945,v2_es4_02
G359A5583,tt0342913,en,213,False,https://en.wikipedia.org/w/index.php?oldid=1367567717,v2_es4_02
G388D5AEA,tt1650555,en,680,False,https://en.wikipedia.org/w/index.php?oldid=1341407392,v2_es4_02
G3F8E991E,tt6597612,es,120,False,https://es.wikipedia.org/w/index.php?oldid=138636156,v2_es4_02
G4079FC96,tt8806768,es,134,False,https://es.wikipedia.org/w/index.php?oldid=171102578,v2_es4_02
G42540FBC,tt2125514,es,173,False,https://es.wikipedia.org/w/index.php?oldid=157183691,v2_es4_02
G43BB0790,tt1735945,en,143,False,https://en.wikipedia.org/w/index.php?oldid=1329759989,v2_es4_02
G46C09301,tt1845846,es,141,False,https://es.wikipedia.org/w/index.php?oldid=172255682,v2_es4_02
G46DE39CA,tt6197484,es,322,False,https://es.wikipedia.org/w/index.php?oldid=173357446,v2_es4_02
G4C00201A,tt7398584,es,192,False,https://es.wikipedia.org/w/index.php?oldid=162186604,v2_es4_02
G4C0E0882,tt13479592,en,122,False,https://en.wikipedia.org/w/index.php?oldid=1341400595,v2_es4_02
G4C9D909E,tt1666742,es,142,False,https://es.wikipedia.org/w/index.php?oldid=172899566,v2_es4_02
G4D6487A8,tt1138437,es,150,False,https://es.wikipedia.org/w/index.php?oldid=162141052,v2_es4_02
G4F7A727B,tt1186357,es,131,False,https://es.wikipedia.org/w/index.php?oldid=167896800,v2_es4_02
G504EF64A,tt0283123,es,293,False,https://es.wikipedia.org/w/index.php?oldid=173200556,v2_es4_02
G525CD91D,tt0309821,es,207,False,https://es.wikipedia.org/w/index.php?oldid=162205229,v2_es4_02
G53A0488C,tt4699534,es,139,False,https://es.wikipedia.org/w/index.php?oldid=175031522,v2_es4_02
G54196D87,tt0435517,es,124,False,https://es.wikipedia.org/w/index.php?oldid=171072608,v2_es4_02
G550DB661,tt4194974,en,352,False,https://en.wikipedia.org/w/index.php?oldid=1339971638,v2_es4_02
G55AA7AF3,tt2390426,es,127,False,https://es.wikipedia.org/w/index.php?oldid=168273979,v2_es4_03
G58C302B4,tt7666250,es,146,False,https://es.wikipedia.org/w/index.php?oldid=167544035,v2_es4_03
G5A7E475C,tt7132578,es,179,False,https://es.wikipedia.org/w/index.php?oldid=174236009,v2_es4_03
G5D81EDE7,tt0383862,es,131,False,https://es.wikipedia.org/w/index.php?oldid=174440243,v2_es4_03
G5FE3EB73,tt2393440,en,383,False,https://en.wikipedia.org/w/index.php?oldid=1341404392,v2_es4_03
G6200A065,tt0438042,es,185,False,https://es.wikipedia.org/w/index.php?oldid=174495914,v2_es4_03
G63B0CF27,tt0434086,es,135,False,https://es.wikipedia.org/w/index.php?oldid=163355121,v2_es4_03
G63C8E230,tt4991676,en,284,False,https://en.wikipedia.org/w/index.php?oldid=1353916018,v2_es4_03
G68EC1180,tt8343886,es,261,False,https://es.wikipedia.org/w/index.php?oldid=164360999,v2_es4_03
G691DAE9F,tt2403419,en,621,False,https://en.wikipedia.org/w/index.php?oldid=1341404292,v2_es4_03
G6C90142E,tt3194474,es,142,False,https://es.wikipedia.org/w/index.php?oldid=174636510,v2_es4_03
G6E54FCD5,tt7679126,es,128,False,https://es.wikipedia.org/w/index.php?oldid=172746428,v2_es4_03
G6E6F6B51,tt0778596,es,125,False,https://es.wikipedia.org/w/index.php?oldid=162141121,v2_es4_03
G6F8A5AC0,tt0479221,es,411,False,https://es.wikipedia.org/w/index.php?oldid=173818826,v2_es4_03
G6F94A1F2,tt2458586,es,161,False,https://es.wikipedia.org/w/index.php?oldid=167623631,v2_es4_03
G702D9192,tt9028522,es,453,False,https://es.wikipedia.org/w/index.php?oldid=174923463,v2_es4_03
G70C77A3B,tt0807006,es,485,False,https://es.wikipedia.org/w/index.php?oldid=172713543,v2_es4_03
G71C4F076,tt0497411,es,163,False,https://es.wikipedia.org/w/index.php?oldid=174181776,v2_es4_03
G724A2F4F,tt0906752,es,431,False,https://es.wikipedia.org/w/index.php?oldid=172047476,v2_es4_03
G782D116B,tt0416214,es,123,False,https://es.wikipedia.org/w/index.php?oldid=162180040,v2_es4_03
G790B4D89,tt1760980,en,642,False,https://en.wikipedia.org/w/index.php?oldid=1371496728,v2_es4_03
G79217F0D,tt1760958,es,242,False,https://es.wikipedia.org/w/index.php?oldid=174455334,v2_es4_03
G7A42D543,tt8586448,es,330,False,https://es.wikipedia.org/w/index.php?oldid=173437534,v2_es4_03
G7A983EAD,tt1176942,en,223,False,https://en.wikipedia.org/w/index.php?oldid=1331883690,v2_es4_03
G7BA3B252,tt0484828,es,334,False,https://es.wikipedia.org/w/index.php?oldid=173023071,v2_es4_03
G7C87DBDB,tt18393816,es,1779,True,https://es.wikipedia.org/w/index.php?oldid=174376777,v2_es4_03
G7D1E2FA9,tt0480680,es,137,False,https://es.wikipedia.org/w/index.php?oldid=162425326,v2_es4_03
G80BB9558,tt14935038,es,135,False,https://es.wikipedia.org/w/index.php?oldid=168552681,v2_es4_03
G81BD971C,tt0470692,es,174,False,https://es.wikipedia.org/w/index.php?oldid=163704324,v2_es4_04
G827CDC74,tt0458076,en,178,False,https://en.wikipedia.org/w/index.php?oldid=1372438159,v2_es4_04
G8396CC86,tt0380281,es,155,False,https://es.wikipedia.org/w/index.php?oldid=169016051,v2_es4_04
G83CA6C82,tt14104600,es,129,False,https://es.wikipedia.org/w/index.php?oldid=163131143,v2_es4_04
G85013279,tt4110400,es,1066,False,https://es.wikipedia.org/w/index.php?oldid=174327746,v2_es4_04
G85928195,tt7806430,es,217,False,https://es.wikipedia.org/w/index.php?oldid=174286411,v2_es4_04
G89A41E2D,tt5433520,en,134,False,https://en.wikipedia.org/w/index.php?oldid=1341404461,v2_es4_04
G8A4544CB,tt1714834,es,160,False,https://es.wikipedia.org/w/index.php?oldid=173174599,v2_es4_04
G8CF8F334,tt0433817,es,447,False,https://es.wikipedia.org/w/index.php?oldid=162407440,v2_es4_04
G8F4954DD,tt1576458,es,220,False,https://es.wikipedia.org/w/index.php?oldid=174547835,v2_es4_04
G907B2F64,tt1477171,en,127,False,https://en.wikipedia.org/w/index.php?oldid=1357012233,v2_es4_04
G92BFEF9C,tt0468045,es,215,False,https://es.wikipedia.org/w/index.php?oldid=165529533,v2_es4_04
G937CD3E3,tt0476240,es,125,False,https://es.wikipedia.org/w/index.php?oldid=157187633,v2_es4_04
G94B19A20,tt3952900,es,121,False,https://es.wikipedia.org/w/index.php?oldid=171616027,v2_es4_04
G9615D19F,tt6708044,es,153,False,https://es.wikipedia.org/w/index.php?oldid=169584015,v2_es4_04
G966B0943,tt6347150,en,1046,False,https://en.wikipedia.org/w/index.php?oldid=1341412626,v2_es4_04
G981AF71D,tt0475659,es,125,False,https://es.wikipedia.org/w/index.php?oldid=162229257,v2_es4_04
G98E629AA,tt0426190,es,232,False,https://es.wikipedia.org/w/index.php?oldid=165048578,v2_es4_04
G995A839B,tt0281954,es,153,False,https://es.wikipedia.org/w/index.php?oldid=165372908,v2_es4_04
G99A709EE,tt12831788,es,137,False,https://es.wikipedia.org/w/index.php?oldid=156775430,v2_es4_04
G99AE761F,tt0335156,es,159,False,https://es.wikipedia.org/w/index.php?oldid=171934352,v2_es4_04
G9A621FAF,tt3879176,es,209,False,https://es.wikipedia.org/w/index.php?oldid=171721613,v2_es4_04
G9BA455AA,tt0416730,es,173,False,https://es.wikipedia.org/w/index.php?oldid=160506350,v2_es4_04
G9CFEE1FD,tt7575440,es,136,False,https://es.wikipedia.org/w/index.php?oldid=162229245,v2_es4_04
G9E143EBB,tt12748562,en,621,False,https://en.wikipedia.org/w/index.php?oldid=1359646055,v2_es4_04
G9F8DBB3D,tt0373692,es,150,False,https://es.wikipedia.org/w/index.php?oldid=163580227,v2_es4_04
GA02E8B42,tt7336470,es,653,False,https://es.wikipedia.org/w/index.php?oldid=171009379,v2_es4_04
GA22E3C4F,tt1309472,es,289,False,https://es.wikipedia.org/w/index.php?oldid=174181785,v2_es4_04
GA2306106,tt0495219,es,346,False,https://es.wikipedia.org/w/index.php?oldid=162408452,v2_es4_05
GA28AA2AA,tt8489152,es,333,False,https://es.wikipedia.org/w/index.php?oldid=173674287,v2_es4_05
GA4C3FF1B,tt4679438,es,171,False,https://es.wikipedia.org/w/index.php?oldid=174798394,v2_es4_05
GA66115A4,tt7997966,en,346,False,https://en.wikipedia.org/w/index.php?oldid=1347217556,v2_es4_05
GA6ADA519,tt1429433,es,148,False,https://es.wikipedia.org/w/index.php?oldid=171010912,v2_es4_05
GA6BBB0DA,tt3810810,en,130,False,https://en.wikipedia.org/w/index.php?oldid=1364424262,v2_es4_05
GA7D9D2A6,tt4034208,es,908,False,https://es.wikipedia.org/w/index.php?oldid=173451438,v2_es4_05
GA94376DE,tt8537984,es,134,False,https://es.wikipedia.org/w/index.php?oldid=164554147,v2_es4_05
GAFE52CB0,tt0367193,es,124,False,https://es.wikipedia.org/w/index.php?oldid=173592333,v2_es4_05
GB0A365E0,tt0416492,es,195,False,https://es.wikipedia.org/w/index.php?oldid=163586867,v2_es4_05
GB3615A62,tt1986825,es,137,False,https://es.wikipedia.org/w/index.php?oldid=162200899,v2_es4_05
GB443436C,tt0356446,en,191,False,https://en.wikipedia.org/w/index.php?oldid=1360999575,v2_es4_05
GB59C13B6,tt0442353,es,154,False,https://es.wikipedia.org/w/index.php?oldid=171277909,v2_es4_05
GBB68EF58,tt1629747,en,213,False,https://en.wikipedia.org/w/index.php?oldid=1360175646,v2_es4_05
GBB94019C,tt1727787,es,466,False,https://es.wikipedia.org/w/index.php?oldid=162179208,v2_es4_05
GBC7A7E1F,tt4105584,en,564,False,https://en.wikipedia.org/w/index.php?oldid=1364225360,v2_es4_05
GC10AFC95,tt5991974,es,173,False,https://es.wikipedia.org/w/index.php?oldid=174547295,v2_es4_05
GC201553B,tt3530456,es,229,False,https://es.wikipedia.org/w/index.php?oldid=171563136,v2_es4_05
GC2822A73,tt5991410,es,184,False,https://es.wikipedia.org/w/index.php?oldid=173887657,v2_es4_05
GC2ACFD97,tt0286971,es,140,False,https://es.wikipedia.org/w/index.php?oldid=170722712,v2_es4_05
GC7AB0B56,tt27432494,es,127,False,https://es.wikipedia.org/w/index.php?oldid=167073478,v2_es4_05
GD0D95353,tt1801804,es,619,False,https://es.wikipedia.org/w/index.php?oldid=163088400,v2_es4_05
GD0F4C4C0,tt5991948,en,390,False,https://en.wikipedia.org/w/index.php?oldid=1358662985,v2_es4_05
GD24CDCD5,tt1010415,en,627,False,https://en.wikipedia.org/w/index.php?oldid=1341424020,v2_es4_05
GD3666B75,tt0425758,es,314,False,https://es.wikipedia.org/w/index.php?oldid=172118973,v2_es4_05
GD5423BA9,tt5981304,es,175,False,https://es.wikipedia.org/w/index.php?oldid=174823817,v2_es4_05
GD5EFF86E,tt4806012,es,152,False,https://es.wikipedia.org/w/index.php?oldid=174157403,v2_es4_05
GD5F3E45A,tt0395296,es,601,False,https://es.wikipedia.org/w/index.php?oldid=164383711,v2_es4_05
GD6438860,tt3789946,en,449,False,https://en.wikipedia.org/w/index.php?oldid=1358669446,v2_es4_06
GD649A701,tt0292466,es,169,False,https://es.wikipedia.org/w/index.php?oldid=168291344,v2_es4_06
GD973AF82,tt1710627,es,201,False,https://es.wikipedia.org/w/index.php?oldid=163053509,v2_es4_06
GE2B7A8E8,tt0448404,es,264,False,https://es.wikipedia.org/w/index.php?oldid=166141837,v2_es4_06
GE3C4F4ED,tt2243469,en,368,False,https://en.wikipedia.org/w/index.php?oldid=1358669691,v2_es4_06
GE475AC13,tt2171761,es,145,False,https://es.wikipedia.org/w/index.php?oldid=131231882,v2_es4_06
GE4CA54CE,tt1779826,es,153,False,https://es.wikipedia.org/w/index.php?oldid=174800958,v2_es4_06
GE7B5014E,tt8092586,es,127,False,https://es.wikipedia.org/w/index.php?oldid=171806849,v2_es4_06
GE968D8A3,tt5304874,es,133,False,https://es.wikipedia.org/w/index.php?oldid=172513755,v2_es4_06
GEAB64652,tt9843470,es,169,False,https://es.wikipedia.org/w/index.php?oldid=174879088,v2_es4_06
GEC87414D,tt5456104,es,338,False,https://es.wikipedia.org/w/index.php?oldid=162141992,v2_es4_06
GEE63FA11,tt0300016,en,257,False,https://en.wikipedia.org/w/index.php?oldid=1370835395,v2_es4_06
GEEE6AD30,tt0208997,es,624,False,https://es.wikipedia.org/w/index.php?oldid=174482856,v2_es4_06
GEFC18A86,tt0351278,es,140,False,https://es.wikipedia.org/w/index.php?oldid=171586413,v2_es4_06
GF447E896,tt8620646,en,516,False,https://en.wikipedia.org/w/index.php?oldid=1340344460,v2_es4_06
GF5BC1BC0,tt4208506,es,139,False,https://es.wikipedia.org/w/index.php?oldid=161554794,v2_es4_06
GF6EF4F88,tt0277578,es,167,False,https://es.wikipedia.org/w/index.php?oldid=173056019,v2_es4_06
GF701D791,tt2062559,es,224,False,https://es.wikipedia.org/w/index.php?oldid=164668386,v2_es4_06
GF8D99E28,tt0820094,es,122,False,https://es.wikipedia.org/w/index.php?oldid=170936315,v2_es4_06
GFC0E8B02,tt6580972,es,487,False,https://es.wikipedia.org/w/index.php?oldid=165529932,v2_es4_06
GFC45A3E3,tt14766636,en,332,False,https://en.wikipedia.org/w/index.php?oldid=1341400292,v2_es4_06
GFEECF662,tt1534564,es,166,False,https://es.wikipedia.org/w/index.php?oldid=174875322,v2_es4_06
GFF65CD5E,tt12170898,es,166,False,https://es.wikipedia.org/w/index.php?oldid=169093459,v2_es4_06
GFFE70C06,tt0289438,es,126,False,https://es.wikipedia.org/w/index.php?oldid=168623633,v2_es4_06
