id,tconst,batch
F008D2E7E,tt0270980,v2_modb_01
F00D05E67,tt4160708,v2_modb_01
F01766181,tt0081562,v2_modb_01
F01DB687B,tt0362227,v2_modb_01
F02748BB7,tt0318627,v2_modb_01
F02993BF6,tt8633478,v2_modb_01
F0314A093,tt0113043,v2_modb_01
F032E4F8D,tt0084749,v2_modb_01
F0336CFC0,tt0114369,v2_modb_01
F03B1CBC9,tt0386588,v2_modb_01
F044CFC27,tt0328107,v2_modb_01
F04E30554,tt0095444,v2_modb_01
F04FDE101,tt0109068,v2_modb_01
F058E7330,tt0451279,v2_modb_01
F05AAF8A3,tt9603212,v2_modb_01
F05AC7FBE,tt4123432,v2_modb_01
F05CD1DCD,tt0087799,v2_modb_01
F05D0FE20,tt0780504,v2_modb_01
F05F8F768,tt3402236,v2_modb_01
F06542304,tt0108052,v2_modb_01
F065C2574,tt2713180,v2_modb_01
F06A37674,tt8045906,v2_modb_01
F06CC9DBE,tt1464540,v2_modb_01
F0722B3F9,tt0111255,v2_modb_01
F0778A499,tt0125439,v2_modb_01
F077ABB2E,tt0095159,v2_modb_01
F07985BD0,tt0110367,v2_modb_01
F07A89A4F,tt0082926,v2_modb_01
F0853E663,tt17663992,v2_modb_01
F08E6C3C9,tt0089893,v2_modb_01
F091C554F,tt0448134,v2_modb_01
F0961C13B,tt15325794,v2_modb_01
F097842A7,tt0185937,v2_modb_01
F09C0259C,tt0080549,v2_modb_01
F09CA1355,tt0120907,v2_modb_01
F0A17306D,tt0104348,v2_modb_01
F0A82D8A0,tt0082533,v2_modb_01
F0AC936BD,tt0110932,v2_modb_01
F0ADDAC03,tt0111282,v2_modb_01
F0B424160,tt1883367,v2_modb_01
F0BC515BB,tt0875034,v2_modb_01
F0BD60FEC,tt1790885,v2_modb_01
F0BDD5A64,tt0082517,v2_modb_01
F0BE4CC34,tt5020372,v2_modb_01
F0BE514D0,tt2322441,v2_modb_01
F0BFC3246,tt0387564,v2_modb_01
F0C3FCA84,tt6710474,v2_modb_01
F0C96022A,tt1719068,v2_modb_01
F0CA007BE,tt13833688,v2_modb_01
F0CD7F243,tt0080365,v2_modb_01
F0D50DF50,tt8759834,v2_modb_02
F0D6DF1FF,tt11724920,v2_modb_02
F0D90BC11,tt0479952,v2_modb_02
F0D931A3E,tt1747958,v2_modb_02
F0D9404E2,tt0093010,v2_modb_02
F0E1BDE49,tt0102070,v2_modb_02
F0E5B2786,tt5095030,v2_modb_02
F0F4660AE,tt7653254,v2_modb_02
F0F7E613A,tt1483324,v2_modb_02
F0FA87004,tt0111488,v2_modb_02
F0FB24D41,tt0091369,v2_modb_02
F0FC3A236,tt0210945,v2_modb_02
F0FE95748,tt10887902,v2_modb_02
F1056415B,tt0093605,v2_modb_02
F11451A5E,tt6264654,v2_modb_02
F11D9B3A8,tt0970935,v2_modb_02
F121E1A60,tt2120120,v2_modb_02
F124594A5,tt3704428,v2_modb_02
F124D75D6,tt0087538,v2_modb_02
F124DB514,tt1124035,v2_modb_02
F13392864,tt0163651,v2_modb_02
F1362180B,tt0093822,v2_modb_02
F139E0229,tt0080716,v2_modb_02
F1461760C,tt0093278,v2_modb_02
F1488814A,tt26546123,v2_modb_02
F151F90D3,tt0160862,v2_modb_02
F1520F10B,tt0091886,v2_modb_02
F15B9DBEF,tt0101516,v2_modb_02
F1616AC0D,tt13560574,v2_modb_02
F167BDAE6,tt3416828,v2_modb_02
F171EE9C0,tt1272878,v2_modb_02
F1746426C,tt0780536,v2_modb_02
F177F79A6,tt9032400,v2_modb_02
F1922290B,tt2236160,v2_modb_02
F19291F07,tt0080661,v2_modb_02
F199DC385,tt0217505,v2_modb_02
F19B31D8C,tt0265086,v2_modb_02
F19B68564,tt0102798,v2_modb_02
F1AC94ADA,tt14537248,v2_modb_02
F1AF0715F,tt0100935,v2_modb_02
F1AF20FA0,tt0221027,v2_modb_02
F1B37880A,tt1706620,v2_modb_02
F1B53824F,tt0448157,v2_modb_02
F1B87051E,tt0316654,v2_modb_02
F1BAE0B19,tt7126948,v2_modb_02
F1CA17939,tt0452623,v2_modb_02
F1CB5DE1B,tt1401152,v2_modb_02
F1CC81C95,tt1291150,v2_modb_02
F1D01F32A,tt0081414,v2_modb_02
F1D0357A9,tt1245526,v2_modb_02
F1D32E529,tt15153532,v2_modb_03
F1D59E4AA,tt1906329,v2_modb_03
F1D7591C9,tt0082817,v2_modb_03
F1D838092,tt4244994,v2_modb_03
F1E63063A,tt16419074,v2_modb_03
F1E776436,tt0212985,v2_modb_03
F1EF4E9D3,tt0082242,v2_modb_03
F1F30EECD,tt0089670,v2_modb_03
F1F9D09BB,tt0118689,v2_modb_03
F200E82C6,tt0337741,v2_modb_03
F202D2FA1,tt0087262,v2_modb_03
F205C774D,tt0082846,v2_modb_03
F20A30B96,tt1325004,v2_modb_03
F20BD2F7F,tt5034838,v2_modb_03
F20DB993C,tt7713068,v2_modb_03
F213CD3C5,tt0085780,v2_modb_03
F21A56BBA,tt8580274,v2_modb_03
F21BABBFA,tt0343660,v2_modb_03
F21F1EF37,tt0132477,v2_modb_03
F220F548D,tt1478338,v2_modb_03
F2242B730,tt0102803,v2_modb_03
F225324B2,tt5083738,v2_modb_03
F22A75930,tt0098282,v2_modb_03
F22EC8383,tt2267998,v2_modb_03
F22FBE41F,tt0096969,v2_modb_03
F2350072A,tt0118607,v2_modb_03
F23A44913,tt1490017,v2_modb_03
F23B0A707,tt1830643,v2_modb_03
F240C7E45,tt3401882,v2_modb_03
F24A82EB1,tt0083722,v2_modb_03
F24CCF339,tt7510346,v2_modb_03
F24E23A62,tt0102614,v2_modb_03
F2509C718,tt20215234,v2_modb_03
F2522FD2F,tt0086216,v2_modb_03
F253BFF88,tt0096487,v2_modb_03
F254CF2BC,tt7784604,v2_modb_03
F255EAC0A,tt0119488,v2_modb_03
F256020AE,tt0758752,v2_modb_03
F25FE158F,tt1045658,v2_modb_03
F25FF5025,tt0082495,v2_modb_03
F2618A378,tt0093300,v2_modb_03
F264B6CB7,tt0120481,v2_modb_03
F264D9E6E,tt10655524,v2_modb_03
F26657FFF,tt8772262,v2_modb_03
F26A90560,tt0091225,v2_modb_03
F26D23536,tt0085276,v2_modb_03
F271D1EA0,tt1189340,v2_modb_03
F273A2912,tt2935510,v2_modb_03
F275C25F5,tt0128853,v2_modb_03
F27620257,tt0082001,v2_modb_03
F289F0A6B,tt0119978,v2_modb_04
F28FF3E89,tt1727388,v2_modb_04
F29393475,tt9731534,v2_modb_04
F29935CB9,tt0117438,v2_modb_04
F29B9AFD2,tt9098454,v2_modb_04
F2A1B6CC2,tt22022452,v2_modb_04
F2A40F282,tt7846844,v2_modb_04
F2A4DC837,tt5685006,v2_modb_04
F2A8A1238,tt0120611,v2_modb_04
F2A8F1ACD,tt0084652,v2_modb_04
F2A985F10,tt0375063,v2_modb_04
F2B28EB27,tt1355683,v2_modb_04
F2BAFCC3A,tt0109635,v2_modb_04
F2BDA0999,tt17542540,v2_modb_04
F2C4459A7,tt0486822,v2_modb_04
F2CE21C96,tt0084899,v2_modb_04
F2D059EAC,tt0176269,v2_modb_04
F2D1D3253,tt3315342,v2_modb_04
F2D723B18,tt0084522,v2_modb_04
F2DD719AE,tt7657566,v2_modb_04
F2E43D114,tt1136617,v2_modb_04
F2E4886B7,tt0283111,v2_modb_04
F2E829549,tt0826756,v2_modb_04
F2E9164AF,tt0098439,v2_modb_04
F2EAAEB46,tt1877830,v2_modb_04
F2F16747B,tt0896872,v2_modb_04
F2F6096AF,tt1390398,v2_modb_04
F2F668306,tt0094884,v2_modb_04
F2F753387,tt0128442,v2_modb_04
F2F877B95,tt9784798,v2_modb_04
F300785C8,tt0089767,v2_modb_04
F30B13B2C,tt0105151,v2_modb_04
F30B476BB,tt0120623,v2_modb_04
F3105F6CE,tt0293662,v2_modb_04
F31854B60,tt0085811,v2_modb_04
F3228392B,tt0112579,v2_modb_04
F326658EC,tt9365800,v2_modb_04
F3301096E,tt0365480,v2_modb_04
F339F3915,tt0085407,v2_modb_04
F33CD00CF,tt1114677,v2_modb_04
F34BD266B,tt0108525,v2_modb_04
F34F908FD,tt0139668,v2_modb_04
F35828086,tt0120102,v2_modb_04
F36439BBD,tt12003946,v2_modb_04
F369687D6,tt0120188,v2_modb_04
F36C0A535,tt0106387,v2_modb_04
F36DE4EA5,tt1262426,v2_modb_04
F378D2F65,tt0094963,v2_modb_04
F3811B367,tt0455944,v2_modb_04
F38186D87,tt0358082,v2_modb_04
F3883E90E,tt0381849,v2_modb_05
F38CB31C8,tt0892769,v2_modb_05
F38E2186F,tt0080736,v2_modb_05
F38E56A28,tt0120789,v2_modb_05
F38FFA089,tt11286314,v2_modb_05
F391DC13C,tt0094889,v2_modb_05
F39AEA404,tt1424381,v2_modb_05
F39C29AA2,tt0096787,v2_modb_05
F3A4E31B1,tt0094947,v2_modb_05
F3A549CD5,tt0399146,v2_modb_05
F3ACD548A,tt2119532,v2_modb_05
F3B6478FC,tt0296572,v2_modb_05
F3B856739,tt0087781,v2_modb_05
F3B8C4420,tt0120531,v2_modb_05
F3BF7A5A4,tt0119051,v2_modb_05
F3C0C70CA,tt3799694,v2_modb_05
F3C392075,tt0974015,v2_modb_05
F3C61F151,tt0105477,v2_modb_05
F3C91AD70,tt0099422,v2_modb_05
F3C945BCE,tt3896198,v2_modb_05
F3CB2C4C2,tt9686708,v2_modb_05
F3CC332AD,tt3864060,v2_modb_05
F3CEA39EE,tt0095687,v2_modb_05
F3CF17D90,tt0417148,v2_modb_05
F3D8C51E0,tt0105417,v2_modb_05
F3DA7486C,tt0086491,v2_modb_05
F3E562D31,tt3824648,v2_modb_05
F3E699E68,tt1650554,v2_modb_05
F3ED0F997,tt0104714,v2_modb_05
F3F03E1BA,tt0088172,v2_modb_05
F3F061146,tt0094898,v2_modb_05
F3F073945,tt1170358,v2_modb_05
F3F827EA0,tt17526714,v2_modb_05
F3FCD5CEF,tt0100502,v2_modb_05
F3FFAE920,tt0084335,v2_modb_05
F403DBA6F,tt0241303,v2_modb_05
F40493CE0,tt0105631,v2_modb_05
F4098E850,tt0399201,v2_modb_05
F41500DCF,tt0358294,v2_modb_05
F4157FDED,tt0443543,v2_modb_05
F41C88F64,tt0081376,v2_modb_05
F41EF7FD5,tt0087747,v2_modb_05
F41F8A016,tt0118884,v2_modb_05
F4225C2AA,tt2256055,v2_modb_05
F42ADA51E,tt0114609,v2_modb_05
F42E27160,tt0119664,v2_modb_05
F438C1A0A,tt0084865,v2_modb_05
F43944937,tt11564570,v2_modb_05
F440C77CA,tt1632708,v2_modb_05
F44333B44,tt21276958,v2_modb_05
F44C2883F,tt0104691,v2_modb_06
F44D228FD,tt0130121,v2_modb_06
F44E938EA,tt2848292,v2_modb_06
F455CBF80,tt0184907,v2_modb_06
F456F1694,tt3104988,v2_modb_06
F457065D5,tt5109280,v2_modb_06
F458A1532,tt0106220,v2_modb_06
F459204F4,tt1606378,v2_modb_06
F45EDF118,tt1599348,v2_modb_06
F45F65D83,tt1137999,v2_modb_06
F46022CA5,tt1964418,v2_modb_06
F4673B338,tt0120681,v2_modb_06
F46EC7809,tt0087385,v2_modb_06
F47156EA5,tt1355644,v2_modb_06
F473AC834,tt1396484,v2_modb_06
F4786C757,tt17024450,v2_modb_06
F47DBDBC9,tt1630029,v2_modb_06
F48509B04,tt0096978,v2_modb_06
F487DD551,tt0453467,v2_modb_06
F4A0D0A9E,tt7405458,v2_modb_06
F4A1B731E,tt0404032,v2_modb_06
F4A3C8BEC,tt0360016,v2_modb_06
F4A542915,tt0112817,v2_modb_06
F4A884D03,tt0091828,v2_modb_06
F4A9A78D3,tt0918927,v2_modb_06
F4B1D77F0,tt5177120,v2_modb_06
F4B4B03D4,tt0084745,v2_modb_06
F4B8BCCA3,tt0398808,v2_modb_06
F4BC78CC9,tt14230458,v2_modb_06
F4C46CC66,tt15218000,v2_modb_06
F4D8E026C,tt0102388,v2_modb_06
F4DCA3FB3,tt1111422,v2_modb_06
F4DE847E8,tt0312700,v2_modb_06
F4E04B552,tt2511190,v2_modb_06
F4E3AF68E,tt0083131,v2_modb_06
F4E5058BF,tt9764362,v2_modb_06
F4E6BC328,tt0092812,v2_modb_06
F4F6D1467,tt7349662,v2_modb_06
F4FAF3CB0,tt12851396,v2_modb_06
F4FFB25B4,tt0203009,v2_modb_06
F50718739,tt22375054,v2_modb_06
F50AC0C58,tt0207201,v2_modb_06
F50BE78AA,tt0098627,v2_modb_06
F50DD7BEB,tt0424345,v2_modb_06
F50E0B9C8,tt1323594,v2_modb_06
F50FB2B34,tt0209958,v2_modb_06
F5106306E,tt18559464,v2_modb_06
F518684BE,tt0119643,v2_modb_06
F51962F3A,tt0137799,v2_modb_06
F525A5911,tt3741700,v2_modb_06
F5267D84C,tt2283362,v2_modb_07
F52A1D10E,tt11272898,v2_modb_07
F52C067F0,tt11083552,v2_modb_07
F5307A097,tt0162222,v2_modb_07
F53326582,tt21064584,v2_modb_07
F533D213C,tt1318514,v2_modb_07
F53DF9202,tt1057500,v2_modb_07
F53F36D74,tt0085615,v2_modb_07
F53FE17BD,tt5013056,v2_modb_07
F549C3EF6,tt3369806,v2_modb_07
F5514997F,tt0498380,v2_modb_07
F551EFF28,tt4566758,v2_modb_07
F55A8A4F1,tt5090568,v2_modb_07
F55CBC5B1,tt0084434,v2_modb_07
F5611E447,tt0454792,v2_modb_07
F5620916E,tt0356910,v2_modb_07
F56769CC2,tt0106500,v2_modb_07
F571B7444,tt0234215,v2_modb_07
F57456CEC,tt0101921,v2_modb_07
F574CEB3F,tt0325703,v2_modb_07
F576988C1,tt6856242,v2_modb_07
F576C7E49,tt11233960,v2_modb_07
F57BB8AB3,tt0101540,v2_modb_07
F57BBD243,tt7984734,v2_modb_07
F57BECAB3,tt6475714,v2_modb_07
F57C63C8C,tt8009428,v2_modb_07
F57DAEF0A,tt0093260,v2_modb_07
F58316B5A,tt0112950,v2_modb_07
F587DA08A,tt5783956,v2_modb_07
F58802F5A,tt0311429,v2_modb_07
F58B7D164,tt0308506,v2_modb_07
F58CC92AA,tt1488606,v2_modb_07
F58EBB4EC,tt0278504,v2_modb_07
F591E26F2,tt5701718,v2_modb_07
F593BCC18,tt6155172,v2_modb_07
F59A94EE5,tt0137523,v2_modb_07
F59B7C25A,tt0089370,v2_modb_07
F59D6E8BB,tt0088933,v2_modb_07
F59F524FE,tt0360486,v2_modb_07
F59FEB9BF,tt4876134,v2_modb_07
F5A35618E,tt6133444,v2_modb_07
F5AE34B64,tt0454841,v2_modb_07
F5B1E599D,tt11057302,v2_modb_07
F5BA2518E,tt0217869,v2_modb_07
F5BC1B202,tt0327084,v2_modb_07
F5BC3A3EC,tt0756683,v2_modb_07
F5C16583C,tt1043844,v2_modb_07
F5C6A59EF,tt0472043,v2_modb_07
F5C6ADAE7,tt4873118,v2_modb_07
F5DBBF9BA,tt0081375,v2_modb_07
F5DF56C63,tt8332922,v2_modb_08
F5E0E2B0A,tt0481369,v2_modb_08
F5E16ADB3,tt0110657,v2_modb_08
F5E8645CC,tt11315808,v2_modb_08
F5E97FD12,tt4123430,v2_modb_08
F5F23A790,tt0304669,v2_modb_08
F5F5703B1,tt1403865,v2_modb_08
F5F9ADC1A,tt0080678,v2_modb_08
F5FF23E54,tt0084234,v2_modb_08
F601CE473,tt0095031,v2_modb_08
F603F9D41,tt0240772,v2_modb_08
F6040CC9F,tt0138703,v2_modb_08
F609859BD,tt9243804,v2_modb_08
F61B1900D,tt1454029,v2_modb_08
F61BC66D2,tt0397892,v2_modb_08
F61E3B1F2,tt0105665,v2_modb_08
F6217C353,tt0116287,v2_modb_08
F6294C9E4,tt0109520,v2_modb_08
F62961003,tt0129387,v2_modb_08
F62B47E09,tt0180093,v2_modb_08
F62B9C85E,tt0107120,v2_modb_08
F62E8A500,tt0114798,v2_modb_08
F62F5DCD1,tt0120177,v2_modb_08
F62FB562A,tt7959500,v2_modb_08
F62FDFFB0,tt12263384,v2_modb_08
F631B26BA,tt4682266,v2_modb_08
F634A93C3,tt0106536,v2_modb_08
F63971E8E,tt0266987,v2_modb_08
F63F2592F,tt0379725,v2_modb_08
F63FC1DB3,tt0848228,v2_modb_08
F653C1C10,tt0087928,v2_modb_08
F65A88246,tt0116126,v2_modb_08
F65BB1E74,tt0087589,v2_modb_08
F65F53429,tt15398776,v2_modb_08
F660E8F04,tt0082934,v2_modb_08
F660F9490,tt0111280,v2_modb_08
F6635C09A,tt0101912,v2_modb_08
F665ABA6A,tt0081554,v2_modb_08
F66BF64CC,tt14998742,v2_modb_08
F66CD9A5D,tt1193138,v2_modb_08
F670656A0,tt0112602,v2_modb_08
F6712CB2C,tt0124819,v2_modb_08
F6717BA8D,tt8999762,v2_modb_08
F67509671,tt1050001,v2_modb_08
F6776AEB2,tt1289401,v2_modb_08
F67860712,tt0119214,v2_modb_08
F67EF07EB,tt7556122,v2_modb_08
F694E2391,tt0094070,v2_modb_08
F69531046,tt0256415,v2_modb_08
F6961D20E,tt0437086,v2_modb_08
F6A0F7E53,tt2417712,v2_modb_09
F6A43E9CE,tt0215129,v2_modb_09
F6A883C94,tt0086014,v2_modb_09
F6ABB3E0C,tt0486655,v2_modb_09
F6AD3501B,tt9419884,v2_modb_09
F6B5F1CDE,tt3263904,v2_modb_09
F6BCAF816,tt0114924,v2_modb_09
F6C222A66,tt0104549,v2_modb_09
F6C2BC8F8,tt0088184,v2_modb_09
F6C493016,tt0091059,v2_modb_09
F6C6F4181,tt0099700,v2_modb_09
F6C8EFAB7,tt0108002,v2_modb_09
F6CA2D501,tt0114436,v2_modb_09
F6CC862D0,tt0085694,v2_modb_09
F6D35D216,tt0363771,v2_modb_09
F6DBE9750,tt0448115,v2_modb_09
F6DECB1E6,tt3481634,v2_modb_09
F6E4C7E76,tt5108870,v2_modb_09
F6E81EF70,tt0119654,v2_modb_09
F6E953FE0,tt0105112,v2_modb_09
F6EBEEED5,tt16368898,v2_modb_09
F6EFF9EFF,tt0101502,v2_modb_09
F6F02AF6E,tt0139699,v2_modb_09
F6F1D0C7F,tt0277434,v2_modb_09
F6F5D9F36,tt0298203,v2_modb_09
F6FB35A8A,tt3567288,v2_modb_09
F7050C6D5,tt0388482,v2_modb_09
F70A16E73,tt2017486,v2_modb_09
F70D5C2CA,tt5867314,v2_modb_09
F711A47B1,tt0298130,v2_modb_09
F712725A9,tt3424690,v2_modb_09
F713AB0F9,tt11245972,v2_modb_09
F715DAA72,tt11563598,v2_modb_09
F718473B8,tt8906722,v2_modb_09
F71B8A14D,tt6105098,v2_modb_09
F71BEA216,tt0460890,v2_modb_09
F71F45074,tt1212450,v2_modb_09
F7202EE76,tt0312004,v2_modb_09
F7231FB0F,tt0086508,v2_modb_09
F7241B2AC,tt0295700,v2_modb_09
F730BC28B,tt0106697,v2_modb_09
F7374FD97,tt0088851,v2_modb_09
F739182CC,tt1032755,v2_modb_09
F74EA4E9D,tt0082801,v2_modb_09
F7565564F,tt6048922,v2_modb_09
F759BB1A4,tt11252248,v2_modb_09
F75E8B85F,tt3993886,v2_modb_09
F75FEB5D4,tt0087078,v2_modb_09
F760ADFB1,tt1130884,v2_modb_09
F7614D7BF,tt0112740,v2_modb_09
F767F5094,tt0265208,v2_modb_10
F7742CBE7,tt0112818,v2_modb_10
F775C9DFD,tt0093870,v2_modb_10
F775F0C49,tt0289879,v2_modb_10
F778E1639,tt0109813,v2_modb_10
F77AD5BA4,tt10298810,v2_modb_10
F77BDFDEC,tt1077368,v2_modb_10
F77EEBE60,tt6343314,v2_modb_10
F781CE40F,tt1033575,v2_modb_10
F7834752E,tt2006721,v2_modb_10
F78358A8A,tt8521778,v2_modb_10
F7835A7FC,tt0083907,v2_modb_10
F799E2AD9,tt0097889,v2_modb_10
F79FDF504,tt0090305,v2_modb_10
F7A431155,tt2334879,v2_modb_10
F7A64D8F0,tt10539608,v2_modb_10
F7B6F61AB,tt0139654,v2_modb_10
F7B9EBB1B,tt8629748,v2_modb_10
F7BF710D2,tt0096073,v2_modb_10
F7BF80126,tt11274492,v2_modb_10
F7C184FE0,tt0342167,v2_modb_10
F7C55E654,tt0093093,v2_modb_10
F7C5844CE,tt0146316,v2_modb_10
F7C9D2B88,tt0358273,v2_modb_10
F7CB0DCF3,tt8041270,v2_modb_10
F7D35C114,tt1877832,v2_modb_10
F7D6CF9DA,tt7160372,v2_modb_10
F7D7B33F8,tt0096117,v2_modb_10
F7E391F4C,tt0104409,v2_modb_10
F7E412CC0,tt10366460,v2_modb_10
F7E6C4548,tt0113313,v2_modb_10
F7EC5376A,tt1515091,v2_modb_10
F7F181C06,tt0248667,v2_modb_10
F7F9D9C00,tt0107091,v2_modb_10
F8011C15F,tt0119097,v2_modb_10
F8048927C,tt0105698,v2_modb_10
F80DBCFD3,tt0093058,v2_modb_10
F80F59840,tt0139134,v2_modb_10
F8109F5E7,tt0444628,v2_modb_10
F8128856C,tt0315775,v2_modb_10
F81446813,tt0114069,v2_modb_10
F81A0192D,tt0328880,v2_modb_10
F81CDF71E,tt1959563,v2_modb_10
F81D146B8,tt0089560,v2_modb_10
F81EE208B,tt0892782,v2_modb_10
F81F0A346,tt0106519,v2_modb_10
F82399D98,tt0097500,v2_modb_10
F82693A2C,tt2994190,v2_modb_10
F82A7CA2B,tt0110632,v2_modb_10
F831659C2,tt0099582,v2_modb_10
F831D570B,tt0085863,v2_modb_11
F838D7CF7,tt0098575,v2_modb_11
F83E4AC39,tt0105629,v2_modb_11
F8427224A,tt0092906,v2_modb_11
F843DC6CE,tt19864802,v2_modb_11
F8440822C,tt0093560,v2_modb_11
F8466FD2C,tt1979376,v2_modb_11
F8487D086,tt1748122,v2_modb_11
F84D917BE,tt1723121,v2_modb_11
F85552FF3,tt1446714,v2_modb_11
F85AB87A2,tt0119177,v2_modb_11
F85AC938F,tt10545296,v2_modb_11
F85B2A2B8,tt0259446,v2_modb_11
F85D9383E,tt0251127,v2_modb_11
F860269B4,tt13433802,v2_modb_11
F86220090,tt0082186,v2_modb_11
F86CF5146,tt0381681,v2_modb_11
F870D2894,tt0314676,v2_modb_11
F870DABA8,tt0082766,v2_modb_11
F8716AA50,tt0138704,v2_modb_11
F8759C9D4,tt0114134,v2_modb_11
F877A0DBF,tt0266697,v2_modb_11
F887F0858,tt1677720,v2_modb_11
F888A5EF5,tt9866072,v2_modb_11
F88C25171,tt1596363,v2_modb_11
F894907E7,tt0120832,v2_modb_11
F895EF583,tt9214772,v2_modb_11
F89929453,tt0293564,v2_modb_11
F899DAE64,tt1649418,v2_modb_11
F89A4CC43,tt9362722,v2_modb_11
F89D14D6A,tt0181836,v2_modb_11
F8A8CD19F,tt0497465,v2_modb_11
F8AC41F39,tt0251160,v2_modb_11
F8AC92B32,tt0089927,v2_modb_11
F8B06079C,tt0144084,v2_modb_11
F8BADF74A,tt0088960,v2_modb_11
F8BB5EC8E,tt3731562,v2_modb_11
F8BF16506,tt2187884,v2_modb_11
F8C878DD4,tt0086250,v2_modb_11
F8CC0CC85,tt10872600,v2_modb_11
F8CC7B0CC,tt2490326,v2_modb_11
F8D1D39C1,tt0080474,v2_modb_11
F8DA08C7E,tt0115956,v2_modb_11
F8DB563F7,tt0181875,v2_modb_11
F8DE33C34,tt27489557,v2_modb_11
F8DEBFF37,tt1231587,v2_modb_11
F8E62A004,tt0198781,v2_modb_11
F8E8D343D,tt15314262,v2_modb_11
F8EDF04ED,tt0286499,v2_modb_11
F8EED7822,tt1013752,v2_modb_11
F8EF10905,tt1454468,v2_modb_12
F8F15E760,tt10151854,v2_modb_12
F8F7FBDDF,tt0097647,v2_modb_12
F8FABA74C,tt0257106,v2_modb_12
F8FD3942D,tt3811906,v2_modb_12
F8FE3BE9B,tt0082136,v2_modb_12
F9021DB79,tt0093936,v2_modb_12
F902572BC,tt0115963,v2_modb_12
F9038695B,tt0099052,v2_modb_12
F9083D7FD,tt6263850,v2_modb_12
F90979C54,tt2473682,v2_modb_12
F913BD445,tt0118749,v2_modb_12
F915B856A,tt0088272,v2_modb_12
F91A971B1,tt0085542,v2_modb_12
F9227B980,tt0099810,v2_modb_12
F933B19B9,tt1148204,v2_modb_12
F9343EE10,tt0238380,v2_modb_12
F93AE5D9D,tt11214590,v2_modb_12
F94449631,tt2283336,v2_modb_12
F950A4EBD,tt0364045,v2_modb_12
F95B99325,tt0242423,v2_modb_12
F95DC8445,tt1385826,v2_modb_12
F964222CA,tt7991608,v2_modb_12
F96424703,tt15474916,v2_modb_12
F9670F103,tt0440963,v2_modb_12
F96FAEC57,tt0120647,v2_modb_12
F97316306,tt0978764,v2_modb_12
F9741AD66,tt0454987,v2_modb_12
F9774139A,tt0086927,v2_modb_12
F9784AD4A,tt1951261,v2_modb_12
F97B1D96B,tt0082031,v2_modb_12
F9801D59E,tt0104952,v2_modb_12
F987A9A2E,tt0093773,v2_modb_12
F987D5441,tt1684562,v2_modb_12
F98DD32ED,tt0104257,v2_modb_12
F99074777,tt0372784,v2_modb_12
F99158C12,tt13452446,v2_modb_12
F99928296,tt0407304,v2_modb_12
F99A2E6E8,tt8721424,v2_modb_12
F99BCA534,tt0113189,v2_modb_12
F99BEA0FA,tt2382320,v2_modb_12
F99CE02A7,tt9218128,v2_modb_12
F99D9DED3,tt4996328,v2_modb_12
F9A3250D4,tt1074638,v2_modb_12
F9A3CDFAC,tt2948372,v2_modb_12
F9A5F8B85,tt0408306,v2_modb_12
F9B04A584,tt0115530,v2_modb_12
F9B0F7AC6,tt0119052,v2_modb_12
F9B3A8D53,tt1028532,v2_modb_12
F9B6C73D1,tt0401729,v2_modb_12
F9B708F6D,tt0195685,v2_modb_13
F9BAB60FC,tt4701182,v2_modb_13
F9BC37761,tt0088286,v2_modb_13
F9BF8C2D7,tt3110958,v2_modb_13
F9C15BCA2,tt32331377,v2_modb_13
F9C3C2CAB,tt0098261,v2_modb_13
F9C760985,tt0113277,v2_modb_13
F9C87EE4B,tt6791350,v2_modb_13
F9CFF9B4A,tt5774060,v2_modb_13
F9D13AC68,tt0117802,v2_modb_13
F9D348AD7,tt0088011,v2_modb_13
F9D8C58E5,tt1636826,v2_modb_13
F9D9AD7DF,tt0101393,v2_modb_13
F9DC7F5E8,tt0112401,v2_modb_13
F9DD30D25,tt0112431,v2_modb_13
F9DECE69D,tt0317648,v2_modb_13
F9E04C578,tt21275544,v2_modb_13
F9E0521DC,tt14128670,v2_modb_13
F9E082D7E,tt0090021,v2_modb_13
F9E2218A2,tt2511428,v2_modb_13
F9E75CC46,tt0844471,v2_modb_13
F9EFB3C73,tt2049403,v2_modb_13
F9F0DD745,tt6294822,v2_modb_13
F9F599A5A,tt15939198,v2_modb_13
FA0691156,tt0120784,v2_modb_13
FA07ECF6A,tt0454921,v2_modb_13
FA08797A0,tt0104291,v2_modb_13
FA0C2E943,tt2293640,v2_modb_13
FA11E6339,tt0088993,v2_modb_13
FA17B4E69,tt0268978,v2_modb_13
FA2AA2512,tt0117381,v2_modb_13
FA2B35C16,tt0120762,v2_modb_13
FA2D604B6,tt0095631,v2_modb_13
FA3FF49B2,tt0081505,v2_modb_13
FA4842777,tt0103074,v2_modb_13
FA4B6A7AF,tt0082334,v2_modb_13
FA4E51578,tt9214832,v2_modb_13
FA53830F4,tt0114558,v2_modb_13
FA5863E5D,tt0103939,v2_modb_13
FA5E03F1A,tt3076658,v2_modb_13
FA5EACD49,tt0190332,v2_modb_13
FA61C5EA8,tt0083033,v2_modb_13
FA62505EF,tt0105046,v2_modb_13
FA6356F86,tt10293406,v2_modb_13
FA646D767,tt0092099,v2_modb_13
FA65599EC,tt0099892,v2_modb_13
FA702BEB7,tt15301000,v2_modb_13
FA706748E,tt0091738,v2_modb_13
FA7D36358,tt0172495,v2_modb_13
FA7DA62CE,tt0120783,v2_modb_13
FA7EAE429,tt12610794,v2_modb_14
FA7ED3515,tt9620292,v2_modb_14
FA7F0CF8A,tt0107798,v2_modb_14
FA81E167F,tt0088814,v2_modb_14
FA8962400,tt1411238,v2_modb_14
FA8D289DE,tt0118655,v2_modb_14
FA8D5841C,tt1838544,v2_modb_14
FA8EB3E4B,tt0107818,v2_modb_14
FA93CC6B6,tt1488589,v2_modb_14
FA9454F4A,tt5308322,v2_modb_14
FA95DB3EA,tt10954652,v2_modb_14
FA9888E8F,tt1210166,v2_modb_14
FA9F69438,tt0143145,v2_modb_14
FAA6BFD9F,tt0867591,v2_modb_14
FAA765403,tt0884732,v2_modb_14
FAB08712E,tt0112642,v2_modb_14
FAB0977F4,tt1707386,v2_modb_14
FAB58896F,tt1007028,v2_modb_14
FAB89349F,tt4733624,v2_modb_14
FAB952232,tt0120863,v2_modb_14
FABA263AD,tt1155076,v2_modb_14
FABBF5245,tt0100436,v2_modb_14
FABCF47DD,tt0119008,v2_modb_14
FAC43289A,tt0099487,v2_modb_14
FACC8754A,tt0092007,v2_modb_14
FAD4E905B,tt0095956,v2_modb_14
FADCD6875,tt0252866,v2_modb_14
FADEF2B66,tt14636190,v2_modb_14
FAE112AF9,tt0116683,v2_modb_14
FAE63B361,tt0339291,v2_modb_14
FAEC2661E,tt0357413,v2_modb_14
FAF52E31F,tt15789038,v2_modb_14
FAF64FC86,tt21823606,v2_modb_14
FAF93C92B,tt5363618,v2_modb_14
FAFB401D5,tt0087892,v2_modb_14
FAFE0191A,tt26047818,v2_modb_14
FAFE8F9AE,tt11858890,v2_modb_14
FB00D2B76,tt0240890,v2_modb_14
FB02D7A00,tt14539740,v2_modb_14
FB0534C20,tt0095379,v2_modb_14
FB064942E,tt0102558,v2_modb_14
FB070A524,tt0110366,v2_modb_14
FB0916390,tt3065204,v2_modb_14
FB0F3E2A7,tt6673612,v2_modb_14
FB18B1B0C,tt2990140,v2_modb_14
FB1FD2DC0,tt7504818,v2_modb_14
FB29C4F83,tt6450804,v2_modb_14
FB2A091ED,tt0337592,v2_modb_14
FB2AB9767,tt0088170,v2_modb_14
FB3F4988F,tt0080360,v2_modb_14
FB3FF383B,tt1951265,v2_modb_15
FB4A29F5B,tt0160127,v2_modb_15
FB4EB96D6,tt0083791,v2_modb_15
FB4EF705A,tt0081184,v2_modb_15
FB51D4CE1,tt0084787,v2_modb_15
FB51EF229,tt0096071,v2_modb_15
FB549E5BA,tt2527338,v2_modb_15
FB5CF2D27,tt0100211,v2_modb_15
FB5E395DE,tt0116225,v2_modb_15
FB69EAB4E,tt0120616,v2_modb_15
FB6A82FEE,tt0330373,v2_modb_15
FB74D3E08,tt0086873,v2_modb_15
FB79C2626,tt0305224,v2_modb_15
FB7B22554,tt0352277,v2_modb_15
FB80B2C36,tt7133686,v2_modb_15
FB99C1493,tt0082329,v2_modb_15
FBA2EBDC1,tt1219827,v2_modb_15
FBAC23508,tt0092857,v2_modb_15
FBB4DC0A7,tt2788710,v2_modb_15
FBC98BF91,tt1517268,v2_modb_15
FBCC5D2D8,tt0098382,v2_modb_15
FBCE1274D,tt1365519,v2_modb_15
FBDD3200F,tt1051906,v2_modb_15
FBDF8A012,tt1068680,v2_modb_15
FBDFEDDDD,tt0118883,v2_modb_15
FBE5104EB,tt0363988,v2_modb_15
FBF06FE58,tt2170439,v2_modb_15
FBF0FD4DA,tt0099423,v2_modb_15
FBF2BA144,tt2406566,v2_modb_15
FBF6CDB1D,tt0092086,v2_modb_15
FC01D52D9,tt0093793,v2_modb_15
FC033F68F,tt0102510,v2_modb_15
FC0BC623C,tt10954600,v2_modb_15
FC0BCE3BF,tt0149261,v2_modb_15
FC0C44B5D,tt1950186,v2_modb_15
FC0DA57E9,tt0091949,v2_modb_15
FC0E8FEA9,tt1054631,v2_modb_15
FC10E25A1,tt0147800,v2_modb_15
FC10E84C5,tt18077924,v2_modb_15
FC10E99F4,tt0089155,v2_modb_15
FC16145CD,tt1646971,v2_modb_15
FC180DAE6,tt0115759,v2_modb_15
FC1941ED5,tt0277371,v2_modb_15
FC1956D9D,tt0089997,v2_modb_15
FC1B2B80D,tt9411972,v2_modb_15
FC1FE3B14,tt7689052,v2_modb_15
FC242C26F,tt4495098,v2_modb_15
FC257F38C,tt8936646,v2_modb_15
FC28014B8,tt0824747,v2_modb_15
FC2B3D588,tt0118894,v2_modb_15
FC2C1EC73,tt0093105,v2_modb_16
FC398736F,tt0104231,v2_modb_16
FC43A20C1,tt1135092,v2_modb_16
FC4405F7B,tt0109127,v2_modb_16
FC5C280BA,tt0095925,v2_modb_16
FC609380A,tt2005164,v2_modb_16
FC68B48C7,tt5109784,v2_modb_16
FC6B75FBC,tt21382296,v2_modb_16
FC6CDE436,tt0102492,v2_modb_16
FC6F18B22,tt3986420,v2_modb_16
FC727181E,tt0287978,v2_modb_16
FC7426E51,tt1446192,v2_modb_16
FC755FCC5,tt0094894,v2_modb_16
FC798717C,tt0081974,v2_modb_16
FC79A7A31,tt0096734,v2_modb_16
FC7FE7447,tt0389790,v2_modb_16
FC8A86B46,tt1375666,v2_modb_16
FC8BB802C,tt7395114,v2_modb_16
FC93F58AB,tt9114286,v2_modb_16
FC962CF31,tt0903624,v2_modb_16
FC96A5465,tt0884328,v2_modb_16
FC9B82FDF,tt4209788,v2_modb_16
FC9BBEB9A,tt5433140,v2_modb_16
FCA0718FD,tt1046173,v2_modb_16
FCA13DED3,tt0870154,v2_modb_16
FCA391C4B,tt4919268,v2_modb_16
FCA5A6E9D,tt0097880,v2_modb_16
FCA859868,tt0106364,v2_modb_16
FCA8CABA7,tt0107211,v2_modb_16
FCB344EB8,tt0758774,v2_modb_16
FCB5DD174,tt22048412,v2_modb_16
FCBF167B7,tt1462764,v2_modb_16
FCC495855,tt5971474,v2_modb_16
FCC818B73,tt13622970,v2_modb_16
FCC82FCC6,tt3581652,v2_modb_16
FCCC4E3AE,tt0109190,v2_modb_16
FCCDB518B,tt0101272,v2_modb_16
FCD3137CB,tt0089118,v2_modb_16
FCD982A53,tt0092675,v2_modb_16
FCDB48322,tt0101414,v2_modb_16
FCDDC9125,tt0187393,v2_modb_16
FCDFD096C,tt28015403,v2_modb_16
FCE034175,tt0100944,v2_modb_16
FCE3EAB00,tt0119396,v2_modb_16
FCEBD4B19,tt10676048,v2_modb_16
FCED54484,tt1144884,v2_modb_16
FCEF5842F,tt0383574,v2_modb_16
FCEF614DB,tt0115734,v2_modb_16
FCF18DABD,tt0091209,v2_modb_16
FD008DD81,tt0082418,v2_modb_16
FD0149B51,tt0454879,v2_modb_17
FD09824FA,tt0099462,v2_modb_17
FD133581F,tt0198386,v2_modb_17
FD16331FA,tt28607951,v2_modb_17
FD1772BCC,tt0245844,v2_modb_17
FD190B580,tt0083943,v2_modb_17
FD22E53CA,tt0258000,v2_modb_17
FD2B2993E,tt23561236,v2_modb_17
FD2B964A7,tt0088379,v2_modb_17
FD2CEF180,tt3480822,v2_modb_17
FD319A79E,tt14298328,v2_modb_17
FD3271B57,tt0082406,v2_modb_17
FD3313387,tt0496806,v2_modb_17
FD34EA0BA,tt0097778,v2_modb_17
FD377E127,tt0092848,v2_modb_17
FD38F823C,tt0787523,v2_modb_17
FD4B36497,tt0087313,v2_modb_17
FD4D84992,tt4520988,v2_modb_17
FD514E6DD,tt9893250,v2_modb_17
FD561084A,tt0398286,v2_modb_17
FD59BDDFE,tt0095178,v2_modb_17
FD620A392,tt0449018,v2_modb_17
FD64796E7,tt1300854,v2_modb_17
FD67E1307,tt1485796,v2_modb_17
FD691CC27,tt5606664,v2_modb_17
FD6AC58DA,tt0441773,v2_modb_17
FD6E18A25,tt0158983,v2_modb_17
FD7020BD8,tt0443706,v2_modb_17
FD730D8B1,tt0263265,v2_modb_17
FD7582803,tt8367814,v2_modb_17
FD8DA237F,tt3521164,v2_modb_17
FD8EE17C6,tt0088117,v2_modb_17
FD8F69290,tt0099763,v2_modb_17
FD9A6F76C,tt1247690,v2_modb_17
FD9CC48A8,tt2222042,v2_modb_17
FDA18B608,tt0250687,v2_modb_17
FDA59C76F,tt0116365,v2_modb_17
FDA7A8E55,tt1308748,v2_modb_17
FDAB61437,tt10059518,v2_modb_17
FDAD05033,tt0080455,v2_modb_17
FDB0A3A67,tt13320622,v2_modb_17
FDB147806,tt0090264,v2_modb_17
FDB94920E,tt0373889,v2_modb_17
FDBA0000D,tt0431308,v2_modb_17
FDC6D077F,tt0234137,v2_modb_17
FDC808FEB,tt0489270,v2_modb_17
FDCC18F1B,tt0100258,v2_modb_17
FDCFB1AF0,tt0081283,v2_modb_17
FDCFC5DF4,tt0088680,v2_modb_17
FDD0B5BBA,tt16366836,v2_modb_17
FDD8E6127,tt1291584,v2_modb_18
FDDA259A7,tt0119468,v2_modb_18
FDDA89E3C,tt0120667,v2_modb_18
FDDF3EA25,tt9770150,v2_modb_18
FDE58C65C,tt0081568,v2_modb_18
FDEC5735D,tt0251075,v2_modb_18
FDEE03320,tt19770238,v2_modb_18
FDEE17A9A,tt9376612,v2_modb_18
FDEED5A3D,tt0112368,v2_modb_18
FDF32D070,tt26545708,v2_modb_18
FDF5EADC0,tt0800080,v2_modb_18
FDF669402,tt0439572,v2_modb_18
FDF67FE3D,tt1392170,v2_modb_18
FDF7021D0,tt0091635,v2_modb_18
FDF8678EB,tt3682448,v2_modb_18
FDFF82B58,tt1172991,v2_modb_18
FE0405163,tt0120257,v2_modb_18
FE0C5A04B,tt3212232,v2_modb_18
FE131D8B9,tt3228774,v2_modb_18
FE14E1DE2,tt0091877,v2_modb_18
FE152037F,tt0120738,v2_modb_18
FE1D144C4,tt0373469,v2_modb_18
FE1E118E1,tt0096171,v2_modb_18
FE212217F,tt0246578,v2_modb_18
FE216B7D1,tt0099871,v2_modb_18
FE280FAB5,tt15374070,v2_modb_18
FE28E8BDF,tt0317219,v2_modb_18
FE2B5CFE0,tt0938283,v2_modb_18
FE3010F86,tt0465494,v2_modb_18
FE301861F,tt1823672,v2_modb_18
FE3CCA33A,tt0290002,v2_modb_18
FE3D983A3,tt1091191,v2_modb_18
FE528678E,tt0128445,v2_modb_18
FE5B605D7,tt0097216,v2_modb_18
FE5DEF83B,tt0104431,v2_modb_18
FE5DF722C,tt1259528,v2_modb_18
FE62AE069,tt13889602,v2_modb_18
FE67809EC,tt0111701,v2_modb_18
FE6DF5248,tt3460252,v2_modb_18
FE711D5EB,tt0092699,v2_modb_18
FE71A7B42,tt1800241,v2_modb_18
FE7BF2DF6,tt5033998,v2_modb_18
FE88C5027,tt0959337,v2_modb_18
FE94B93F3,tt0084021,v2_modb_18
FE96771F6,tt16277242,v2_modb_18
FE9EB381E,tt0099005,v2_modb_18
FE9FDFF9D,tt3469046,v2_modb_18
FEA5AC52E,tt2267968,v2_modb_18
FEA885295,tt0910970,v2_modb_18
FEABF2B51,tt0119738,v2_modb_18
FEB1E454B,tt0088258,v2_modb_19
FEB56CC74,tt1663202,v2_modb_19
FEB6051E9,tt0277296,v2_modb_19
FEB80F6E4,tt0362270,v2_modb_19
FEB8D0D55,tt5519340,v2_modb_19
FEBD24966,tt0112760,v2_modb_19
FEBDAB502,tt0384686,v2_modb_19
FEBE3213E,tt0116277,v2_modb_19
FEBEFCD94,tt0110322,v2_modb_19
FEC9CF154,tt8760708,v2_modb_19
FED233C7A,tt6862538,v2_modb_19
FED517FB5,tt1320253,v2_modb_19
FED5C4F31,tt12584954,v2_modb_19
FED6E5888,tt2294449,v2_modb_19
FED818595,tt0081573,v2_modb_19
FEE360181,tt15791034,v2_modb_19
FEE363EBC,tt9663764,v2_modb_19
FEE83CC69,tt2798920,v2_modb_19
FEEA4321E,tt0091338,v2_modb_19
FEF68BD90,tt0246460,v2_modb_19
FEF9923E0,tt0115641,v2_modb_19
FEFF3FB12,tt0319343,v2_modb_19
FF04C99B6,tt0104940,v2_modb_19
FF0C4986C,tt0092005,v2_modb_19
FF0C710F3,tt14858658,v2_modb_19
FF0D53D57,tt0086525,v2_modb_19
FF19AE61E,tt0104070,v2_modb_19
FF1D070A0,tt0272338,v2_modb_19
FF237F98B,tt0177971,v2_modb_19
FF24D0D4A,tt5814060,v2_modb_19
FF24E430D,tt0286716,v2_modb_19
FF257C544,tt0458339,v2_modb_19
FF2747B09,tt1504403,v2_modb_19
FF2B3FD32,tt7939766,v2_modb_19
FF2D15A23,tt4411596,v2_modb_19
FF329F1B5,tt1840309,v2_modb_19
FF35A99E8,tt0814255,v2_modb_19
FF3A86E52,tt0085794,v2_modb_19
FF3EC5C08,tt7740496,v2_modb_19
FF3F91E02,tt0087800,v2_modb_19
FF429E287,tt0085970,v2_modb_19
FF46B5DAA,tt0114898,v2_modb_19
FF491604D,tt3741834,v2_modb_19
FF4D0C8F9,tt0988045,v2_modb_19
FF5788842,tt0181689,v2_modb_19
FF5C2CA2F,tt1659337,v2_modb_19
FF656319E,tt0093886,v2_modb_19
FF6E39842,tt0814314,v2_modb_19
FF6FE5742,tt0110357,v2_modb_19
FF7DBA258,tt0102685,v2_modb_19
FF7E83C6C,tt0090966,v2_modb_20
FF8015618,tt0243155,v2_modb_20
FF80FBD7B,tt0482599,v2_modb_20
FF84CF18E,tt1570728,v2_modb_20
FF8570590,tt0409459,v2_modb_20
FF8F218B6,tt0168501,v2_modb_20
FF9CEFC07,tt8097030,v2_modb_20
FF9D979B3,tt10954984,v2_modb_20
FFA3EC277,tt0089469,v2_modb_20
FFA6FBED5,tt14516188,v2_modb_20
FFA70EA50,tt0227538,v2_modb_20
FFA9F6E86,tt0080684,v2_modb_20
FFAA209D5,tt0090887,v2_modb_20
FFAAE1B0D,tt2179136,v2_modb_20
FFABED072,tt7131622,v2_modb_20
FFACDD730,tt0838233,v2_modb_20
FFADFF6EE,tt0083739,v2_modb_20
FFAF7175A,tt1905041,v2_modb_20
FFAF9D3D0,tt0097428,v2_modb_20
FFAFF6F56,tt0080749,v2_modb_20
FFB565573,tt11866324,v2_modb_20
FFB6577ED,tt11628854,v2_modb_20
FFB9AEDE5,tt7638348,v2_modb_20
FFBAD093E,tt0479528,v2_modb_20
FFBCE6B8A,tt0102011,v2_modb_20
FFCA1B8D0,tt7550000,v2_modb_20
FFCCE686C,tt0110978,v2_modb_20
FFCE14C3F,tt0112722,v2_modb_20
FFCFCEA72,tt1121786,v2_modb_20
FFD0B0B4E,tt0100419,v2_modb_20
FFD8FCF2D,tt0120689,v2_modb_20
FFDBF66C6,tt0119125,v2_modb_20
FFDCAE2FF,tt0292506,v2_modb_20
FFE02540E,tt2395427,v2_modb_20
FFE75A7AC,tt0914798,v2_modb_20
FFE96EE95,tt0087062,v2_modb_20
FFEACDD1E,tt2908446,v2_modb_20
FFF1D6108,tt0090180,v2_modb_20
FFF38186A,tt0096332,v2_modb_20
FFF41725D,tt11271038,v2_modb_20
FFF6B3953,tt0120383,v2_modb_20
FFFA5DBB0,tt8847712,v2_modb_20
FFFB54958,tt0113749,v2_modb_20
FFFB54A86,tt0084370,v2_modb_20
